,comp,review&rating
0,4.5 out of 5 stars.,"4 product ratings
- 19"" 5-Wire Touchscreen LCD VGA 19 inch Touch Screen Monitor POS USA Seller"
1,5.0 out of 5 stars.,"5 product ratings
- Dell 1907FPVT LCD Monitor"
2,5.0 out of 5 stars.,"1 product rating
- HP 3UA74AA 27 YH 27 inch LED Backlit IPS Monitor with 1920 x 1080 Full HD NEW"
3,4.5 out of 5 stars.,"5 product ratings
- LG 24"" IPS LED FHD Monitor 1920 x 1080 FreeSync Black 24ML44B-B"
4,4.0 out of 5 stars.,"5 product ratings
- LG 24"" UltraGear FHD 144Hz 1ms Gaming Monitor with FreeSync"
5,4.5 out of 5 stars.,"28 product ratings
- Samsung Syncmaster 930B LCD Monitor 19” Inch Computer DVI"
6,5.0 out of 5 stars.,"3 product ratings
- ASUS VS248H-P 24"" 2ms HDMI Widescreen LED Backlight LCD Monitor Tested Working"
7,5.0 out of 5 stars.,"2 product ratings
- Planar PLN2200 21.5"" 16:9 Full HD LED LCD Monitor HDMI VGA 1080P 998-1329-00"
8,4.5 out of 5 stars.,"14 product ratings
- DELL Professional 23.8-Inch Screen LED-lit Monitor (P2417H) USED GRADE B"
9,5.0 out of 5 stars.,"17 product ratings
- Dell P2214H 22"" Widescreen IPS LED LCD Monitor FHD 1920x1080 DVI DP VGA Grade B"
10,5.0 out of 5 stars.,"1 product rating
- AVOCENT 1085 17"" KVM Rackmount Console LCD Monitor P/N: ECS17KMM-001 w/ Rails"
11,5.0 out of 5 stars.,"1 product rating
- Dell E2420HS 24"" LED LCD 1080p Monitor - Black"
12,5.0 out of 5 stars.,"2 product ratings
- Dell E2011H 20"" LED Backlit 1600x900 16:9 VGA DVI Monitor Grade B (Monitor Only)"
13,4.5 out of 5 stars.,"29 product ratings
- HP Pavilion 22cwa 21.5-Inch Full HD 1080p IPS LED Monitor, Tilt, VGA and HDMI -"
14,4.5 out of 5 stars.,"43 product ratings
- 32"" Dell D3218HN FullHD 1920x1080 VGA HDMI White Monitor"
15,5.0 out of 5 stars.,"5 product ratings
- Lenovo L2364A LED Backlit 23"" LCD Flat Screen Panel Monitor 1920 X 1080"
16,4.5 out of 5 stars.,"3 product ratings
- Dell E193FPP LCD Monitor With Stand"
17,5.0 out of 5 stars.,"2 product ratings
- LG 27GN850-B UltraGear 27"" IPS LED QHD FreeSync and G-SYNC Monitor"
18,5.0 out of 5 stars.,"1 product rating
- Dell Professional P2412H 24"" 1920x1080 LED LCD Monitor ONLY DVI VGA USB -Grade B"
19,4.0 out of 5 stars.,"1 product rating
- Dell - S2721HGF 27"" 144Hz 4Ms Curved LED QHD G-SYNC Gaming Computer Monitor"
20,5.0 out of 5 stars.,"9 product ratings
- Samsung LC24F392 24 inch 1080p Curved LED Monitor (has a line upper)"
21,5.0 out of 5 stars.,"14 product ratings
- Dell Ultrsharp 1909W 19"" 1440x900 16:10 TFT LCD Widescreen Monitor ONLY -GradeB"
22,5.0 out of 5 stars.,"1 product rating
- Samsung T55 27"" VA LCD Curved Monitor - Dark Blue Gray C27T550FDN"
23,5.0 out of 5 stars.,"74 product ratings
- Apple LED Cinema Display A1267 24"" Widescreen Monitor READ LISTING"
24,4.0 out of 5 stars.,"2 product ratings
- Gateway LP2417 HD 1080P 3ms Response LCD Monitor 1920x1200 4 USB HDMI"
25,5.0 out of 5 stars.,"9 product ratings
- Onn. VGA HDMI 60hz FHD Slim Design Monitor, 1080p, 24"""
26,4.5 out of 5 stars.,"4 product ratings
- 19"" 5-Wire Touchscreen LCD VGA 19 inch Touch Screen Monitor POS USA Seller"
27,5.0 out of 5 stars.,"5 product ratings
- Dell 1907FPVT LCD Monitor"
28,5.0 out of 5 stars.,"1 product rating
- HP 3UA74AA 27 YH 27 inch LED Backlit IPS Monitor with 1920 x 1080 Full HD NEW"
29,4.5 out of 5 stars.,"5 product ratings
- LG 24"" IPS LED FHD Monitor 1920 x 1080 FreeSync Black 24ML44B-B"
30,4.0 out of 5 stars.,"5 product ratings
- LG 24"" UltraGear FHD 144Hz 1ms Gaming Monitor with FreeSync"
31,4.5 out of 5 stars.,"28 product ratings
- Samsung Syncmaster 930B LCD Monitor 19” Inch Computer DVI"
32,5.0 out of 5 stars.,"3 product ratings
- ASUS VS248H-P 24"" 2ms HDMI Widescreen LED Backlight LCD Monitor Tested Working"
33,5.0 out of 5 stars.,"2 product ratings
- Planar PLN2200 21.5"" 16:9 Full HD LED LCD Monitor HDMI VGA 1080P 998-1329-00"
34,4.5 out of 5 stars.,"14 product ratings
- DELL Professional 23.8-Inch Screen LED-lit Monitor (P2417H) USED GRADE B"
35,5.0 out of 5 stars.,"17 product ratings
- Dell P2214H 22"" Widescreen IPS LED LCD Monitor FHD 1920x1080 DVI DP VGA Grade B"
36,5.0 out of 5 stars.,"1 product rating
- AVOCENT 1085 17"" KVM Rackmount Console LCD Monitor P/N: ECS17KMM-001 w/ Rails"
37,5.0 out of 5 stars.,"1 product rating
- Dell E2420HS 24"" LED LCD 1080p Monitor - Black"
38,5.0 out of 5 stars.,"2 product ratings
- Dell E2011H 20"" LED Backlit 1600x900 16:9 VGA DVI Monitor Grade B (Monitor Only)"
39,4.5 out of 5 stars.,"29 product ratings
- HP Pavilion 22cwa 21.5-Inch Full HD 1080p IPS LED Monitor, Tilt, VGA and HDMI -"
40,4.5 out of 5 stars.,"43 product ratings
- 32"" Dell D3218HN FullHD 1920x1080 VGA HDMI White Monitor"
41,5.0 out of 5 stars.,"5 product ratings
- Lenovo L2364A LED Backlit 23"" LCD Flat Screen Panel Monitor 1920 X 1080"
42,4.5 out of 5 stars.,"3 product ratings
- Dell E193FPP LCD Monitor With Stand"
43,5.0 out of 5 stars.,"2 product ratings
- LG 27GN850-B UltraGear 27"" IPS LED QHD FreeSync and G-SYNC Monitor"
44,5.0 out of 5 stars.,"1 product rating
- Dell Professional P2412H 24"" 1920x1080 LED LCD Monitor ONLY DVI VGA USB -Grade B"
45,4.0 out of 5 stars.,"1 product rating
- Dell - S2721HGF 27"" 144Hz 4Ms Curved LED QHD G-SYNC Gaming Computer Monitor"
46,5.0 out of 5 stars.,"9 product ratings
- Samsung LC24F392 24 inch 1080p Curved LED Monitor (has a line upper)"
47,5.0 out of 5 stars.,"14 product ratings
- Dell Ultrsharp 1909W 19"" 1440x900 16:10 TFT LCD Widescreen Monitor ONLY -GradeB"
48,5.0 out of 5 stars.,"1 product rating
- Samsung T55 27"" VA LCD Curved Monitor - Dark Blue Gray C27T550FDN"
49,5.0 out of 5 stars.,"74 product ratings
- Apple LED Cinema Display A1267 24"" Widescreen Monitor READ LISTING"
50,4.0 out of 5 stars.,"2 product ratings
- Gateway LP2417 HD 1080P 3ms Response LCD Monitor 1920x1200 4 USB HDMI"
51,5.0 out of 5 stars.,"9 product ratings
- Onn. VGA HDMI 60hz FHD Slim Design Monitor, 1080p, 24"""
52,4.5 out of 5 stars.,"4 product ratings
- 19"" 5-Wire Touchscreen LCD VGA 19 inch Touch Screen Monitor POS USA Seller"
53,5.0 out of 5 stars.,"5 product ratings
- Dell 1907FPVT LCD Monitor"
54,5.0 out of 5 stars.,"1 product rating
- HP 3UA74AA 27 YH 27 inch LED Backlit IPS Monitor with 1920 x 1080 Full HD NEW"
55,4.5 out of 5 stars.,"5 product ratings
- LG 24"" IPS LED FHD Monitor 1920 x 1080 FreeSync Black 24ML44B-B"
56,4.0 out of 5 stars.,"5 product ratings
- LG 24"" UltraGear FHD 144Hz 1ms Gaming Monitor with FreeSync"
57,4.5 out of 5 stars.,"28 product ratings
- Samsung Syncmaster 930B LCD Monitor 19” Inch Computer DVI"
58,5.0 out of 5 stars.,"3 product ratings
- ASUS VS248H-P 24"" 2ms HDMI Widescreen LED Backlight LCD Monitor Tested Working"
59,5.0 out of 5 stars.,"2 product ratings
- Planar PLN2200 21.5"" 16:9 Full HD LED LCD Monitor HDMI VGA 1080P 998-1329-00"
60,4.5 out of 5 stars.,"14 product ratings
- DELL Professional 23.8-Inch Screen LED-lit Monitor (P2417H) USED GRADE B"
61,5.0 out of 5 stars.,"17 product ratings
- Dell P2214H 22"" Widescreen IPS LED LCD Monitor FHD 1920x1080 DVI DP VGA Grade B"
62,5.0 out of 5 stars.,"1 product rating
- AVOCENT 1085 17"" KVM Rackmount Console LCD Monitor P/N: ECS17KMM-001 w/ Rails"
63,5.0 out of 5 stars.,"1 product rating
- Dell E2420HS 24"" LED LCD 1080p Monitor - Black"
64,5.0 out of 5 stars.,"2 product ratings
- Dell E2011H 20"" LED Backlit 1600x900 16:9 VGA DVI Monitor Grade B (Monitor Only)"
65,4.5 out of 5 stars.,"29 product ratings
- HP Pavilion 22cwa 21.5-Inch Full HD 1080p IPS LED Monitor, Tilt, VGA and HDMI -"
66,4.5 out of 5 stars.,"43 product ratings
- 32"" Dell D3218HN FullHD 1920x1080 VGA HDMI White Monitor"
67,5.0 out of 5 stars.,"5 product ratings
- Lenovo L2364A LED Backlit 23"" LCD Flat Screen Panel Monitor 1920 X 1080"
68,4.5 out of 5 stars.,"3 product ratings
- Dell E193FPP LCD Monitor With Stand"
69,5.0 out of 5 stars.,"2 product ratings
- LG 27GN850-B UltraGear 27"" IPS LED QHD FreeSync and G-SYNC Monitor"
70,5.0 out of 5 stars.,"1 product rating
- Dell Professional P2412H 24"" 1920x1080 LED LCD Monitor ONLY DVI VGA USB -Grade B"
71,4.0 out of 5 stars.,"1 product rating
- Dell - S2721HGF 27"" 144Hz 4Ms Curved LED QHD G-SYNC Gaming Computer Monitor"
72,5.0 out of 5 stars.,"9 product ratings
- Samsung LC24F392 24 inch 1080p Curved LED Monitor (has a line upper)"
73,5.0 out of 5 stars.,"14 product ratings
- Dell Ultrsharp 1909W 19"" 1440x900 16:10 TFT LCD Widescreen Monitor ONLY -GradeB"
74,5.0 out of 5 stars.,"1 product rating
- Samsung T55 27"" VA LCD Curved Monitor - Dark Blue Gray C27T550FDN"
75,5.0 out of 5 stars.,"74 product ratings
- Apple LED Cinema Display A1267 24"" Widescreen Monitor READ LISTING"
76,4.0 out of 5 stars.,"2 product ratings
- Gateway LP2417 HD 1080P 3ms Response LCD Monitor 1920x1200 4 USB HDMI"
77,5.0 out of 5 stars.,"9 product ratings
- Onn. VGA HDMI 60hz FHD Slim Design Monitor, 1080p, 24"""
78,4.5 out of 5 stars.,"4 product ratings
- 19"" 5-Wire Touchscreen LCD VGA 19 inch Touch Screen Monitor POS USA Seller"
79,5.0 out of 5 stars.,"5 product ratings
- Dell 1907FPVT LCD Monitor"
80,5.0 out of 5 stars.,"1 product rating
- HP 3UA74AA 27 YH 27 inch LED Backlit IPS Monitor with 1920 x 1080 Full HD NEW"
81,4.5 out of 5 stars.,"5 product ratings
- LG 24"" IPS LED FHD Monitor 1920 x 1080 FreeSync Black 24ML44B-B"
82,4.0 out of 5 stars.,"5 product ratings
- LG 24"" UltraGear FHD 144Hz 1ms Gaming Monitor with FreeSync"
83,4.5 out of 5 stars.,"28 product ratings
- Samsung Syncmaster 930B LCD Monitor 19” Inch Computer DVI"
84,5.0 out of 5 stars.,"3 product ratings
- ASUS VS248H-P 24"" 2ms HDMI Widescreen LED Backlight LCD Monitor Tested Working"
85,5.0 out of 5 stars.,"2 product ratings
- Planar PLN2200 21.5"" 16:9 Full HD LED LCD Monitor HDMI VGA 1080P 998-1329-00"
86,4.5 out of 5 stars.,"14 product ratings
- DELL Professional 23.8-Inch Screen LED-lit Monitor (P2417H) USED GRADE B"
87,5.0 out of 5 stars.,"17 product ratings
- Dell P2214H 22"" Widescreen IPS LED LCD Monitor FHD 1920x1080 DVI DP VGA Grade B"
88,5.0 out of 5 stars.,"1 product rating
- AVOCENT 1085 17"" KVM Rackmount Console LCD Monitor P/N: ECS17KMM-001 w/ Rails"
89,5.0 out of 5 stars.,"1 product rating
- Dell E2420HS 24"" LED LCD 1080p Monitor - Black"
90,5.0 out of 5 stars.,"2 product ratings
- Dell E2011H 20"" LED Backlit 1600x900 16:9 VGA DVI Monitor Grade B (Monitor Only)"
91,4.5 out of 5 stars.,"29 product ratings
- HP Pavilion 22cwa 21.5-Inch Full HD 1080p IPS LED Monitor, Tilt, VGA and HDMI -"
92,4.5 out of 5 stars.,"43 product ratings
- 32"" Dell D3218HN FullHD 1920x1080 VGA HDMI White Monitor"
93,5.0 out of 5 stars.,"5 product ratings
- Lenovo L2364A LED Backlit 23"" LCD Flat Screen Panel Monitor 1920 X 1080"
94,4.5 out of 5 stars.,"3 product ratings
- Dell E193FPP LCD Monitor With Stand"
95,5.0 out of 5 stars.,"2 product ratings
- LG 27GN850-B UltraGear 27"" IPS LED QHD FreeSync and G-SYNC Monitor"
96,5.0 out of 5 stars.,"1 product rating
- Dell Professional P2412H 24"" 1920x1080 LED LCD Monitor ONLY DVI VGA USB -Grade B"
97,4.0 out of 5 stars.,"1 product rating
- Dell - S2721HGF 27"" 144Hz 4Ms Curved LED QHD G-SYNC Gaming Computer Monitor"
98,5.0 out of 5 stars.,"9 product ratings
- Samsung LC24F392 24 inch 1080p Curved LED Monitor (has a line upper)"
99,5.0 out of 5 stars.,"14 product ratings
- Dell Ultrsharp 1909W 19"" 1440x900 16:10 TFT LCD Widescreen Monitor ONLY -GradeB"
100,5.0 out of 5 stars.,"1 product rating
- Samsung T55 27"" VA LCD Curved Monitor - Dark Blue Gray C27T550FDN"
101,5.0 out of 5 stars.,"74 product ratings
- Apple LED Cinema Display A1267 24"" Widescreen Monitor READ LISTING"
102,4.0 out of 5 stars.,"2 product ratings
- Gateway LP2417 HD 1080P 3ms Response LCD Monitor 1920x1200 4 USB HDMI"
103,5.0 out of 5 stars.,"9 product ratings
- Onn. VGA HDMI 60hz FHD Slim Design Monitor, 1080p, 24"""
104,4.5 out of 5 stars.,"4 product ratings
- 19"" 5-Wire Touchscreen LCD VGA 19 inch Touch Screen Monitor POS USA Seller"
105,5.0 out of 5 stars.,"5 product ratings
- Dell 1907FPVT LCD Monitor"
106,5.0 out of 5 stars.,"1 product rating
- HP 3UA74AA 27 YH 27 inch LED Backlit IPS Monitor with 1920 x 1080 Full HD NEW"
107,4.5 out of 5 stars.,"5 product ratings
- LG 24"" IPS LED FHD Monitor 1920 x 1080 FreeSync Black 24ML44B-B"
108,4.0 out of 5 stars.,"5 product ratings
- LG 24"" UltraGear FHD 144Hz 1ms Gaming Monitor with FreeSync"
109,4.5 out of 5 stars.,"28 product ratings
- Samsung Syncmaster 930B LCD Monitor 19” Inch Computer DVI"
110,5.0 out of 5 stars.,"3 product ratings
- ASUS VS248H-P 24"" 2ms HDMI Widescreen LED Backlight LCD Monitor Tested Working"
111,5.0 out of 5 stars.,"2 product ratings
- Planar PLN2200 21.5"" 16:9 Full HD LED LCD Monitor HDMI VGA 1080P 998-1329-00"
112,4.5 out of 5 stars.,"14 product ratings
- DELL Professional 23.8-Inch Screen LED-lit Monitor (P2417H) USED GRADE B"
113,5.0 out of 5 stars.,"17 product ratings
- Dell P2214H 22"" Widescreen IPS LED LCD Monitor FHD 1920x1080 DVI DP VGA Grade B"
114,5.0 out of 5 stars.,"1 product rating
- AVOCENT 1085 17"" KVM Rackmount Console LCD Monitor P/N: ECS17KMM-001 w/ Rails"
115,5.0 out of 5 stars.,"1 product rating
- Dell E2420HS 24"" LED LCD 1080p Monitor - Black"
116,5.0 out of 5 stars.,"2 product ratings
- Dell E2011H 20"" LED Backlit 1600x900 16:9 VGA DVI Monitor Grade B (Monitor Only)"
117,4.5 out of 5 stars.,"29 product ratings
- HP Pavilion 22cwa 21.5-Inch Full HD 1080p IPS LED Monitor, Tilt, VGA and HDMI -"
118,4.5 out of 5 stars.,"43 product ratings
- 32"" Dell D3218HN FullHD 1920x1080 VGA HDMI White Monitor"
119,5.0 out of 5 stars.,"5 product ratings
- Lenovo L2364A LED Backlit 23"" LCD Flat Screen Panel Monitor 1920 X 1080"
120,4.5 out of 5 stars.,"3 product ratings
- Dell E193FPP LCD Monitor With Stand"
121,5.0 out of 5 stars.,"2 product ratings
- LG 27GN850-B UltraGear 27"" IPS LED QHD FreeSync and G-SYNC Monitor"
122,5.0 out of 5 stars.,"1 product rating
- Dell Professional P2412H 24"" 1920x1080 LED LCD Monitor ONLY DVI VGA USB -Grade B"
123,4.0 out of 5 stars.,"1 product rating
- Dell - S2721HGF 27"" 144Hz 4Ms Curved LED QHD G-SYNC Gaming Computer Monitor"
124,5.0 out of 5 stars.,"9 product ratings
- Samsung LC24F392 24 inch 1080p Curved LED Monitor (has a line upper)"
125,5.0 out of 5 stars.,"14 product ratings
- Dell Ultrsharp 1909W 19"" 1440x900 16:10 TFT LCD Widescreen Monitor ONLY -GradeB"
126,5.0 out of 5 stars.,"1 product rating
- Samsung T55 27"" VA LCD Curved Monitor - Dark Blue Gray C27T550FDN"
127,5.0 out of 5 stars.,"74 product ratings
- Apple LED Cinema Display A1267 24"" Widescreen Monitor READ LISTING"
128,4.0 out of 5 stars.,"2 product ratings
- Gateway LP2417 HD 1080P 3ms Response LCD Monitor 1920x1200 4 USB HDMI"
129,5.0 out of 5 stars.,"9 product ratings
- Onn. VGA HDMI 60hz FHD Slim Design Monitor, 1080p, 24"""
130,4.5 out of 5 stars.,"4 product ratings
- 19"" 5-Wire Touchscreen LCD VGA 19 inch Touch Screen Monitor POS USA Seller"
131,5.0 out of 5 stars.,"5 product ratings
- Dell 1907FPVT LCD Monitor"
132,5.0 out of 5 stars.,"1 product rating
- HP 3UA74AA 27 YH 27 inch LED Backlit IPS Monitor with 1920 x 1080 Full HD NEW"
133,4.5 out of 5 stars.,"5 product ratings
- LG 24"" IPS LED FHD Monitor 1920 x 1080 FreeSync Black 24ML44B-B"
134,4.0 out of 5 stars.,"5 product ratings
- LG 24"" UltraGear FHD 144Hz 1ms Gaming Monitor with FreeSync"
135,4.5 out of 5 stars.,"28 product ratings
- Samsung Syncmaster 930B LCD Monitor 19” Inch Computer DVI"
136,5.0 out of 5 stars.,"3 product ratings
- ASUS VS248H-P 24"" 2ms HDMI Widescreen LED Backlight LCD Monitor Tested Working"
137,5.0 out of 5 stars.,"2 product ratings
- Planar PLN2200 21.5"" 16:9 Full HD LED LCD Monitor HDMI VGA 1080P 998-1329-00"
138,4.5 out of 5 stars.,"14 product ratings
- DELL Professional 23.8-Inch Screen LED-lit Monitor (P2417H) USED GRADE B"
139,5.0 out of 5 stars.,"17 product ratings
- Dell P2214H 22"" Widescreen IPS LED LCD Monitor FHD 1920x1080 DVI DP VGA Grade B"
140,5.0 out of 5 stars.,"1 product rating
- AVOCENT 1085 17"" KVM Rackmount Console LCD Monitor P/N: ECS17KMM-001 w/ Rails"
141,5.0 out of 5 stars.,"1 product rating
- Dell E2420HS 24"" LED LCD 1080p Monitor - Black"
142,5.0 out of 5 stars.,"2 product ratings
- Dell E2011H 20"" LED Backlit 1600x900 16:9 VGA DVI Monitor Grade B (Monitor Only)"
143,4.5 out of 5 stars.,"29 product ratings
- HP Pavilion 22cwa 21.5-Inch Full HD 1080p IPS LED Monitor, Tilt, VGA and HDMI -"
144,4.5 out of 5 stars.,"43 product ratings
- 32"" Dell D3218HN FullHD 1920x1080 VGA HDMI White Monitor"
145,5.0 out of 5 stars.,"5 product ratings
- Lenovo L2364A LED Backlit 23"" LCD Flat Screen Panel Monitor 1920 X 1080"
146,4.5 out of 5 stars.,"3 product ratings
- Dell E193FPP LCD Monitor With Stand"
147,5.0 out of 5 stars.,"2 product ratings
- LG 27GN850-B UltraGear 27"" IPS LED QHD FreeSync and G-SYNC Monitor"
148,5.0 out of 5 stars.,"1 product rating
- Dell Professional P2412H 24"" 1920x1080 LED LCD Monitor ONLY DVI VGA USB -Grade B"
149,4.0 out of 5 stars.,"1 product rating
- Dell - S2721HGF 27"" 144Hz 4Ms Curved LED QHD G-SYNC Gaming Computer Monitor"
150,5.0 out of 5 stars.,"9 product ratings
- Samsung LC24F392 24 inch 1080p Curved LED Monitor (has a line upper)"
151,5.0 out of 5 stars.,"14 product ratings
- Dell Ultrsharp 1909W 19"" 1440x900 16:10 TFT LCD Widescreen Monitor ONLY -GradeB"
152,5.0 out of 5 stars.,"1 product rating
- Samsung T55 27"" VA LCD Curved Monitor - Dark Blue Gray C27T550FDN"
153,5.0 out of 5 stars.,"74 product ratings
- Apple LED Cinema Display A1267 24"" Widescreen Monitor READ LISTING"
154,4.0 out of 5 stars.,"2 product ratings
- Gateway LP2417 HD 1080P 3ms Response LCD Monitor 1920x1200 4 USB HDMI"
155,5.0 out of 5 stars.,"9 product ratings
- Onn. VGA HDMI 60hz FHD Slim Design Monitor, 1080p, 24"""
156,4.5 out of 5 stars.,"4 product ratings
- 19"" 5-Wire Touchscreen LCD VGA 19 inch Touch Screen Monitor POS USA Seller"
157,5.0 out of 5 stars.,"5 product ratings
- Dell 1907FPVT LCD Monitor"
158,5.0 out of 5 stars.,"1 product rating
- HP 3UA74AA 27 YH 27 inch LED Backlit IPS Monitor with 1920 x 1080 Full HD NEW"
159,4.5 out of 5 stars.,"5 product ratings
- LG 24"" IPS LED FHD Monitor 1920 x 1080 FreeSync Black 24ML44B-B"
160,4.0 out of 5 stars.,"5 product ratings
- LG 24"" UltraGear FHD 144Hz 1ms Gaming Monitor with FreeSync"
161,4.5 out of 5 stars.,"28 product ratings
- Samsung Syncmaster 930B LCD Monitor 19” Inch Computer DVI"
162,5.0 out of 5 stars.,"3 product ratings
- ASUS VS248H-P 24"" 2ms HDMI Widescreen LED Backlight LCD Monitor Tested Working"
163,5.0 out of 5 stars.,"2 product ratings
- Planar PLN2200 21.5"" 16:9 Full HD LED LCD Monitor HDMI VGA 1080P 998-1329-00"
164,4.5 out of 5 stars.,"14 product ratings
- DELL Professional 23.8-Inch Screen LED-lit Monitor (P2417H) USED GRADE B"
165,5.0 out of 5 stars.,"17 product ratings
- Dell P2214H 22"" Widescreen IPS LED LCD Monitor FHD 1920x1080 DVI DP VGA Grade B"
166,5.0 out of 5 stars.,"1 product rating
- AVOCENT 1085 17"" KVM Rackmount Console LCD Monitor P/N: ECS17KMM-001 w/ Rails"
167,5.0 out of 5 stars.,"1 product rating
- Dell E2420HS 24"" LED LCD 1080p Monitor - Black"
168,5.0 out of 5 stars.,"2 product ratings
- Dell E2011H 20"" LED Backlit 1600x900 16:9 VGA DVI Monitor Grade B (Monitor Only)"
169,4.5 out of 5 stars.,"29 product ratings
- HP Pavilion 22cwa 21.5-Inch Full HD 1080p IPS LED Monitor, Tilt, VGA and HDMI -"
170,4.5 out of 5 stars.,"43 product ratings
- 32"" Dell D3218HN FullHD 1920x1080 VGA HDMI White Monitor"
171,5.0 out of 5 stars.,"5 product ratings
- Lenovo L2364A LED Backlit 23"" LCD Flat Screen Panel Monitor 1920 X 1080"
172,4.5 out of 5 stars.,"3 product ratings
- Dell E193FPP LCD Monitor With Stand"
173,5.0 out of 5 stars.,"2 product ratings
- LG 27GN850-B UltraGear 27"" IPS LED QHD FreeSync and G-SYNC Monitor"
174,5.0 out of 5 stars.,"1 product rating
- Dell Professional P2412H 24"" 1920x1080 LED LCD Monitor ONLY DVI VGA USB -Grade B"
175,4.0 out of 5 stars.,"1 product rating
- Dell - S2721HGF 27"" 144Hz 4Ms Curved LED QHD G-SYNC Gaming Computer Monitor"
176,5.0 out of 5 stars.,"9 product ratings
- Samsung LC24F392 24 inch 1080p Curved LED Monitor (has a line upper)"
177,5.0 out of 5 stars.,"14 product ratings
- Dell Ultrsharp 1909W 19"" 1440x900 16:10 TFT LCD Widescreen Monitor ONLY -GradeB"
178,5.0 out of 5 stars.,"1 product rating
- Samsung T55 27"" VA LCD Curved Monitor - Dark Blue Gray C27T550FDN"
179,5.0 out of 5 stars.,"74 product ratings
- Apple LED Cinema Display A1267 24"" Widescreen Monitor READ LISTING"
180,4.0 out of 5 stars.,"2 product ratings
- Gateway LP2417 HD 1080P 3ms Response LCD Monitor 1920x1200 4 USB HDMI"
181,5.0 out of 5 stars.,"9 product ratings
- Onn. VGA HDMI 60hz FHD Slim Design Monitor, 1080p, 24"""
182,4.5 out of 5 stars.,"4 product ratings
- 19"" 5-Wire Touchscreen LCD VGA 19 inch Touch Screen Monitor POS USA Seller"
183,5.0 out of 5 stars.,"5 product ratings
- Dell 1907FPVT LCD Monitor"
184,5.0 out of 5 stars.,"1 product rating
- HP 3UA74AA 27 YH 27 inch LED Backlit IPS Monitor with 1920 x 1080 Full HD NEW"
185,4.5 out of 5 stars.,"5 product ratings
- LG 24"" IPS LED FHD Monitor 1920 x 1080 FreeSync Black 24ML44B-B"
186,4.0 out of 5 stars.,"5 product ratings
- LG 24"" UltraGear FHD 144Hz 1ms Gaming Monitor with FreeSync"
187,4.5 out of 5 stars.,"28 product ratings
- Samsung Syncmaster 930B LCD Monitor 19” Inch Computer DVI"
188,5.0 out of 5 stars.,"3 product ratings
- ASUS VS248H-P 24"" 2ms HDMI Widescreen LED Backlight LCD Monitor Tested Working"
189,5.0 out of 5 stars.,"2 product ratings
- Planar PLN2200 21.5"" 16:9 Full HD LED LCD Monitor HDMI VGA 1080P 998-1329-00"
190,4.5 out of 5 stars.,"14 product ratings
- DELL Professional 23.8-Inch Screen LED-lit Monitor (P2417H) USED GRADE B"
191,5.0 out of 5 stars.,"17 product ratings
- Dell P2214H 22"" Widescreen IPS LED LCD Monitor FHD 1920x1080 DVI DP VGA Grade B"
192,5.0 out of 5 stars.,"1 product rating
- AVOCENT 1085 17"" KVM Rackmount Console LCD Monitor P/N: ECS17KMM-001 w/ Rails"
193,5.0 out of 5 stars.,"1 product rating
- Dell E2420HS 24"" LED LCD 1080p Monitor - Black"
194,5.0 out of 5 stars.,"2 product ratings
- Dell E2011H 20"" LED Backlit 1600x900 16:9 VGA DVI Monitor Grade B (Monitor Only)"
195,4.5 out of 5 stars.,"29 product ratings
- HP Pavilion 22cwa 21.5-Inch Full HD 1080p IPS LED Monitor, Tilt, VGA and HDMI -"
196,4.5 out of 5 stars.,"43 product ratings
- 32"" Dell D3218HN FullHD 1920x1080 VGA HDMI White Monitor"
197,5.0 out of 5 stars.,"5 product ratings
- Lenovo L2364A LED Backlit 23"" LCD Flat Screen Panel Monitor 1920 X 1080"
198,4.5 out of 5 stars.,"3 product ratings
- Dell E193FPP LCD Monitor With Stand"
199,5.0 out of 5 stars.,"2 product ratings
- LG 27GN850-B UltraGear 27"" IPS LED QHD FreeSync and G-SYNC Monitor"
200,5.0 out of 5 stars.,"1 product rating
- Dell Professional P2412H 24"" 1920x1080 LED LCD Monitor ONLY DVI VGA USB -Grade B"
201,4.0 out of 5 stars.,"1 product rating
- Dell - S2721HGF 27"" 144Hz 4Ms Curved LED QHD G-SYNC Gaming Computer Monitor"
202,5.0 out of 5 stars.,"9 product ratings
- Samsung LC24F392 24 inch 1080p Curved LED Monitor (has a line upper)"
203,5.0 out of 5 stars.,"14 product ratings
- Dell Ultrsharp 1909W 19"" 1440x900 16:10 TFT LCD Widescreen Monitor ONLY -GradeB"
204,5.0 out of 5 stars.,"1 product rating
- Samsung T55 27"" VA LCD Curved Monitor - Dark Blue Gray C27T550FDN"
205,5.0 out of 5 stars.,"74 product ratings
- Apple LED Cinema Display A1267 24"" Widescreen Monitor READ LISTING"
206,4.0 out of 5 stars.,"2 product ratings
- Gateway LP2417 HD 1080P 3ms Response LCD Monitor 1920x1200 4 USB HDMI"
207,5.0 out of 5 stars.,"9 product ratings
- Onn. VGA HDMI 60hz FHD Slim Design Monitor, 1080p, 24"""
208,4.5 out of 5 stars.,"4 product ratings
- 19"" 5-Wire Touchscreen LCD VGA 19 inch Touch Screen Monitor POS USA Seller"
209,5.0 out of 5 stars.,"5 product ratings
- Dell 1907FPVT LCD Monitor"
210,5.0 out of 5 stars.,"1 product rating
- HP 3UA74AA 27 YH 27 inch LED Backlit IPS Monitor with 1920 x 1080 Full HD NEW"
211,4.5 out of 5 stars.,"5 product ratings
- LG 24"" IPS LED FHD Monitor 1920 x 1080 FreeSync Black 24ML44B-B"
212,4.0 out of 5 stars.,"5 product ratings
- LG 24"" UltraGear FHD 144Hz 1ms Gaming Monitor with FreeSync"
213,4.5 out of 5 stars.,"28 product ratings
- Samsung Syncmaster 930B LCD Monitor 19” Inch Computer DVI"
214,5.0 out of 5 stars.,"3 product ratings
- ASUS VS248H-P 24"" 2ms HDMI Widescreen LED Backlight LCD Monitor Tested Working"
215,5.0 out of 5 stars.,"2 product ratings
- Planar PLN2200 21.5"" 16:9 Full HD LED LCD Monitor HDMI VGA 1080P 998-1329-00"
216,4.5 out of 5 stars.,"14 product ratings
- DELL Professional 23.8-Inch Screen LED-lit Monitor (P2417H) USED GRADE B"
217,5.0 out of 5 stars.,"17 product ratings
- Dell P2214H 22"" Widescreen IPS LED LCD Monitor FHD 1920x1080 DVI DP VGA Grade B"
218,5.0 out of 5 stars.,"1 product rating
- AVOCENT 1085 17"" KVM Rackmount Console LCD Monitor P/N: ECS17KMM-001 w/ Rails"
219,5.0 out of 5 stars.,"1 product rating
- Dell E2420HS 24"" LED LCD 1080p Monitor - Black"
220,5.0 out of 5 stars.,"2 product ratings
- Dell E2011H 20"" LED Backlit 1600x900 16:9 VGA DVI Monitor Grade B (Monitor Only)"
221,4.5 out of 5 stars.,"29 product ratings
- HP Pavilion 22cwa 21.5-Inch Full HD 1080p IPS LED Monitor, Tilt, VGA and HDMI -"
222,4.5 out of 5 stars.,"43 product ratings
- 32"" Dell D3218HN FullHD 1920x1080 VGA HDMI White Monitor"
223,5.0 out of 5 stars.,"5 product ratings
- Lenovo L2364A LED Backlit 23"" LCD Flat Screen Panel Monitor 1920 X 1080"
224,4.5 out of 5 stars.,"3 product ratings
- Dell E193FPP LCD Monitor With Stand"
225,5.0 out of 5 stars.,"2 product ratings
- LG 27GN850-B UltraGear 27"" IPS LED QHD FreeSync and G-SYNC Monitor"
226,5.0 out of 5 stars.,"1 product rating
- Dell Professional P2412H 24"" 1920x1080 LED LCD Monitor ONLY DVI VGA USB -Grade B"
227,4.0 out of 5 stars.,"1 product rating
- Dell - S2721HGF 27"" 144Hz 4Ms Curved LED QHD G-SYNC Gaming Computer Monitor"
228,5.0 out of 5 stars.,"9 product ratings
- Samsung LC24F392 24 inch 1080p Curved LED Monitor (has a line upper)"
229,5.0 out of 5 stars.,"14 product ratings
- Dell Ultrsharp 1909W 19"" 1440x900 16:10 TFT LCD Widescreen Monitor ONLY -GradeB"
230,5.0 out of 5 stars.,"1 product rating
- Samsung T55 27"" VA LCD Curved Monitor - Dark Blue Gray C27T550FDN"
231,5.0 out of 5 stars.,"74 product ratings
- Apple LED Cinema Display A1267 24"" Widescreen Monitor READ LISTING"
232,4.0 out of 5 stars.,"2 product ratings
- Gateway LP2417 HD 1080P 3ms Response LCD Monitor 1920x1200 4 USB HDMI"
233,5.0 out of 5 stars.,"9 product ratings
- Onn. VGA HDMI 60hz FHD Slim Design Monitor, 1080p, 24"""
234,4.5 out of 5 stars.,"4 product ratings
- 19"" 5-Wire Touchscreen LCD VGA 19 inch Touch Screen Monitor POS USA Seller"
235,5.0 out of 5 stars.,"5 product ratings
- Dell 1907FPVT LCD Monitor"
236,5.0 out of 5 stars.,"1 product rating
- HP 3UA74AA 27 YH 27 inch LED Backlit IPS Monitor with 1920 x 1080 Full HD NEW"
237,4.5 out of 5 stars.,"5 product ratings
- LG 24"" IPS LED FHD Monitor 1920 x 1080 FreeSync Black 24ML44B-B"
238,4.0 out of 5 stars.,"5 product ratings
- LG 24"" UltraGear FHD 144Hz 1ms Gaming Monitor with FreeSync"
239,4.5 out of 5 stars.,"28 product ratings
- Samsung Syncmaster 930B LCD Monitor 19” Inch Computer DVI"
240,5.0 out of 5 stars.,"3 product ratings
- ASUS VS248H-P 24"" 2ms HDMI Widescreen LED Backlight LCD Monitor Tested Working"
241,5.0 out of 5 stars.,"2 product ratings
- Planar PLN2200 21.5"" 16:9 Full HD LED LCD Monitor HDMI VGA 1080P 998-1329-00"
242,4.5 out of 5 stars.,"14 product ratings
- DELL Professional 23.8-Inch Screen LED-lit Monitor (P2417H) USED GRADE B"
243,5.0 out of 5 stars.,"17 product ratings
- Dell P2214H 22"" Widescreen IPS LED LCD Monitor FHD 1920x1080 DVI DP VGA Grade B"
244,5.0 out of 5 stars.,"1 product rating
- AVOCENT 1085 17"" KVM Rackmount Console LCD Monitor P/N: ECS17KMM-001 w/ Rails"
245,5.0 out of 5 stars.,"1 product rating
- Dell E2420HS 24"" LED LCD 1080p Monitor - Black"
246,5.0 out of 5 stars.,"2 product ratings
- Dell E2011H 20"" LED Backlit 1600x900 16:9 VGA DVI Monitor Grade B (Monitor Only)"
247,4.5 out of 5 stars.,"29 product ratings
- HP Pavilion 22cwa 21.5-Inch Full HD 1080p IPS LED Monitor, Tilt, VGA and HDMI -"
248,4.5 out of 5 stars.,"43 product ratings
- 32"" Dell D3218HN FullHD 1920x1080 VGA HDMI White Monitor"
249,5.0 out of 5 stars.,"5 product ratings
- Lenovo L2364A LED Backlit 23"" LCD Flat Screen Panel Monitor 1920 X 1080"
250,4.5 out of 5 stars.,"3 product ratings
- Dell E193FPP LCD Monitor With Stand"
251,5.0 out of 5 stars.,"2 product ratings
- LG 27GN850-B UltraGear 27"" IPS LED QHD FreeSync and G-SYNC Monitor"
252,5.0 out of 5 stars.,"1 product rating
- Dell Professional P2412H 24"" 1920x1080 LED LCD Monitor ONLY DVI VGA USB -Grade B"
253,4.0 out of 5 stars.,"1 product rating
- Dell - S2721HGF 27"" 144Hz 4Ms Curved LED QHD G-SYNC Gaming Computer Monitor"
254,5.0 out of 5 stars.,"9 product ratings
- Samsung LC24F392 24 inch 1080p Curved LED Monitor (has a line upper)"
255,5.0 out of 5 stars.,"14 product ratings
- Dell Ultrsharp 1909W 19"" 1440x900 16:10 TFT LCD Widescreen Monitor ONLY -GradeB"
256,5.0 out of 5 stars.,"1 product rating
- Samsung T55 27"" VA LCD Curved Monitor - Dark Blue Gray C27T550FDN"
257,5.0 out of 5 stars.,"74 product ratings
- Apple LED Cinema Display A1267 24"" Widescreen Monitor READ LISTING"
258,4.0 out of 5 stars.,"2 product ratings
- Gateway LP2417 HD 1080P 3ms Response LCD Monitor 1920x1200 4 USB HDMI"
259,5.0 out of 5 stars.,"9 product ratings
- Onn. VGA HDMI 60hz FHD Slim Design Monitor, 1080p, 24"""
260,4.5 out of 5 stars.,"4 product ratings
- 19"" 5-Wire Touchscreen LCD VGA 19 inch Touch Screen Monitor POS USA Seller"
261,5.0 out of 5 stars.,"5 product ratings
- Dell 1907FPVT LCD Monitor"
262,5.0 out of 5 stars.,"1 product rating
- HP 3UA74AA 27 YH 27 inch LED Backlit IPS Monitor with 1920 x 1080 Full HD NEW"
263,4.5 out of 5 stars.,"5 product ratings
- LG 24"" IPS LED FHD Monitor 1920 x 1080 FreeSync Black 24ML44B-B"
264,4.0 out of 5 stars.,"5 product ratings
- LG 24"" UltraGear FHD 144Hz 1ms Gaming Monitor with FreeSync"
265,4.5 out of 5 stars.,"28 product ratings
- Samsung Syncmaster 930B LCD Monitor 19” Inch Computer DVI"
266,5.0 out of 5 stars.,"3 product ratings
- ASUS VS248H-P 24"" 2ms HDMI Widescreen LED Backlight LCD Monitor Tested Working"
267,5.0 out of 5 stars.,"2 product ratings
- Planar PLN2200 21.5"" 16:9 Full HD LED LCD Monitor HDMI VGA 1080P 998-1329-00"
268,4.5 out of 5 stars.,"14 product ratings
- DELL Professional 23.8-Inch Screen LED-lit Monitor (P2417H) USED GRADE B"
269,5.0 out of 5 stars.,"17 product ratings
- Dell P2214H 22"" Widescreen IPS LED LCD Monitor FHD 1920x1080 DVI DP VGA Grade B"
270,5.0 out of 5 stars.,"1 product rating
- AVOCENT 1085 17"" KVM Rackmount Console LCD Monitor P/N: ECS17KMM-001 w/ Rails"
271,5.0 out of 5 stars.,"1 product rating
- Dell E2420HS 24"" LED LCD 1080p Monitor - Black"
272,5.0 out of 5 stars.,"2 product ratings
- Dell E2011H 20"" LED Backlit 1600x900 16:9 VGA DVI Monitor Grade B (Monitor Only)"
273,4.5 out of 5 stars.,"29 product ratings
- HP Pavilion 22cwa 21.5-Inch Full HD 1080p IPS LED Monitor, Tilt, VGA and HDMI -"
274,4.5 out of 5 stars.,"43 product ratings
- 32"" Dell D3218HN FullHD 1920x1080 VGA HDMI White Monitor"
275,5.0 out of 5 stars.,"5 product ratings
- Lenovo L2364A LED Backlit 23"" LCD Flat Screen Panel Monitor 1920 X 1080"
276,4.5 out of 5 stars.,"3 product ratings
- Dell E193FPP LCD Monitor With Stand"
277,5.0 out of 5 stars.,"2 product ratings
- LG 27GN850-B UltraGear 27"" IPS LED QHD FreeSync and G-SYNC Monitor"
278,5.0 out of 5 stars.,"1 product rating
- Dell Professional P2412H 24"" 1920x1080 LED LCD Monitor ONLY DVI VGA USB -Grade B"
279,4.0 out of 5 stars.,"1 product rating
- Dell - S2721HGF 27"" 144Hz 4Ms Curved LED QHD G-SYNC Gaming Computer Monitor"
280,5.0 out of 5 stars.,"9 product ratings
- Samsung LC24F392 24 inch 1080p Curved LED Monitor (has a line upper)"
281,5.0 out of 5 stars.,"14 product ratings
- Dell Ultrsharp 1909W 19"" 1440x900 16:10 TFT LCD Widescreen Monitor ONLY -GradeB"
282,5.0 out of 5 stars.,"1 product rating
- Samsung T55 27"" VA LCD Curved Monitor - Dark Blue Gray C27T550FDN"
283,5.0 out of 5 stars.,"74 product ratings
- Apple LED Cinema Display A1267 24"" Widescreen Monitor READ LISTING"
284,4.0 out of 5 stars.,"2 product ratings
- Gateway LP2417 HD 1080P 3ms Response LCD Monitor 1920x1200 4 USB HDMI"
285,5.0 out of 5 stars.,"9 product ratings
- Onn. VGA HDMI 60hz FHD Slim Design Monitor, 1080p, 24"""
286,4.5 out of 5 stars.,"4 product ratings
- 19"" 5-Wire Touchscreen LCD VGA 19 inch Touch Screen Monitor POS USA Seller"
287,5.0 out of 5 stars.,"5 product ratings
- Dell 1907FPVT LCD Monitor"
288,5.0 out of 5 stars.,"1 product rating
- HP 3UA74AA 27 YH 27 inch LED Backlit IPS Monitor with 1920 x 1080 Full HD NEW"
289,4.5 out of 5 stars.,"5 product ratings
- LG 24"" IPS LED FHD Monitor 1920 x 1080 FreeSync Black 24ML44B-B"
290,4.0 out of 5 stars.,"5 product ratings
- LG 24"" UltraGear FHD 144Hz 1ms Gaming Monitor with FreeSync"
291,4.5 out of 5 stars.,"28 product ratings
- Samsung Syncmaster 930B LCD Monitor 19” Inch Computer DVI"
292,5.0 out of 5 stars.,"3 product ratings
- ASUS VS248H-P 24"" 2ms HDMI Widescreen LED Backlight LCD Monitor Tested Working"
293,5.0 out of 5 stars.,"2 product ratings
- Planar PLN2200 21.5"" 16:9 Full HD LED LCD Monitor HDMI VGA 1080P 998-1329-00"
294,4.5 out of 5 stars.,"14 product ratings
- DELL Professional 23.8-Inch Screen LED-lit Monitor (P2417H) USED GRADE B"
295,5.0 out of 5 stars.,"17 product ratings
- Dell P2214H 22"" Widescreen IPS LED LCD Monitor FHD 1920x1080 DVI DP VGA Grade B"
296,5.0 out of 5 stars.,"1 product rating
- AVOCENT 1085 17"" KVM Rackmount Console LCD Monitor P/N: ECS17KMM-001 w/ Rails"
297,5.0 out of 5 stars.,"1 product rating
- Dell E2420HS 24"" LED LCD 1080p Monitor - Black"
298,5.0 out of 5 stars.,"2 product ratings
- Dell E2011H 20"" LED Backlit 1600x900 16:9 VGA DVI Monitor Grade B (Monitor Only)"
299,4.5 out of 5 stars.,"29 product ratings
- HP Pavilion 22cwa 21.5-Inch Full HD 1080p IPS LED Monitor, Tilt, VGA and HDMI -"
300,4.5 out of 5 stars.,"43 product ratings
- 32"" Dell D3218HN FullHD 1920x1080 VGA HDMI White Monitor"
301,5.0 out of 5 stars.,"5 product ratings
- Lenovo L2364A LED Backlit 23"" LCD Flat Screen Panel Monitor 1920 X 1080"
302,4.5 out of 5 stars.,"3 product ratings
- Dell E193FPP LCD Monitor With Stand"
303,5.0 out of 5 stars.,"2 product ratings
- LG 27GN850-B UltraGear 27"" IPS LED QHD FreeSync and G-SYNC Monitor"
304,5.0 out of 5 stars.,"1 product rating
- Dell Professional P2412H 24"" 1920x1080 LED LCD Monitor ONLY DVI VGA USB -Grade B"
305,4.0 out of 5 stars.,"1 product rating
- Dell - S2721HGF 27"" 144Hz 4Ms Curved LED QHD G-SYNC Gaming Computer Monitor"
306,5.0 out of 5 stars.,"9 product ratings
- Samsung LC24F392 24 inch 1080p Curved LED Monitor (has a line upper)"
307,5.0 out of 5 stars.,"14 product ratings
- Dell Ultrsharp 1909W 19"" 1440x900 16:10 TFT LCD Widescreen Monitor ONLY -GradeB"
308,5.0 out of 5 stars.,"1 product rating
- Samsung T55 27"" VA LCD Curved Monitor - Dark Blue Gray C27T550FDN"
309,5.0 out of 5 stars.,"74 product ratings
- Apple LED Cinema Display A1267 24"" Widescreen Monitor READ LISTING"
310,4.0 out of 5 stars.,"2 product ratings
- Gateway LP2417 HD 1080P 3ms Response LCD Monitor 1920x1200 4 USB HDMI"
311,5.0 out of 5 stars.,"9 product ratings
- Onn. VGA HDMI 60hz FHD Slim Design Monitor, 1080p, 24"""
312,4.5 out of 5 stars.,"4 product ratings
- 19"" 5-Wire Touchscreen LCD VGA 19 inch Touch Screen Monitor POS USA Seller"
313,5.0 out of 5 stars.,"5 product ratings
- Dell 1907FPVT LCD Monitor"
314,5.0 out of 5 stars.,"1 product rating
- HP 3UA74AA 27 YH 27 inch LED Backlit IPS Monitor with 1920 x 1080 Full HD NEW"
315,4.5 out of 5 stars.,"5 product ratings
- LG 24"" IPS LED FHD Monitor 1920 x 1080 FreeSync Black 24ML44B-B"
316,4.0 out of 5 stars.,"5 product ratings
- LG 24"" UltraGear FHD 144Hz 1ms Gaming Monitor with FreeSync"
317,4.5 out of 5 stars.,"28 product ratings
- Samsung Syncmaster 930B LCD Monitor 19” Inch Computer DVI"
318,5.0 out of 5 stars.,"3 product ratings
- ASUS VS248H-P 24"" 2ms HDMI Widescreen LED Backlight LCD Monitor Tested Working"
319,5.0 out of 5 stars.,"2 product ratings
- Planar PLN2200 21.5"" 16:9 Full HD LED LCD Monitor HDMI VGA 1080P 998-1329-00"
320,4.5 out of 5 stars.,"14 product ratings
- DELL Professional 23.8-Inch Screen LED-lit Monitor (P2417H) USED GRADE B"
321,5.0 out of 5 stars.,"17 product ratings
- Dell P2214H 22"" Widescreen IPS LED LCD Monitor FHD 1920x1080 DVI DP VGA Grade B"
322,5.0 out of 5 stars.,"1 product rating
- AVOCENT 1085 17"" KVM Rackmount Console LCD Monitor P/N: ECS17KMM-001 w/ Rails"
323,5.0 out of 5 stars.,"1 product rating
- Dell E2420HS 24"" LED LCD 1080p Monitor - Black"
324,5.0 out of 5 stars.,"2 product ratings
- Dell E2011H 20"" LED Backlit 1600x900 16:9 VGA DVI Monitor Grade B (Monitor Only)"
325,4.5 out of 5 stars.,"29 product ratings
- HP Pavilion 22cwa 21.5-Inch Full HD 1080p IPS LED Monitor, Tilt, VGA and HDMI -"
326,4.5 out of 5 stars.,"43 product ratings
- 32"" Dell D3218HN FullHD 1920x1080 VGA HDMI White Monitor"
327,5.0 out of 5 stars.,"5 product ratings
- Lenovo L2364A LED Backlit 23"" LCD Flat Screen Panel Monitor 1920 X 1080"
328,4.5 out of 5 stars.,"3 product ratings
- Dell E193FPP LCD Monitor With Stand"
329,5.0 out of 5 stars.,"2 product ratings
- LG 27GN850-B UltraGear 27"" IPS LED QHD FreeSync and G-SYNC Monitor"
330,5.0 out of 5 stars.,"1 product rating
- Dell Professional P2412H 24"" 1920x1080 LED LCD Monitor ONLY DVI VGA USB -Grade B"
331,4.0 out of 5 stars.,"1 product rating
- Dell - S2721HGF 27"" 144Hz 4Ms Curved LED QHD G-SYNC Gaming Computer Monitor"
332,5.0 out of 5 stars.,"9 product ratings
- Samsung LC24F392 24 inch 1080p Curved LED Monitor (has a line upper)"
333,5.0 out of 5 stars.,"14 product ratings
- Dell Ultrsharp 1909W 19"" 1440x900 16:10 TFT LCD Widescreen Monitor ONLY -GradeB"
334,5.0 out of 5 stars.,"1 product rating
- Samsung T55 27"" VA LCD Curved Monitor - Dark Blue Gray C27T550FDN"
335,5.0 out of 5 stars.,"74 product ratings
- Apple LED Cinema Display A1267 24"" Widescreen Monitor READ LISTING"
336,4.0 out of 5 stars.,"2 product ratings
- Gateway LP2417 HD 1080P 3ms Response LCD Monitor 1920x1200 4 USB HDMI"
337,5.0 out of 5 stars.,"9 product ratings
- Onn. VGA HDMI 60hz FHD Slim Design Monitor, 1080p, 24"""
338,4.5 out of 5 stars.,"4 product ratings
- 19"" 5-Wire Touchscreen LCD VGA 19 inch Touch Screen Monitor POS USA Seller"
339,5.0 out of 5 stars.,"5 product ratings
- Dell 1907FPVT LCD Monitor"
340,5.0 out of 5 stars.,"1 product rating
- HP 3UA74AA 27 YH 27 inch LED Backlit IPS Monitor with 1920 x 1080 Full HD NEW"
341,4.5 out of 5 stars.,"5 product ratings
- LG 24"" IPS LED FHD Monitor 1920 x 1080 FreeSync Black 24ML44B-B"
342,4.0 out of 5 stars.,"5 product ratings
- LG 24"" UltraGear FHD 144Hz 1ms Gaming Monitor with FreeSync"
343,4.5 out of 5 stars.,"28 product ratings
- Samsung Syncmaster 930B LCD Monitor 19” Inch Computer DVI"
344,5.0 out of 5 stars.,"3 product ratings
- ASUS VS248H-P 24"" 2ms HDMI Widescreen LED Backlight LCD Monitor Tested Working"
345,5.0 out of 5 stars.,"2 product ratings
- Planar PLN2200 21.5"" 16:9 Full HD LED LCD Monitor HDMI VGA 1080P 998-1329-00"
346,4.5 out of 5 stars.,"14 product ratings
- DELL Professional 23.8-Inch Screen LED-lit Monitor (P2417H) USED GRADE B"
347,5.0 out of 5 stars.,"17 product ratings
- Dell P2214H 22"" Widescreen IPS LED LCD Monitor FHD 1920x1080 DVI DP VGA Grade B"
348,5.0 out of 5 stars.,"1 product rating
- AVOCENT 1085 17"" KVM Rackmount Console LCD Monitor P/N: ECS17KMM-001 w/ Rails"
349,5.0 out of 5 stars.,"1 product rating
- Dell E2420HS 24"" LED LCD 1080p Monitor - Black"
350,5.0 out of 5 stars.,"2 product ratings
- Dell E2011H 20"" LED Backlit 1600x900 16:9 VGA DVI Monitor Grade B (Monitor Only)"
351,4.5 out of 5 stars.,"29 product ratings
- HP Pavilion 22cwa 21.5-Inch Full HD 1080p IPS LED Monitor, Tilt, VGA and HDMI -"
352,4.5 out of 5 stars.,"43 product ratings
- 32"" Dell D3218HN FullHD 1920x1080 VGA HDMI White Monitor"
353,5.0 out of 5 stars.,"5 product ratings
- Lenovo L2364A LED Backlit 23"" LCD Flat Screen Panel Monitor 1920 X 1080"
354,4.5 out of 5 stars.,"3 product ratings
- Dell E193FPP LCD Monitor With Stand"
355,5.0 out of 5 stars.,"2 product ratings
- LG 27GN850-B UltraGear 27"" IPS LED QHD FreeSync and G-SYNC Monitor"
356,5.0 out of 5 stars.,"1 product rating
- Dell Professional P2412H 24"" 1920x1080 LED LCD Monitor ONLY DVI VGA USB -Grade B"
357,4.0 out of 5 stars.,"1 product rating
- Dell - S2721HGF 27"" 144Hz 4Ms Curved LED QHD G-SYNC Gaming Computer Monitor"
358,5.0 out of 5 stars.,"9 product ratings
- Samsung LC24F392 24 inch 1080p Curved LED Monitor (has a line upper)"
359,5.0 out of 5 stars.,"14 product ratings
- Dell Ultrsharp 1909W 19"" 1440x900 16:10 TFT LCD Widescreen Monitor ONLY -GradeB"
360,5.0 out of 5 stars.,"1 product rating
- Samsung T55 27"" VA LCD Curved Monitor - Dark Blue Gray C27T550FDN"
361,5.0 out of 5 stars.,"74 product ratings
- Apple LED Cinema Display A1267 24"" Widescreen Monitor READ LISTING"
362,4.0 out of 5 stars.,"2 product ratings
- Gateway LP2417 HD 1080P 3ms Response LCD Monitor 1920x1200 4 USB HDMI"
363,5.0 out of 5 stars.,"9 product ratings
- Onn. VGA HDMI 60hz FHD Slim Design Monitor, 1080p, 24"""
364,4.5 out of 5 stars.,"4 product ratings
- 19"" 5-Wire Touchscreen LCD VGA 19 inch Touch Screen Monitor POS USA Seller"
365,5.0 out of 5 stars.,"5 product ratings
- Dell 1907FPVT LCD Monitor"
366,5.0 out of 5 stars.,"1 product rating
- HP 3UA74AA 27 YH 27 inch LED Backlit IPS Monitor with 1920 x 1080 Full HD NEW"
367,4.5 out of 5 stars.,"5 product ratings
- LG 24"" IPS LED FHD Monitor 1920 x 1080 FreeSync Black 24ML44B-B"
368,4.0 out of 5 stars.,"5 product ratings
- LG 24"" UltraGear FHD 144Hz 1ms Gaming Monitor with FreeSync"
369,4.5 out of 5 stars.,"28 product ratings
- Samsung Syncmaster 930B LCD Monitor 19” Inch Computer DVI"
370,5.0 out of 5 stars.,"3 product ratings
- ASUS VS248H-P 24"" 2ms HDMI Widescreen LED Backlight LCD Monitor Tested Working"
371,5.0 out of 5 stars.,"2 product ratings
- Planar PLN2200 21.5"" 16:9 Full HD LED LCD Monitor HDMI VGA 1080P 998-1329-00"
372,4.5 out of 5 stars.,"14 product ratings
- DELL Professional 23.8-Inch Screen LED-lit Monitor (P2417H) USED GRADE B"
373,5.0 out of 5 stars.,"17 product ratings
- Dell P2214H 22"" Widescreen IPS LED LCD Monitor FHD 1920x1080 DVI DP VGA Grade B"
374,5.0 out of 5 stars.,"1 product rating
- AVOCENT 1085 17"" KVM Rackmount Console LCD Monitor P/N: ECS17KMM-001 w/ Rails"
375,5.0 out of 5 stars.,"1 product rating
- Dell E2420HS 24"" LED LCD 1080p Monitor - Black"
376,5.0 out of 5 stars.,"2 product ratings
- Dell E2011H 20"" LED Backlit 1600x900 16:9 VGA DVI Monitor Grade B (Monitor Only)"
377,4.5 out of 5 stars.,"29 product ratings
- HP Pavilion 22cwa 21.5-Inch Full HD 1080p IPS LED Monitor, Tilt, VGA and HDMI -"
378,4.5 out of 5 stars.,"43 product ratings
- 32"" Dell D3218HN FullHD 1920x1080 VGA HDMI White Monitor"
379,5.0 out of 5 stars.,"5 product ratings
- Lenovo L2364A LED Backlit 23"" LCD Flat Screen Panel Monitor 1920 X 1080"
380,4.5 out of 5 stars.,"3 product ratings
- Dell E193FPP LCD Monitor With Stand"
381,5.0 out of 5 stars.,"2 product ratings
- LG 27GN850-B UltraGear 27"" IPS LED QHD FreeSync and G-SYNC Monitor"
382,5.0 out of 5 stars.,"1 product rating
- Dell Professional P2412H 24"" 1920x1080 LED LCD Monitor ONLY DVI VGA USB -Grade B"
383,4.0 out of 5 stars.,"1 product rating
- Dell - S2721HGF 27"" 144Hz 4Ms Curved LED QHD G-SYNC Gaming Computer Monitor"
384,5.0 out of 5 stars.,"9 product ratings
- Samsung LC24F392 24 inch 1080p Curved LED Monitor (has a line upper)"
385,5.0 out of 5 stars.,"14 product ratings
- Dell Ultrsharp 1909W 19"" 1440x900 16:10 TFT LCD Widescreen Monitor ONLY -GradeB"
386,5.0 out of 5 stars.,"1 product rating
- Samsung T55 27"" VA LCD Curved Monitor - Dark Blue Gray C27T550FDN"
387,5.0 out of 5 stars.,"74 product ratings
- Apple LED Cinema Display A1267 24"" Widescreen Monitor READ LISTING"
388,4.0 out of 5 stars.,"2 product ratings
- Gateway LP2417 HD 1080P 3ms Response LCD Monitor 1920x1200 4 USB HDMI"
389,5.0 out of 5 stars.,"9 product ratings
- Onn. VGA HDMI 60hz FHD Slim Design Monitor, 1080p, 24"""
390,4.5 out of 5 stars.,"4 product ratings
- 19"" 5-Wire Touchscreen LCD VGA 19 inch Touch Screen Monitor POS USA Seller"
391,5.0 out of 5 stars.,"5 product ratings
- Dell 1907FPVT LCD Monitor"
392,5.0 out of 5 stars.,"1 product rating
- HP 3UA74AA 27 YH 27 inch LED Backlit IPS Monitor with 1920 x 1080 Full HD NEW"
393,4.5 out of 5 stars.,"5 product ratings
- LG 24"" IPS LED FHD Monitor 1920 x 1080 FreeSync Black 24ML44B-B"
394,4.0 out of 5 stars.,"5 product ratings
- LG 24"" UltraGear FHD 144Hz 1ms Gaming Monitor with FreeSync"
395,4.5 out of 5 stars.,"28 product ratings
- Samsung Syncmaster 930B LCD Monitor 19” Inch Computer DVI"
396,5.0 out of 5 stars.,"3 product ratings
- ASUS VS248H-P 24"" 2ms HDMI Widescreen LED Backlight LCD Monitor Tested Working"
397,5.0 out of 5 stars.,"2 product ratings
- Planar PLN2200 21.5"" 16:9 Full HD LED LCD Monitor HDMI VGA 1080P 998-1329-00"
398,4.5 out of 5 stars.,"14 product ratings
- DELL Professional 23.8-Inch Screen LED-lit Monitor (P2417H) USED GRADE B"
399,5.0 out of 5 stars.,"17 product ratings
- Dell P2214H 22"" Widescreen IPS LED LCD Monitor FHD 1920x1080 DVI DP VGA Grade B"
400,5.0 out of 5 stars.,"1 product rating
- AVOCENT 1085 17"" KVM Rackmount Console LCD Monitor P/N: ECS17KMM-001 w/ Rails"
401,5.0 out of 5 stars.,"1 product rating
- Dell E2420HS 24"" LED LCD 1080p Monitor - Black"
402,5.0 out of 5 stars.,"2 product ratings
- Dell E2011H 20"" LED Backlit 1600x900 16:9 VGA DVI Monitor Grade B (Monitor Only)"
403,4.5 out of 5 stars.,"29 product ratings
- HP Pavilion 22cwa 21.5-Inch Full HD 1080p IPS LED Monitor, Tilt, VGA and HDMI -"
404,4.5 out of 5 stars.,"43 product ratings
- 32"" Dell D3218HN FullHD 1920x1080 VGA HDMI White Monitor"
405,5.0 out of 5 stars.,"5 product ratings
- Lenovo L2364A LED Backlit 23"" LCD Flat Screen Panel Monitor 1920 X 1080"
406,4.5 out of 5 stars.,"3 product ratings
- Dell E193FPP LCD Monitor With Stand"
407,5.0 out of 5 stars.,"2 product ratings
- LG 27GN850-B UltraGear 27"" IPS LED QHD FreeSync and G-SYNC Monitor"
408,5.0 out of 5 stars.,"1 product rating
- Dell Professional P2412H 24"" 1920x1080 LED LCD Monitor ONLY DVI VGA USB -Grade B"
409,4.0 out of 5 stars.,"1 product rating
- Dell - S2721HGF 27"" 144Hz 4Ms Curved LED QHD G-SYNC Gaming Computer Monitor"
410,5.0 out of 5 stars.,"9 product ratings
- Samsung LC24F392 24 inch 1080p Curved LED Monitor (has a line upper)"
411,5.0 out of 5 stars.,"14 product ratings
- Dell Ultrsharp 1909W 19"" 1440x900 16:10 TFT LCD Widescreen Monitor ONLY -GradeB"
412,5.0 out of 5 stars.,"1 product rating
- Samsung T55 27"" VA LCD Curved Monitor - Dark Blue Gray C27T550FDN"
413,5.0 out of 5 stars.,"74 product ratings
- Apple LED Cinema Display A1267 24"" Widescreen Monitor READ LISTING"
414,4.0 out of 5 stars.,"2 product ratings
- Gateway LP2417 HD 1080P 3ms Response LCD Monitor 1920x1200 4 USB HDMI"
415,5.0 out of 5 stars.,"9 product ratings
- Onn. VGA HDMI 60hz FHD Slim Design Monitor, 1080p, 24"""
416,4.5 out of 5 stars.,"4 product ratings
- 19"" 5-Wire Touchscreen LCD VGA 19 inch Touch Screen Monitor POS USA Seller"
417,5.0 out of 5 stars.,"5 product ratings
- Dell 1907FPVT LCD Monitor"
418,5.0 out of 5 stars.,"1 product rating
- HP 3UA74AA 27 YH 27 inch LED Backlit IPS Monitor with 1920 x 1080 Full HD NEW"
419,4.5 out of 5 stars.,"5 product ratings
- LG 24"" IPS LED FHD Monitor 1920 x 1080 FreeSync Black 24ML44B-B"
420,4.0 out of 5 stars.,"5 product ratings
- LG 24"" UltraGear FHD 144Hz 1ms Gaming Monitor with FreeSync"
421,4.5 out of 5 stars.,"28 product ratings
- Samsung Syncmaster 930B LCD Monitor 19” Inch Computer DVI"
422,5.0 out of 5 stars.,"3 product ratings
- ASUS VS248H-P 24"" 2ms HDMI Widescreen LED Backlight LCD Monitor Tested Working"
423,5.0 out of 5 stars.,"2 product ratings
- Planar PLN2200 21.5"" 16:9 Full HD LED LCD Monitor HDMI VGA 1080P 998-1329-00"
424,4.5 out of 5 stars.,"14 product ratings
- DELL Professional 23.8-Inch Screen LED-lit Monitor (P2417H) USED GRADE B"
425,5.0 out of 5 stars.,"17 product ratings
- Dell P2214H 22"" Widescreen IPS LED LCD Monitor FHD 1920x1080 DVI DP VGA Grade B"
426,5.0 out of 5 stars.,"1 product rating
- AVOCENT 1085 17"" KVM Rackmount Console LCD Monitor P/N: ECS17KMM-001 w/ Rails"
427,5.0 out of 5 stars.,"1 product rating
- Dell E2420HS 24"" LED LCD 1080p Monitor - Black"
428,5.0 out of 5 stars.,"2 product ratings
- Dell E2011H 20"" LED Backlit 1600x900 16:9 VGA DVI Monitor Grade B (Monitor Only)"
429,4.5 out of 5 stars.,"29 product ratings
- HP Pavilion 22cwa 21.5-Inch Full HD 1080p IPS LED Monitor, Tilt, VGA and HDMI -"
430,4.5 out of 5 stars.,"43 product ratings
- 32"" Dell D3218HN FullHD 1920x1080 VGA HDMI White Monitor"
431,5.0 out of 5 stars.,"5 product ratings
- Lenovo L2364A LED Backlit 23"" LCD Flat Screen Panel Monitor 1920 X 1080"
432,4.5 out of 5 stars.,"3 product ratings
- Dell E193FPP LCD Monitor With Stand"
433,5.0 out of 5 stars.,"2 product ratings
- LG 27GN850-B UltraGear 27"" IPS LED QHD FreeSync and G-SYNC Monitor"
434,5.0 out of 5 stars.,"1 product rating
- Dell Professional P2412H 24"" 1920x1080 LED LCD Monitor ONLY DVI VGA USB -Grade B"
435,4.0 out of 5 stars.,"1 product rating
- Dell - S2721HGF 27"" 144Hz 4Ms Curved LED QHD G-SYNC Gaming Computer Monitor"
436,5.0 out of 5 stars.,"9 product ratings
- Samsung LC24F392 24 inch 1080p Curved LED Monitor (has a line upper)"
437,5.0 out of 5 stars.,"14 product ratings
- Dell Ultrsharp 1909W 19"" 1440x900 16:10 TFT LCD Widescreen Monitor ONLY -GradeB"
438,5.0 out of 5 stars.,"1 product rating
- Samsung T55 27"" VA LCD Curved Monitor - Dark Blue Gray C27T550FDN"
439,5.0 out of 5 stars.,"74 product ratings
- Apple LED Cinema Display A1267 24"" Widescreen Monitor READ LISTING"
440,4.0 out of 5 stars.,"2 product ratings
- Gateway LP2417 HD 1080P 3ms Response LCD Monitor 1920x1200 4 USB HDMI"
441,5.0 out of 5 stars.,"9 product ratings
- Onn. VGA HDMI 60hz FHD Slim Design Monitor, 1080p, 24"""
442,4.5 out of 5 stars.,"4 product ratings
- 19"" 5-Wire Touchscreen LCD VGA 19 inch Touch Screen Monitor POS USA Seller"
443,5.0 out of 5 stars.,"5 product ratings
- Dell 1907FPVT LCD Monitor"
444,5.0 out of 5 stars.,"1 product rating
- HP 3UA74AA 27 YH 27 inch LED Backlit IPS Monitor with 1920 x 1080 Full HD NEW"
445,4.5 out of 5 stars.,"5 product ratings
- LG 24"" IPS LED FHD Monitor 1920 x 1080 FreeSync Black 24ML44B-B"
446,4.0 out of 5 stars.,"5 product ratings
- LG 24"" UltraGear FHD 144Hz 1ms Gaming Monitor with FreeSync"
447,4.5 out of 5 stars.,"28 product ratings
- Samsung Syncmaster 930B LCD Monitor 19” Inch Computer DVI"
448,5.0 out of 5 stars.,"3 product ratings
- ASUS VS248H-P 24"" 2ms HDMI Widescreen LED Backlight LCD Monitor Tested Working"
449,5.0 out of 5 stars.,"2 product ratings
- Planar PLN2200 21.5"" 16:9 Full HD LED LCD Monitor HDMI VGA 1080P 998-1329-00"
450,4.5 out of 5 stars.,"14 product ratings
- DELL Professional 23.8-Inch Screen LED-lit Monitor (P2417H) USED GRADE B"
451,5.0 out of 5 stars.,"17 product ratings
- Dell P2214H 22"" Widescreen IPS LED LCD Monitor FHD 1920x1080 DVI DP VGA Grade B"
452,5.0 out of 5 stars.,"1 product rating
- AVOCENT 1085 17"" KVM Rackmount Console LCD Monitor P/N: ECS17KMM-001 w/ Rails"
453,5.0 out of 5 stars.,"1 product rating
- Dell E2420HS 24"" LED LCD 1080p Monitor - Black"
454,5.0 out of 5 stars.,"2 product ratings
- Dell E2011H 20"" LED Backlit 1600x900 16:9 VGA DVI Monitor Grade B (Monitor Only)"
455,4.5 out of 5 stars.,"29 product ratings
- HP Pavilion 22cwa 21.5-Inch Full HD 1080p IPS LED Monitor, Tilt, VGA and HDMI -"
456,4.5 out of 5 stars.,"43 product ratings
- 32"" Dell D3218HN FullHD 1920x1080 VGA HDMI White Monitor"
457,5.0 out of 5 stars.,"5 product ratings
- Lenovo L2364A LED Backlit 23"" LCD Flat Screen Panel Monitor 1920 X 1080"
458,4.5 out of 5 stars.,"3 product ratings
- Dell E193FPP LCD Monitor With Stand"
459,5.0 out of 5 stars.,"2 product ratings
- LG 27GN850-B UltraGear 27"" IPS LED QHD FreeSync and G-SYNC Monitor"
460,5.0 out of 5 stars.,"1 product rating
- Dell Professional P2412H 24"" 1920x1080 LED LCD Monitor ONLY DVI VGA USB -Grade B"
461,4.0 out of 5 stars.,"1 product rating
- Dell - S2721HGF 27"" 144Hz 4Ms Curved LED QHD G-SYNC Gaming Computer Monitor"
462,5.0 out of 5 stars.,"9 product ratings
- Samsung LC24F392 24 inch 1080p Curved LED Monitor (has a line upper)"
463,5.0 out of 5 stars.,"14 product ratings
- Dell Ultrsharp 1909W 19"" 1440x900 16:10 TFT LCD Widescreen Monitor ONLY -GradeB"
464,5.0 out of 5 stars.,"1 product rating
- Samsung T55 27"" VA LCD Curved Monitor - Dark Blue Gray C27T550FDN"
465,5.0 out of 5 stars.,"74 product ratings
- Apple LED Cinema Display A1267 24"" Widescreen Monitor READ LISTING"
466,4.0 out of 5 stars.,"2 product ratings
- Gateway LP2417 HD 1080P 3ms Response LCD Monitor 1920x1200 4 USB HDMI"
467,5.0 out of 5 stars.,"9 product ratings
- Onn. VGA HDMI 60hz FHD Slim Design Monitor, 1080p, 24"""
468,4.5 out of 5 stars.,"4 product ratings
- 19"" 5-Wire Touchscreen LCD VGA 19 inch Touch Screen Monitor POS USA Seller"
469,5.0 out of 5 stars.,"5 product ratings
- Dell 1907FPVT LCD Monitor"
470,5.0 out of 5 stars.,"1 product rating
- HP 3UA74AA 27 YH 27 inch LED Backlit IPS Monitor with 1920 x 1080 Full HD NEW"
471,4.5 out of 5 stars.,"5 product ratings
- LG 24"" IPS LED FHD Monitor 1920 x 1080 FreeSync Black 24ML44B-B"
472,4.0 out of 5 stars.,"5 product ratings
- LG 24"" UltraGear FHD 144Hz 1ms Gaming Monitor with FreeSync"
473,4.5 out of 5 stars.,"28 product ratings
- Samsung Syncmaster 930B LCD Monitor 19” Inch Computer DVI"
474,5.0 out of 5 stars.,"3 product ratings
- ASUS VS248H-P 24"" 2ms HDMI Widescreen LED Backlight LCD Monitor Tested Working"
475,5.0 out of 5 stars.,"2 product ratings
- Planar PLN2200 21.5"" 16:9 Full HD LED LCD Monitor HDMI VGA 1080P 998-1329-00"
476,4.5 out of 5 stars.,"14 product ratings
- DELL Professional 23.8-Inch Screen LED-lit Monitor (P2417H) USED GRADE B"
477,5.0 out of 5 stars.,"17 product ratings
- Dell P2214H 22"" Widescreen IPS LED LCD Monitor FHD 1920x1080 DVI DP VGA Grade B"
478,5.0 out of 5 stars.,"1 product rating
- AVOCENT 1085 17"" KVM Rackmount Console LCD Monitor P/N: ECS17KMM-001 w/ Rails"
479,5.0 out of 5 stars.,"1 product rating
- Dell E2420HS 24"" LED LCD 1080p Monitor - Black"
480,5.0 out of 5 stars.,"2 product ratings
- Dell E2011H 20"" LED Backlit 1600x900 16:9 VGA DVI Monitor Grade B (Monitor Only)"
481,4.5 out of 5 stars.,"29 product ratings
- HP Pavilion 22cwa 21.5-Inch Full HD 1080p IPS LED Monitor, Tilt, VGA and HDMI -"
482,4.5 out of 5 stars.,"43 product ratings
- 32"" Dell D3218HN FullHD 1920x1080 VGA HDMI White Monitor"
483,5.0 out of 5 stars.,"5 product ratings
- Lenovo L2364A LED Backlit 23"" LCD Flat Screen Panel Monitor 1920 X 1080"
484,4.5 out of 5 stars.,"3 product ratings
- Dell E193FPP LCD Monitor With Stand"
485,5.0 out of 5 stars.,"2 product ratings
- LG 27GN850-B UltraGear 27"" IPS LED QHD FreeSync and G-SYNC Monitor"
486,5.0 out of 5 stars.,"1 product rating
- Dell Professional P2412H 24"" 1920x1080 LED LCD Monitor ONLY DVI VGA USB -Grade B"
487,4.0 out of 5 stars.,"1 product rating
- Dell - S2721HGF 27"" 144Hz 4Ms Curved LED QHD G-SYNC Gaming Computer Monitor"
488,5.0 out of 5 stars.,"9 product ratings
- Samsung LC24F392 24 inch 1080p Curved LED Monitor (has a line upper)"
489,5.0 out of 5 stars.,"14 product ratings
- Dell Ultrsharp 1909W 19"" 1440x900 16:10 TFT LCD Widescreen Monitor ONLY -GradeB"
490,5.0 out of 5 stars.,"1 product rating
- Samsung T55 27"" VA LCD Curved Monitor - Dark Blue Gray C27T550FDN"
491,5.0 out of 5 stars.,"74 product ratings
- Apple LED Cinema Display A1267 24"" Widescreen Monitor READ LISTING"
492,4.0 out of 5 stars.,"2 product ratings
- Gateway LP2417 HD 1080P 3ms Response LCD Monitor 1920x1200 4 USB HDMI"
493,5.0 out of 5 stars.,"9 product ratings
- Onn. VGA HDMI 60hz FHD Slim Design Monitor, 1080p, 24"""
494,4.5 out of 5 stars.,"4 product ratings
- 19"" 5-Wire Touchscreen LCD VGA 19 inch Touch Screen Monitor POS USA Seller"
495,5.0 out of 5 stars.,"5 product ratings
- Dell 1907FPVT LCD Monitor"
496,5.0 out of 5 stars.,"1 product rating
- HP 3UA74AA 27 YH 27 inch LED Backlit IPS Monitor with 1920 x 1080 Full HD NEW"
497,4.5 out of 5 stars.,"5 product ratings
- LG 24"" IPS LED FHD Monitor 1920 x 1080 FreeSync Black 24ML44B-B"
498,4.0 out of 5 stars.,"5 product ratings
- LG 24"" UltraGear FHD 144Hz 1ms Gaming Monitor with FreeSync"
499,4.5 out of 5 stars.,"28 product ratings
- Samsung Syncmaster 930B LCD Monitor 19” Inch Computer DVI"
500,5.0 out of 5 stars.,"3 product ratings
- ASUS VS248H-P 24"" 2ms HDMI Widescreen LED Backlight LCD Monitor Tested Working"
501,5.0 out of 5 stars.,"2 product ratings
- Planar PLN2200 21.5"" 16:9 Full HD LED LCD Monitor HDMI VGA 1080P 998-1329-00"
502,4.5 out of 5 stars.,"14 product ratings
- DELL Professional 23.8-Inch Screen LED-lit Monitor (P2417H) USED GRADE B"
503,5.0 out of 5 stars.,"17 product ratings
- Dell P2214H 22"" Widescreen IPS LED LCD Monitor FHD 1920x1080 DVI DP VGA Grade B"
504,5.0 out of 5 stars.,"1 product rating
- AVOCENT 1085 17"" KVM Rackmount Console LCD Monitor P/N: ECS17KMM-001 w/ Rails"
505,5.0 out of 5 stars.,"1 product rating
- Dell E2420HS 24"" LED LCD 1080p Monitor - Black"
506,5.0 out of 5 stars.,"2 product ratings
- Dell E2011H 20"" LED Backlit 1600x900 16:9 VGA DVI Monitor Grade B (Monitor Only)"
507,4.5 out of 5 stars.,"29 product ratings
- HP Pavilion 22cwa 21.5-Inch Full HD 1080p IPS LED Monitor, Tilt, VGA and HDMI -"
508,4.5 out of 5 stars.,"43 product ratings
- 32"" Dell D3218HN FullHD 1920x1080 VGA HDMI White Monitor"
509,5.0 out of 5 stars.,"5 product ratings
- Lenovo L2364A LED Backlit 23"" LCD Flat Screen Panel Monitor 1920 X 1080"
510,4.5 out of 5 stars.,"3 product ratings
- Dell E193FPP LCD Monitor With Stand"
511,5.0 out of 5 stars.,"2 product ratings
- LG 27GN850-B UltraGear 27"" IPS LED QHD FreeSync and G-SYNC Monitor"
512,5.0 out of 5 stars.,"1 product rating
- Dell Professional P2412H 24"" 1920x1080 LED LCD Monitor ONLY DVI VGA USB -Grade B"
513,4.0 out of 5 stars.,"1 product rating
- Dell - S2721HGF 27"" 144Hz 4Ms Curved LED QHD G-SYNC Gaming Computer Monitor"
514,5.0 out of 5 stars.,"9 product ratings
- Samsung LC24F392 24 inch 1080p Curved LED Monitor (has a line upper)"
515,5.0 out of 5 stars.,"14 product ratings
- Dell Ultrsharp 1909W 19"" 1440x900 16:10 TFT LCD Widescreen Monitor ONLY -GradeB"
516,5.0 out of 5 stars.,"1 product rating
- Samsung T55 27"" VA LCD Curved Monitor - Dark Blue Gray C27T550FDN"
517,5.0 out of 5 stars.,"74 product ratings
- Apple LED Cinema Display A1267 24"" Widescreen Monitor READ LISTING"
518,4.0 out of 5 stars.,"2 product ratings
- Gateway LP2417 HD 1080P 3ms Response LCD Monitor 1920x1200 4 USB HDMI"
519,5.0 out of 5 stars.,"9 product ratings
- Onn. VGA HDMI 60hz FHD Slim Design Monitor, 1080p, 24"""
