,ebay1,review&rating
0,4.5 out of 5 stars,"(43)
43 product ratings - Google - Pixel 3 with 64GB Memory Cell Phone (Unlocked) - Not Pink - New SEALED"
1,4.5 out of 5 stars,"(15)
15 product ratings - Apple iPhone 7 Unlocked 32GB Black - AT&T T-Mobile Verizon GSM Unlocked"
2,5 out of 5 stars,"(4)
4 product ratings - Google - Pixel 3 XL with 128GB Memory Cell Phone (Unlocked) - Not Pink"
3,4.5 out of 5 stars,"(58)
58 product ratings - Google Pixel 3 Pixel 3 XL 64GB CDMA + GSM Unlocked 4G LTE Android Smartphone"
4,4.5 out of 5 stars,"(17)
17 product ratings - Apple iPhone 8 64GB Unlocked Smartphone AT&T Verizon T-Mobile Factory Unlocked"
5,5 out of 5 stars,"(1)
1 product ratings - Apple iPhone 7 32GB Factory Unlocked 4G LTE iOS WiFi Smartphone"
6,5 out of 5 stars,"(1)
1 product ratings - Caterpillar CAT B26 (Factory Unlocked) Waterproof Rugged GSM ONLY DUAL SIM NEW"
7,5 out of 5 stars,"(1)
1 product ratings - Apple iPhone 8 64GB GSM Factory Unlocked Smartphone"
8,4.5 out of 5 stars,"(4)
4 product ratings - Google - Pixel 3 XL with 128GB Memory Cell Phone (Unlocked) - Just Black"
9,4.5 out of 5 stars,"(117)
117 product ratings - Apple iPhone 7 Plus - 128GB - Jet Black (ATT) A1784 (GSM)"
10,4.5 out of 5 stars,"(45)
45 product ratings - TESTED BLACK CDMA + GSM UNLOCKED APPLE iPhone 11, 128GB A2111 MWLE2LL/A J245T"
11,4.5 out of 5 stars,"(14)
14 product ratings - Samsung Galaxy Z Flip 256GB Mirror Black Unlocked **FREE Accessories & Shipping*"
12,4.5 out of 5 stars,"(19)
19 product ratings - MINT Samsung Galaxy A71 5G UW SM-A716V - 128GB - Prism Bricks Black (Verizon)"
13,4.5 out of 5 stars,"(57)
57 product ratings - Apple iPhone 8 Plus 64GB Factory Unlocked AT&T Verizon T-Mobile Unlocked"
14,4.5 out of 5 stars,"(200)
200 product ratings - FOUR TESTED GSM UNLOCKED SPACE GRAY APPLE iPhone 8, 64GB A1905 PHONES R385P"
15,4.5 out of 5 stars,"(20)
20 product ratings - Apple iPhone XR - 64GB - White (T-Mobile) A1984 (CDMA + GSM)"
16,5 out of 5 stars,"(9)
9 product ratings - CAT S60 - 32GB - Black (Unlocked) Smartphone (Dual SIM)"
17,4.5 out of 5 stars,"(174)
174 product ratings - Apple iPhone 8 64GB Unlocked A1905 GSM - Space Gray - Used - Excellent Condition"
18,4.5 out of 5 stars,"(216)
216 product ratings - Apple iPhone X - Silver (64 GB) UNLOCKED"
19,5 out of 5 stars,"(33)
33 product ratings - LG Stylo 6 Unlocked Worldwide 64GB/3GBRam/13MP Camera(Brand New)"
20,4.5 out of 5 stars,"(5)
5 product ratings - Google Pixel 3 XL 64GB Unlocked - Used - White"
21,4.5 out of 5 stars,"(126)
126 product ratings - Apple iPhone XR - 64GB - White (Unlocked) A1984 (CDMA + GSM)"
22,5 out of 5 stars,"(1)
1 product ratings - Apple iPhone 7 32GB Unlocked Smartphone AT&T Verizon T-Mobile Factory Unlocked"
23,5 out of 5 stars,"(4)
4 product ratings - Samsung S21 Ultra * UNLOCKED & MINT * Extras Included"
24,5 out of 5 stars,"(8)
8 product ratings - TESTED GRAY CDMA + GSM UNLOCKED APPLE iPhone 11 PRO, 256GB A2160 MW9G2LL/A J60T"
25,4.5 out of 5 stars,"(11)
11 product ratings - Apple iPhone XS - 256GB - Gold (GSM Unlocked)"
26,4.5 out of 5 stars,"(23)
23 product ratings - Samsung Galaxy A21 Carrier Unlocked 32GB-4G Single Sim Worldwide (Brand New)"
27,4.5 out of 5 stars,"(98)
98 product ratings - READ DESCRIPTION Google Pixel 1st Gen (Unlocked) Smartphone Android 155"
28,4.5 out of 5 stars,"(33)
33 product ratings - Apple iPhone SE 64GB - Space Gray (Unlocked Sprint) A1723 (CDMA + GSM) MLMH2LL/A"
29,4.5 out of 5 stars,"(24)
24 product ratings - Apple iPhone 11 Pro Max - 256GB - Silver (Unlocked) A2161 (CDMA + GSM)"
30,4.5 out of 5 stars,"(9)
9 product ratings - Apple iPhone 8 64GB 256GB - Unlocked AT&T T-Mobile Verizon Sprint"
31,4.5 out of 5 stars,"(22)
22 product ratings - UNLOCKED Sony Xperia XA2 Ultra 32GB Black Smartphone 4K Vid+23MP Cam Black B"
32,5 out of 5 stars,"(13)
13 product ratings - Google Pixel 1 Pixel XL 1 Gen Unlocked Android Smartphone GSM + CDMA 32,128, GB"
33,5 out of 5 stars,"(94)
94 product ratings - TESTED BLACK CDMA + GSM UNLOCKED APPLE iPhone XR, 64GB A1984 MT3K2LL/A J190T"
34,4.5 out of 5 stars,"(40)
40 product ratings - [SEALED] BlackBerry Evolve 64GB Black GSM Unlocked Dual SIM International Model"
35,4.5 out of 5 stars,"(59)
59 product ratings - Apple iPhone 7 Plus - 32GB - A1784 - Gold (Unlocked)"
36,4.5 out of 5 stars,"(98)
98 product ratings - Apple iPhone 7 Plus - 32GB - Rose Gold (T-Mobile) (Unlocked)"
37,4.5 out of 5 stars,"(43)
43 product ratings - Google - Pixel 3 with 64GB Memory Cell Phone (Unlocked) - Not Pink - New SEALED"
38,4.5 out of 5 stars,"(15)
15 product ratings - Apple iPhone 7 Unlocked 32GB Black - AT&T T-Mobile Verizon GSM Unlocked"
39,5 out of 5 stars,"(4)
4 product ratings - Google - Pixel 3 XL with 128GB Memory Cell Phone (Unlocked) - Not Pink"
40,4.5 out of 5 stars,"(58)
58 product ratings - Google Pixel 3 Pixel 3 XL 64GB CDMA + GSM Unlocked 4G LTE Android Smartphone"
41,4.5 out of 5 stars,"(17)
17 product ratings - Apple iPhone 8 64GB Unlocked Smartphone AT&T Verizon T-Mobile Factory Unlocked"
42,5 out of 5 stars,"(1)
1 product ratings - Apple iPhone 7 32GB Factory Unlocked 4G LTE iOS WiFi Smartphone"
43,5 out of 5 stars,"(1)
1 product ratings - Caterpillar CAT B26 (Factory Unlocked) Waterproof Rugged GSM ONLY DUAL SIM NEW"
44,5 out of 5 stars,"(1)
1 product ratings - Apple iPhone 8 64GB GSM Factory Unlocked Smartphone"
45,4.5 out of 5 stars,"(4)
4 product ratings - Google - Pixel 3 XL with 128GB Memory Cell Phone (Unlocked) - Just Black"
46,4.5 out of 5 stars,"(117)
117 product ratings - Apple iPhone 7 Plus - 128GB - Jet Black (ATT) A1784 (GSM)"
47,4.5 out of 5 stars,"(45)
45 product ratings - TESTED BLACK CDMA + GSM UNLOCKED APPLE iPhone 11, 128GB A2111 MWLE2LL/A J245T"
48,4.5 out of 5 stars,"(14)
14 product ratings - Samsung Galaxy Z Flip 256GB Mirror Black Unlocked **FREE Accessories & Shipping*"
49,4.5 out of 5 stars,"(19)
19 product ratings - MINT Samsung Galaxy A71 5G UW SM-A716V - 128GB - Prism Bricks Black (Verizon)"
50,4.5 out of 5 stars,"(57)
57 product ratings - Apple iPhone 8 Plus 64GB Factory Unlocked AT&T Verizon T-Mobile Unlocked"
51,4.5 out of 5 stars,"(200)
200 product ratings - FOUR TESTED GSM UNLOCKED SPACE GRAY APPLE iPhone 8, 64GB A1905 PHONES R385P"
52,4.5 out of 5 stars,"(20)
20 product ratings - Apple iPhone XR - 64GB - White (T-Mobile) A1984 (CDMA + GSM)"
53,5 out of 5 stars,"(9)
9 product ratings - CAT S60 - 32GB - Black (Unlocked) Smartphone (Dual SIM)"
54,4.5 out of 5 stars,"(174)
174 product ratings - Apple iPhone 8 64GB Unlocked A1905 GSM - Space Gray - Used - Excellent Condition"
55,4.5 out of 5 stars,"(216)
216 product ratings - Apple iPhone X - Silver (64 GB) UNLOCKED"
56,5 out of 5 stars,"(33)
33 product ratings - LG Stylo 6 Unlocked Worldwide 64GB/3GBRam/13MP Camera(Brand New)"
57,4.5 out of 5 stars,"(5)
5 product ratings - Google Pixel 3 XL 64GB Unlocked - Used - White"
58,4.5 out of 5 stars,"(126)
126 product ratings - Apple iPhone XR - 64GB - White (Unlocked) A1984 (CDMA + GSM)"
59,5 out of 5 stars,"(1)
1 product ratings - Apple iPhone 7 32GB Unlocked Smartphone AT&T Verizon T-Mobile Factory Unlocked"
60,5 out of 5 stars,"(4)
4 product ratings - Samsung S21 Ultra * UNLOCKED & MINT * Extras Included"
61,5 out of 5 stars,"(8)
8 product ratings - TESTED GRAY CDMA + GSM UNLOCKED APPLE iPhone 11 PRO, 256GB A2160 MW9G2LL/A J60T"
62,4.5 out of 5 stars,"(11)
11 product ratings - Apple iPhone XS - 256GB - Gold (GSM Unlocked)"
63,4.5 out of 5 stars,"(23)
23 product ratings - Samsung Galaxy A21 Carrier Unlocked 32GB-4G Single Sim Worldwide (Brand New)"
64,4.5 out of 5 stars,"(98)
98 product ratings - READ DESCRIPTION Google Pixel 1st Gen (Unlocked) Smartphone Android 155"
65,4.5 out of 5 stars,"(33)
33 product ratings - Apple iPhone SE 64GB - Space Gray (Unlocked Sprint) A1723 (CDMA + GSM) MLMH2LL/A"
66,4.5 out of 5 stars,"(24)
24 product ratings - Apple iPhone 11 Pro Max - 256GB - Silver (Unlocked) A2161 (CDMA + GSM)"
67,4.5 out of 5 stars,"(9)
9 product ratings - Apple iPhone 8 64GB 256GB - Unlocked AT&T T-Mobile Verizon Sprint"
68,4.5 out of 5 stars,"(22)
22 product ratings - UNLOCKED Sony Xperia XA2 Ultra 32GB Black Smartphone 4K Vid+23MP Cam Black B"
69,5 out of 5 stars,"(13)
13 product ratings - Google Pixel 1 Pixel XL 1 Gen Unlocked Android Smartphone GSM + CDMA 32,128, GB"
70,5 out of 5 stars,"(94)
94 product ratings - TESTED BLACK CDMA + GSM UNLOCKED APPLE iPhone XR, 64GB A1984 MT3K2LL/A J190T"
71,4.5 out of 5 stars,"(40)
40 product ratings - [SEALED] BlackBerry Evolve 64GB Black GSM Unlocked Dual SIM International Model"
72,4.5 out of 5 stars,"(59)
59 product ratings - Apple iPhone 7 Plus - 32GB - A1784 - Gold (Unlocked)"
73,4.5 out of 5 stars,"(98)
98 product ratings - Apple iPhone 7 Plus - 32GB - Rose Gold (T-Mobile) (Unlocked)"
74,4.5 out of 5 stars,"(43)
43 product ratings - Google - Pixel 3 with 64GB Memory Cell Phone (Unlocked) - Not Pink - New SEALED"
75,4.5 out of 5 stars,"(15)
15 product ratings - Apple iPhone 7 Unlocked 32GB Black - AT&T T-Mobile Verizon GSM Unlocked"
76,5 out of 5 stars,"(4)
4 product ratings - Google - Pixel 3 XL with 128GB Memory Cell Phone (Unlocked) - Not Pink"
77,4.5 out of 5 stars,"(58)
58 product ratings - Google Pixel 3 Pixel 3 XL 64GB CDMA + GSM Unlocked 4G LTE Android Smartphone"
78,4.5 out of 5 stars,"(17)
17 product ratings - Apple iPhone 8 64GB Unlocked Smartphone AT&T Verizon T-Mobile Factory Unlocked"
79,5 out of 5 stars,"(1)
1 product ratings - Apple iPhone 7 32GB Factory Unlocked 4G LTE iOS WiFi Smartphone"
80,5 out of 5 stars,"(1)
1 product ratings - Caterpillar CAT B26 (Factory Unlocked) Waterproof Rugged GSM ONLY DUAL SIM NEW"
81,5 out of 5 stars,"(1)
1 product ratings - Apple iPhone 8 64GB GSM Factory Unlocked Smartphone"
82,4.5 out of 5 stars,"(4)
4 product ratings - Google - Pixel 3 XL with 128GB Memory Cell Phone (Unlocked) - Just Black"
83,4.5 out of 5 stars,"(117)
117 product ratings - Apple iPhone 7 Plus - 128GB - Jet Black (ATT) A1784 (GSM)"
84,4.5 out of 5 stars,"(45)
45 product ratings - TESTED BLACK CDMA + GSM UNLOCKED APPLE iPhone 11, 128GB A2111 MWLE2LL/A J245T"
85,4.5 out of 5 stars,"(14)
14 product ratings - Samsung Galaxy Z Flip 256GB Mirror Black Unlocked **FREE Accessories & Shipping*"
86,4.5 out of 5 stars,"(19)
19 product ratings - MINT Samsung Galaxy A71 5G UW SM-A716V - 128GB - Prism Bricks Black (Verizon)"
87,4.5 out of 5 stars,"(57)
57 product ratings - Apple iPhone 8 Plus 64GB Factory Unlocked AT&T Verizon T-Mobile Unlocked"
88,4.5 out of 5 stars,"(200)
200 product ratings - FOUR TESTED GSM UNLOCKED SPACE GRAY APPLE iPhone 8, 64GB A1905 PHONES R385P"
89,4.5 out of 5 stars,"(20)
20 product ratings - Apple iPhone XR - 64GB - White (T-Mobile) A1984 (CDMA + GSM)"
90,5 out of 5 stars,"(9)
9 product ratings - CAT S60 - 32GB - Black (Unlocked) Smartphone (Dual SIM)"
91,4.5 out of 5 stars,"(174)
174 product ratings - Apple iPhone 8 64GB Unlocked A1905 GSM - Space Gray - Used - Excellent Condition"
92,4.5 out of 5 stars,"(216)
216 product ratings - Apple iPhone X - Silver (64 GB) UNLOCKED"
93,5 out of 5 stars,"(33)
33 product ratings - LG Stylo 6 Unlocked Worldwide 64GB/3GBRam/13MP Camera(Brand New)"
94,4.5 out of 5 stars,"(5)
5 product ratings - Google Pixel 3 XL 64GB Unlocked - Used - White"
95,4.5 out of 5 stars,"(126)
126 product ratings - Apple iPhone XR - 64GB - White (Unlocked) A1984 (CDMA + GSM)"
96,5 out of 5 stars,"(1)
1 product ratings - Apple iPhone 7 32GB Unlocked Smartphone AT&T Verizon T-Mobile Factory Unlocked"
97,5 out of 5 stars,"(4)
4 product ratings - Samsung S21 Ultra * UNLOCKED & MINT * Extras Included"
98,5 out of 5 stars,"(8)
8 product ratings - TESTED GRAY CDMA + GSM UNLOCKED APPLE iPhone 11 PRO, 256GB A2160 MW9G2LL/A J60T"
99,4.5 out of 5 stars,"(11)
11 product ratings - Apple iPhone XS - 256GB - Gold (GSM Unlocked)"
100,4.5 out of 5 stars,"(23)
23 product ratings - Samsung Galaxy A21 Carrier Unlocked 32GB-4G Single Sim Worldwide (Brand New)"
101,4.5 out of 5 stars,"(98)
98 product ratings - READ DESCRIPTION Google Pixel 1st Gen (Unlocked) Smartphone Android 155"
102,4.5 out of 5 stars,"(33)
33 product ratings - Apple iPhone SE 64GB - Space Gray (Unlocked Sprint) A1723 (CDMA + GSM) MLMH2LL/A"
103,4.5 out of 5 stars,"(24)
24 product ratings - Apple iPhone 11 Pro Max - 256GB - Silver (Unlocked) A2161 (CDMA + GSM)"
104,4.5 out of 5 stars,"(9)
9 product ratings - Apple iPhone 8 64GB 256GB - Unlocked AT&T T-Mobile Verizon Sprint"
105,4.5 out of 5 stars,"(22)
22 product ratings - UNLOCKED Sony Xperia XA2 Ultra 32GB Black Smartphone 4K Vid+23MP Cam Black B"
106,5 out of 5 stars,"(13)
13 product ratings - Google Pixel 1 Pixel XL 1 Gen Unlocked Android Smartphone GSM + CDMA 32,128, GB"
107,5 out of 5 stars,"(94)
94 product ratings - TESTED BLACK CDMA + GSM UNLOCKED APPLE iPhone XR, 64GB A1984 MT3K2LL/A J190T"
108,4.5 out of 5 stars,"(40)
40 product ratings - [SEALED] BlackBerry Evolve 64GB Black GSM Unlocked Dual SIM International Model"
109,4.5 out of 5 stars,"(59)
59 product ratings - Apple iPhone 7 Plus - 32GB - A1784 - Gold (Unlocked)"
110,4.5 out of 5 stars,"(98)
98 product ratings - Apple iPhone 7 Plus - 32GB - Rose Gold (T-Mobile) (Unlocked)"
111,4.5 out of 5 stars,"(43)
43 product ratings - Google - Pixel 3 with 64GB Memory Cell Phone (Unlocked) - Not Pink - New SEALED"
112,4.5 out of 5 stars,"(15)
15 product ratings - Apple iPhone 7 Unlocked 32GB Black - AT&T T-Mobile Verizon GSM Unlocked"
113,5 out of 5 stars,"(4)
4 product ratings - Google - Pixel 3 XL with 128GB Memory Cell Phone (Unlocked) - Not Pink"
114,4.5 out of 5 stars,"(58)
58 product ratings - Google Pixel 3 Pixel 3 XL 64GB CDMA + GSM Unlocked 4G LTE Android Smartphone"
115,4.5 out of 5 stars,"(17)
17 product ratings - Apple iPhone 8 64GB Unlocked Smartphone AT&T Verizon T-Mobile Factory Unlocked"
116,5 out of 5 stars,"(1)
1 product ratings - Apple iPhone 7 32GB Factory Unlocked 4G LTE iOS WiFi Smartphone"
117,5 out of 5 stars,"(1)
1 product ratings - Caterpillar CAT B26 (Factory Unlocked) Waterproof Rugged GSM ONLY DUAL SIM NEW"
118,5 out of 5 stars,"(1)
1 product ratings - Apple iPhone 8 64GB GSM Factory Unlocked Smartphone"
119,4.5 out of 5 stars,"(4)
4 product ratings - Google - Pixel 3 XL with 128GB Memory Cell Phone (Unlocked) - Just Black"
120,4.5 out of 5 stars,"(117)
117 product ratings - Apple iPhone 7 Plus - 128GB - Jet Black (ATT) A1784 (GSM)"
121,4.5 out of 5 stars,"(45)
45 product ratings - TESTED BLACK CDMA + GSM UNLOCKED APPLE iPhone 11, 128GB A2111 MWLE2LL/A J245T"
122,4.5 out of 5 stars,"(14)
14 product ratings - Samsung Galaxy Z Flip 256GB Mirror Black Unlocked **FREE Accessories & Shipping*"
123,4.5 out of 5 stars,"(19)
19 product ratings - MINT Samsung Galaxy A71 5G UW SM-A716V - 128GB - Prism Bricks Black (Verizon)"
124,4.5 out of 5 stars,"(57)
57 product ratings - Apple iPhone 8 Plus 64GB Factory Unlocked AT&T Verizon T-Mobile Unlocked"
125,4.5 out of 5 stars,"(200)
200 product ratings - FOUR TESTED GSM UNLOCKED SPACE GRAY APPLE iPhone 8, 64GB A1905 PHONES R385P"
126,4.5 out of 5 stars,"(20)
20 product ratings - Apple iPhone XR - 64GB - White (T-Mobile) A1984 (CDMA + GSM)"
127,5 out of 5 stars,"(9)
9 product ratings - CAT S60 - 32GB - Black (Unlocked) Smartphone (Dual SIM)"
128,4.5 out of 5 stars,"(174)
174 product ratings - Apple iPhone 8 64GB Unlocked A1905 GSM - Space Gray - Used - Excellent Condition"
129,4.5 out of 5 stars,"(216)
216 product ratings - Apple iPhone X - Silver (64 GB) UNLOCKED"
130,5 out of 5 stars,"(33)
33 product ratings - LG Stylo 6 Unlocked Worldwide 64GB/3GBRam/13MP Camera(Brand New)"
131,4.5 out of 5 stars,"(5)
5 product ratings - Google Pixel 3 XL 64GB Unlocked - Used - White"
132,4.5 out of 5 stars,"(126)
126 product ratings - Apple iPhone XR - 64GB - White (Unlocked) A1984 (CDMA + GSM)"
133,5 out of 5 stars,"(1)
1 product ratings - Apple iPhone 7 32GB Unlocked Smartphone AT&T Verizon T-Mobile Factory Unlocked"
134,5 out of 5 stars,"(4)
4 product ratings - Samsung S21 Ultra * UNLOCKED & MINT * Extras Included"
135,5 out of 5 stars,"(8)
8 product ratings - TESTED GRAY CDMA + GSM UNLOCKED APPLE iPhone 11 PRO, 256GB A2160 MW9G2LL/A J60T"
136,4.5 out of 5 stars,"(11)
11 product ratings - Apple iPhone XS - 256GB - Gold (GSM Unlocked)"
137,4.5 out of 5 stars,"(23)
23 product ratings - Samsung Galaxy A21 Carrier Unlocked 32GB-4G Single Sim Worldwide (Brand New)"
138,4.5 out of 5 stars,"(98)
98 product ratings - READ DESCRIPTION Google Pixel 1st Gen (Unlocked) Smartphone Android 155"
139,4.5 out of 5 stars,"(33)
33 product ratings - Apple iPhone SE 64GB - Space Gray (Unlocked Sprint) A1723 (CDMA + GSM) MLMH2LL/A"
140,4.5 out of 5 stars,"(24)
24 product ratings - Apple iPhone 11 Pro Max - 256GB - Silver (Unlocked) A2161 (CDMA + GSM)"
141,4.5 out of 5 stars,"(9)
9 product ratings - Apple iPhone 8 64GB 256GB - Unlocked AT&T T-Mobile Verizon Sprint"
142,4.5 out of 5 stars,"(22)
22 product ratings - UNLOCKED Sony Xperia XA2 Ultra 32GB Black Smartphone 4K Vid+23MP Cam Black B"
143,5 out of 5 stars,"(13)
13 product ratings - Google Pixel 1 Pixel XL 1 Gen Unlocked Android Smartphone GSM + CDMA 32,128, GB"
144,5 out of 5 stars,"(94)
94 product ratings - TESTED BLACK CDMA + GSM UNLOCKED APPLE iPhone XR, 64GB A1984 MT3K2LL/A J190T"
145,4.5 out of 5 stars,"(40)
40 product ratings - [SEALED] BlackBerry Evolve 64GB Black GSM Unlocked Dual SIM International Model"
146,4.5 out of 5 stars,"(59)
59 product ratings - Apple iPhone 7 Plus - 32GB - A1784 - Gold (Unlocked)"
147,4.5 out of 5 stars,"(98)
98 product ratings - Apple iPhone 7 Plus - 32GB - Rose Gold (T-Mobile) (Unlocked)"
148,4.5 out of 5 stars,"(43)
43 product ratings - Google - Pixel 3 with 64GB Memory Cell Phone (Unlocked) - Not Pink - New SEALED"
149,4.5 out of 5 stars,"(15)
15 product ratings - Apple iPhone 7 Unlocked 32GB Black - AT&T T-Mobile Verizon GSM Unlocked"
150,5 out of 5 stars,"(4)
4 product ratings - Google - Pixel 3 XL with 128GB Memory Cell Phone (Unlocked) - Not Pink"
151,4.5 out of 5 stars,"(58)
58 product ratings - Google Pixel 3 Pixel 3 XL 64GB CDMA + GSM Unlocked 4G LTE Android Smartphone"
152,4.5 out of 5 stars,"(17)
17 product ratings - Apple iPhone 8 64GB Unlocked Smartphone AT&T Verizon T-Mobile Factory Unlocked"
153,5 out of 5 stars,"(1)
1 product ratings - Apple iPhone 7 32GB Factory Unlocked 4G LTE iOS WiFi Smartphone"
154,5 out of 5 stars,"(1)
1 product ratings - Caterpillar CAT B26 (Factory Unlocked) Waterproof Rugged GSM ONLY DUAL SIM NEW"
155,5 out of 5 stars,"(1)
1 product ratings - Apple iPhone 8 64GB GSM Factory Unlocked Smartphone"
156,4.5 out of 5 stars,"(4)
4 product ratings - Google - Pixel 3 XL with 128GB Memory Cell Phone (Unlocked) - Just Black"
157,4.5 out of 5 stars,"(117)
117 product ratings - Apple iPhone 7 Plus - 128GB - Jet Black (ATT) A1784 (GSM)"
158,4.5 out of 5 stars,"(45)
45 product ratings - TESTED BLACK CDMA + GSM UNLOCKED APPLE iPhone 11, 128GB A2111 MWLE2LL/A J245T"
159,4.5 out of 5 stars,"(14)
14 product ratings - Samsung Galaxy Z Flip 256GB Mirror Black Unlocked **FREE Accessories & Shipping*"
160,4.5 out of 5 stars,"(19)
19 product ratings - MINT Samsung Galaxy A71 5G UW SM-A716V - 128GB - Prism Bricks Black (Verizon)"
161,4.5 out of 5 stars,"(57)
57 product ratings - Apple iPhone 8 Plus 64GB Factory Unlocked AT&T Verizon T-Mobile Unlocked"
162,4.5 out of 5 stars,"(200)
200 product ratings - FOUR TESTED GSM UNLOCKED SPACE GRAY APPLE iPhone 8, 64GB A1905 PHONES R385P"
163,4.5 out of 5 stars,"(20)
20 product ratings - Apple iPhone XR - 64GB - White (T-Mobile) A1984 (CDMA + GSM)"
164,5 out of 5 stars,"(9)
9 product ratings - CAT S60 - 32GB - Black (Unlocked) Smartphone (Dual SIM)"
165,4.5 out of 5 stars,"(174)
174 product ratings - Apple iPhone 8 64GB Unlocked A1905 GSM - Space Gray - Used - Excellent Condition"
166,4.5 out of 5 stars,"(216)
216 product ratings - Apple iPhone X - Silver (64 GB) UNLOCKED"
167,5 out of 5 stars,"(33)
33 product ratings - LG Stylo 6 Unlocked Worldwide 64GB/3GBRam/13MP Camera(Brand New)"
168,4.5 out of 5 stars,"(5)
5 product ratings - Google Pixel 3 XL 64GB Unlocked - Used - White"
169,4.5 out of 5 stars,"(126)
126 product ratings - Apple iPhone XR - 64GB - White (Unlocked) A1984 (CDMA + GSM)"
170,5 out of 5 stars,"(1)
1 product ratings - Apple iPhone 7 32GB Unlocked Smartphone AT&T Verizon T-Mobile Factory Unlocked"
171,5 out of 5 stars,"(4)
4 product ratings - Samsung S21 Ultra * UNLOCKED & MINT * Extras Included"
172,5 out of 5 stars,"(8)
8 product ratings - TESTED GRAY CDMA + GSM UNLOCKED APPLE iPhone 11 PRO, 256GB A2160 MW9G2LL/A J60T"
173,4.5 out of 5 stars,"(11)
11 product ratings - Apple iPhone XS - 256GB - Gold (GSM Unlocked)"
174,4.5 out of 5 stars,"(23)
23 product ratings - Samsung Galaxy A21 Carrier Unlocked 32GB-4G Single Sim Worldwide (Brand New)"
175,4.5 out of 5 stars,"(98)
98 product ratings - READ DESCRIPTION Google Pixel 1st Gen (Unlocked) Smartphone Android 155"
176,4.5 out of 5 stars,"(33)
33 product ratings - Apple iPhone SE 64GB - Space Gray (Unlocked Sprint) A1723 (CDMA + GSM) MLMH2LL/A"
177,4.5 out of 5 stars,"(24)
24 product ratings - Apple iPhone 11 Pro Max - 256GB - Silver (Unlocked) A2161 (CDMA + GSM)"
178,4.5 out of 5 stars,"(9)
9 product ratings - Apple iPhone 8 64GB 256GB - Unlocked AT&T T-Mobile Verizon Sprint"
179,4.5 out of 5 stars,"(22)
22 product ratings - UNLOCKED Sony Xperia XA2 Ultra 32GB Black Smartphone 4K Vid+23MP Cam Black B"
180,5 out of 5 stars,"(13)
13 product ratings - Google Pixel 1 Pixel XL 1 Gen Unlocked Android Smartphone GSM + CDMA 32,128, GB"
181,5 out of 5 stars,"(94)
94 product ratings - TESTED BLACK CDMA + GSM UNLOCKED APPLE iPhone XR, 64GB A1984 MT3K2LL/A J190T"
182,4.5 out of 5 stars,"(40)
40 product ratings - [SEALED] BlackBerry Evolve 64GB Black GSM Unlocked Dual SIM International Model"
183,4.5 out of 5 stars,"(59)
59 product ratings - Apple iPhone 7 Plus - 32GB - A1784 - Gold (Unlocked)"
184,4.5 out of 5 stars,"(98)
98 product ratings - Apple iPhone 7 Plus - 32GB - Rose Gold (T-Mobile) (Unlocked)"
185,4.5 out of 5 stars,"(43)
43 product ratings - Google - Pixel 3 with 64GB Memory Cell Phone (Unlocked) - Not Pink - New SEALED"
186,4.5 out of 5 stars,"(15)
15 product ratings - Apple iPhone 7 Unlocked 32GB Black - AT&T T-Mobile Verizon GSM Unlocked"
187,5 out of 5 stars,"(4)
4 product ratings - Google - Pixel 3 XL with 128GB Memory Cell Phone (Unlocked) - Not Pink"
188,4.5 out of 5 stars,"(58)
58 product ratings - Google Pixel 3 Pixel 3 XL 64GB CDMA + GSM Unlocked 4G LTE Android Smartphone"
189,4.5 out of 5 stars,"(17)
17 product ratings - Apple iPhone 8 64GB Unlocked Smartphone AT&T Verizon T-Mobile Factory Unlocked"
190,5 out of 5 stars,"(1)
1 product ratings - Apple iPhone 7 32GB Factory Unlocked 4G LTE iOS WiFi Smartphone"
191,5 out of 5 stars,"(1)
1 product ratings - Caterpillar CAT B26 (Factory Unlocked) Waterproof Rugged GSM ONLY DUAL SIM NEW"
192,5 out of 5 stars,"(1)
1 product ratings - Apple iPhone 8 64GB GSM Factory Unlocked Smartphone"
193,4.5 out of 5 stars,"(4)
4 product ratings - Google - Pixel 3 XL with 128GB Memory Cell Phone (Unlocked) - Just Black"
194,4.5 out of 5 stars,"(117)
117 product ratings - Apple iPhone 7 Plus - 128GB - Jet Black (ATT) A1784 (GSM)"
195,4.5 out of 5 stars,"(45)
45 product ratings - TESTED BLACK CDMA + GSM UNLOCKED APPLE iPhone 11, 128GB A2111 MWLE2LL/A J245T"
196,4.5 out of 5 stars,"(14)
14 product ratings - Samsung Galaxy Z Flip 256GB Mirror Black Unlocked **FREE Accessories & Shipping*"
197,4.5 out of 5 stars,"(19)
19 product ratings - MINT Samsung Galaxy A71 5G UW SM-A716V - 128GB - Prism Bricks Black (Verizon)"
198,4.5 out of 5 stars,"(57)
57 product ratings - Apple iPhone 8 Plus 64GB Factory Unlocked AT&T Verizon T-Mobile Unlocked"
199,4.5 out of 5 stars,"(200)
200 product ratings - FOUR TESTED GSM UNLOCKED SPACE GRAY APPLE iPhone 8, 64GB A1905 PHONES R385P"
200,4.5 out of 5 stars,"(20)
20 product ratings - Apple iPhone XR - 64GB - White (T-Mobile) A1984 (CDMA + GSM)"
201,5 out of 5 stars,"(9)
9 product ratings - CAT S60 - 32GB - Black (Unlocked) Smartphone (Dual SIM)"
202,4.5 out of 5 stars,"(174)
174 product ratings - Apple iPhone 8 64GB Unlocked A1905 GSM - Space Gray - Used - Excellent Condition"
203,4.5 out of 5 stars,"(216)
216 product ratings - Apple iPhone X - Silver (64 GB) UNLOCKED"
204,5 out of 5 stars,"(33)
33 product ratings - LG Stylo 6 Unlocked Worldwide 64GB/3GBRam/13MP Camera(Brand New)"
205,4.5 out of 5 stars,"(5)
5 product ratings - Google Pixel 3 XL 64GB Unlocked - Used - White"
206,4.5 out of 5 stars,"(126)
126 product ratings - Apple iPhone XR - 64GB - White (Unlocked) A1984 (CDMA + GSM)"
207,5 out of 5 stars,"(1)
1 product ratings - Apple iPhone 7 32GB Unlocked Smartphone AT&T Verizon T-Mobile Factory Unlocked"
208,5 out of 5 stars,"(4)
4 product ratings - Samsung S21 Ultra * UNLOCKED & MINT * Extras Included"
209,5 out of 5 stars,"(8)
8 product ratings - TESTED GRAY CDMA + GSM UNLOCKED APPLE iPhone 11 PRO, 256GB A2160 MW9G2LL/A J60T"
210,4.5 out of 5 stars,"(11)
11 product ratings - Apple iPhone XS - 256GB - Gold (GSM Unlocked)"
211,4.5 out of 5 stars,"(23)
23 product ratings - Samsung Galaxy A21 Carrier Unlocked 32GB-4G Single Sim Worldwide (Brand New)"
212,4.5 out of 5 stars,"(98)
98 product ratings - READ DESCRIPTION Google Pixel 1st Gen (Unlocked) Smartphone Android 155"
213,4.5 out of 5 stars,"(33)
33 product ratings - Apple iPhone SE 64GB - Space Gray (Unlocked Sprint) A1723 (CDMA + GSM) MLMH2LL/A"
214,4.5 out of 5 stars,"(24)
24 product ratings - Apple iPhone 11 Pro Max - 256GB - Silver (Unlocked) A2161 (CDMA + GSM)"
215,4.5 out of 5 stars,"(9)
9 product ratings - Apple iPhone 8 64GB 256GB - Unlocked AT&T T-Mobile Verizon Sprint"
216,4.5 out of 5 stars,"(22)
22 product ratings - UNLOCKED Sony Xperia XA2 Ultra 32GB Black Smartphone 4K Vid+23MP Cam Black B"
217,5 out of 5 stars,"(13)
13 product ratings - Google Pixel 1 Pixel XL 1 Gen Unlocked Android Smartphone GSM + CDMA 32,128, GB"
218,5 out of 5 stars,"(94)
94 product ratings - TESTED BLACK CDMA + GSM UNLOCKED APPLE iPhone XR, 64GB A1984 MT3K2LL/A J190T"
219,4.5 out of 5 stars,"(40)
40 product ratings - [SEALED] BlackBerry Evolve 64GB Black GSM Unlocked Dual SIM International Model"
220,4.5 out of 5 stars,"(59)
59 product ratings - Apple iPhone 7 Plus - 32GB - A1784 - Gold (Unlocked)"
221,4.5 out of 5 stars,"(98)
98 product ratings - Apple iPhone 7 Plus - 32GB - Rose Gold (T-Mobile) (Unlocked)"
222,4.5 out of 5 stars,"(43)
43 product ratings - Google - Pixel 3 with 64GB Memory Cell Phone (Unlocked) - Not Pink - New SEALED"
223,4.5 out of 5 stars,"(15)
15 product ratings - Apple iPhone 7 Unlocked 32GB Black - AT&T T-Mobile Verizon GSM Unlocked"
224,5 out of 5 stars,"(4)
4 product ratings - Google - Pixel 3 XL with 128GB Memory Cell Phone (Unlocked) - Not Pink"
225,4.5 out of 5 stars,"(58)
58 product ratings - Google Pixel 3 Pixel 3 XL 64GB CDMA + GSM Unlocked 4G LTE Android Smartphone"
226,4.5 out of 5 stars,"(17)
17 product ratings - Apple iPhone 8 64GB Unlocked Smartphone AT&T Verizon T-Mobile Factory Unlocked"
227,5 out of 5 stars,"(1)
1 product ratings - Apple iPhone 7 32GB Factory Unlocked 4G LTE iOS WiFi Smartphone"
228,5 out of 5 stars,"(1)
1 product ratings - Caterpillar CAT B26 (Factory Unlocked) Waterproof Rugged GSM ONLY DUAL SIM NEW"
229,5 out of 5 stars,"(1)
1 product ratings - Apple iPhone 8 64GB GSM Factory Unlocked Smartphone"
230,4.5 out of 5 stars,"(4)
4 product ratings - Google - Pixel 3 XL with 128GB Memory Cell Phone (Unlocked) - Just Black"
231,4.5 out of 5 stars,"(117)
117 product ratings - Apple iPhone 7 Plus - 128GB - Jet Black (ATT) A1784 (GSM)"
232,4.5 out of 5 stars,"(45)
45 product ratings - TESTED BLACK CDMA + GSM UNLOCKED APPLE iPhone 11, 128GB A2111 MWLE2LL/A J245T"
233,4.5 out of 5 stars,"(14)
14 product ratings - Samsung Galaxy Z Flip 256GB Mirror Black Unlocked **FREE Accessories & Shipping*"
234,4.5 out of 5 stars,"(19)
19 product ratings - MINT Samsung Galaxy A71 5G UW SM-A716V - 128GB - Prism Bricks Black (Verizon)"
235,4.5 out of 5 stars,"(57)
57 product ratings - Apple iPhone 8 Plus 64GB Factory Unlocked AT&T Verizon T-Mobile Unlocked"
236,4.5 out of 5 stars,"(200)
200 product ratings - FOUR TESTED GSM UNLOCKED SPACE GRAY APPLE iPhone 8, 64GB A1905 PHONES R385P"
237,4.5 out of 5 stars,"(20)
20 product ratings - Apple iPhone XR - 64GB - White (T-Mobile) A1984 (CDMA + GSM)"
238,5 out of 5 stars,"(9)
9 product ratings - CAT S60 - 32GB - Black (Unlocked) Smartphone (Dual SIM)"
239,4.5 out of 5 stars,"(174)
174 product ratings - Apple iPhone 8 64GB Unlocked A1905 GSM - Space Gray - Used - Excellent Condition"
240,4.5 out of 5 stars,"(216)
216 product ratings - Apple iPhone X - Silver (64 GB) UNLOCKED"
241,5 out of 5 stars,"(33)
33 product ratings - LG Stylo 6 Unlocked Worldwide 64GB/3GBRam/13MP Camera(Brand New)"
242,4.5 out of 5 stars,"(5)
5 product ratings - Google Pixel 3 XL 64GB Unlocked - Used - White"
243,4.5 out of 5 stars,"(126)
126 product ratings - Apple iPhone XR - 64GB - White (Unlocked) A1984 (CDMA + GSM)"
244,5 out of 5 stars,"(1)
1 product ratings - Apple iPhone 7 32GB Unlocked Smartphone AT&T Verizon T-Mobile Factory Unlocked"
245,5 out of 5 stars,"(4)
4 product ratings - Samsung S21 Ultra * UNLOCKED & MINT * Extras Included"
246,5 out of 5 stars,"(8)
8 product ratings - TESTED GRAY CDMA + GSM UNLOCKED APPLE iPhone 11 PRO, 256GB A2160 MW9G2LL/A J60T"
247,4.5 out of 5 stars,"(11)
11 product ratings - Apple iPhone XS - 256GB - Gold (GSM Unlocked)"
248,4.5 out of 5 stars,"(23)
23 product ratings - Samsung Galaxy A21 Carrier Unlocked 32GB-4G Single Sim Worldwide (Brand New)"
249,4.5 out of 5 stars,"(98)
98 product ratings - READ DESCRIPTION Google Pixel 1st Gen (Unlocked) Smartphone Android 155"
250,4.5 out of 5 stars,"(33)
33 product ratings - Apple iPhone SE 64GB - Space Gray (Unlocked Sprint) A1723 (CDMA + GSM) MLMH2LL/A"
251,4.5 out of 5 stars,"(24)
24 product ratings - Apple iPhone 11 Pro Max - 256GB - Silver (Unlocked) A2161 (CDMA + GSM)"
252,4.5 out of 5 stars,"(9)
9 product ratings - Apple iPhone 8 64GB 256GB - Unlocked AT&T T-Mobile Verizon Sprint"
253,4.5 out of 5 stars,"(22)
22 product ratings - UNLOCKED Sony Xperia XA2 Ultra 32GB Black Smartphone 4K Vid+23MP Cam Black B"
254,5 out of 5 stars,"(13)
13 product ratings - Google Pixel 1 Pixel XL 1 Gen Unlocked Android Smartphone GSM + CDMA 32,128, GB"
255,5 out of 5 stars,"(94)
94 product ratings - TESTED BLACK CDMA + GSM UNLOCKED APPLE iPhone XR, 64GB A1984 MT3K2LL/A J190T"
256,4.5 out of 5 stars,"(40)
40 product ratings - [SEALED] BlackBerry Evolve 64GB Black GSM Unlocked Dual SIM International Model"
257,4.5 out of 5 stars,"(59)
59 product ratings - Apple iPhone 7 Plus - 32GB - A1784 - Gold (Unlocked)"
258,4.5 out of 5 stars,"(98)
98 product ratings - Apple iPhone 7 Plus - 32GB - Rose Gold (T-Mobile) (Unlocked)"
259,4.5 out of 5 stars,"(43)
43 product ratings - Google - Pixel 3 with 64GB Memory Cell Phone (Unlocked) - Not Pink - New SEALED"
260,4.5 out of 5 stars,"(15)
15 product ratings - Apple iPhone 7 Unlocked 32GB Black - AT&T T-Mobile Verizon GSM Unlocked"
261,5 out of 5 stars,"(4)
4 product ratings - Google - Pixel 3 XL with 128GB Memory Cell Phone (Unlocked) - Not Pink"
262,4.5 out of 5 stars,"(58)
58 product ratings - Google Pixel 3 Pixel 3 XL 64GB CDMA + GSM Unlocked 4G LTE Android Smartphone"
263,4.5 out of 5 stars,"(17)
17 product ratings - Apple iPhone 8 64GB Unlocked Smartphone AT&T Verizon T-Mobile Factory Unlocked"
264,5 out of 5 stars,"(1)
1 product ratings - Apple iPhone 7 32GB Factory Unlocked 4G LTE iOS WiFi Smartphone"
265,5 out of 5 stars,"(1)
1 product ratings - Caterpillar CAT B26 (Factory Unlocked) Waterproof Rugged GSM ONLY DUAL SIM NEW"
266,5 out of 5 stars,"(1)
1 product ratings - Apple iPhone 8 64GB GSM Factory Unlocked Smartphone"
267,4.5 out of 5 stars,"(4)
4 product ratings - Google - Pixel 3 XL with 128GB Memory Cell Phone (Unlocked) - Just Black"
268,4.5 out of 5 stars,"(117)
117 product ratings - Apple iPhone 7 Plus - 128GB - Jet Black (ATT) A1784 (GSM)"
269,4.5 out of 5 stars,"(45)
45 product ratings - TESTED BLACK CDMA + GSM UNLOCKED APPLE iPhone 11, 128GB A2111 MWLE2LL/A J245T"
270,4.5 out of 5 stars,"(14)
14 product ratings - Samsung Galaxy Z Flip 256GB Mirror Black Unlocked **FREE Accessories & Shipping*"
271,4.5 out of 5 stars,"(19)
19 product ratings - MINT Samsung Galaxy A71 5G UW SM-A716V - 128GB - Prism Bricks Black (Verizon)"
272,4.5 out of 5 stars,"(57)
57 product ratings - Apple iPhone 8 Plus 64GB Factory Unlocked AT&T Verizon T-Mobile Unlocked"
273,4.5 out of 5 stars,"(200)
200 product ratings - FOUR TESTED GSM UNLOCKED SPACE GRAY APPLE iPhone 8, 64GB A1905 PHONES R385P"
274,4.5 out of 5 stars,"(20)
20 product ratings - Apple iPhone XR - 64GB - White (T-Mobile) A1984 (CDMA + GSM)"
275,5 out of 5 stars,"(9)
9 product ratings - CAT S60 - 32GB - Black (Unlocked) Smartphone (Dual SIM)"
276,4.5 out of 5 stars,"(174)
174 product ratings - Apple iPhone 8 64GB Unlocked A1905 GSM - Space Gray - Used - Excellent Condition"
277,4.5 out of 5 stars,"(216)
216 product ratings - Apple iPhone X - Silver (64 GB) UNLOCKED"
278,5 out of 5 stars,"(33)
33 product ratings - LG Stylo 6 Unlocked Worldwide 64GB/3GBRam/13MP Camera(Brand New)"
279,4.5 out of 5 stars,"(5)
5 product ratings - Google Pixel 3 XL 64GB Unlocked - Used - White"
280,4.5 out of 5 stars,"(126)
126 product ratings - Apple iPhone XR - 64GB - White (Unlocked) A1984 (CDMA + GSM)"
281,5 out of 5 stars,"(1)
1 product ratings - Apple iPhone 7 32GB Unlocked Smartphone AT&T Verizon T-Mobile Factory Unlocked"
282,5 out of 5 stars,"(4)
4 product ratings - Samsung S21 Ultra * UNLOCKED & MINT * Extras Included"
283,5 out of 5 stars,"(8)
8 product ratings - TESTED GRAY CDMA + GSM UNLOCKED APPLE iPhone 11 PRO, 256GB A2160 MW9G2LL/A J60T"
284,4.5 out of 5 stars,"(11)
11 product ratings - Apple iPhone XS - 256GB - Gold (GSM Unlocked)"
285,4.5 out of 5 stars,"(23)
23 product ratings - Samsung Galaxy A21 Carrier Unlocked 32GB-4G Single Sim Worldwide (Brand New)"
286,4.5 out of 5 stars,"(98)
98 product ratings - READ DESCRIPTION Google Pixel 1st Gen (Unlocked) Smartphone Android 155"
287,4.5 out of 5 stars,"(33)
33 product ratings - Apple iPhone SE 64GB - Space Gray (Unlocked Sprint) A1723 (CDMA + GSM) MLMH2LL/A"
288,4.5 out of 5 stars,"(24)
24 product ratings - Apple iPhone 11 Pro Max - 256GB - Silver (Unlocked) A2161 (CDMA + GSM)"
289,4.5 out of 5 stars,"(9)
9 product ratings - Apple iPhone 8 64GB 256GB - Unlocked AT&T T-Mobile Verizon Sprint"
290,4.5 out of 5 stars,"(22)
22 product ratings - UNLOCKED Sony Xperia XA2 Ultra 32GB Black Smartphone 4K Vid+23MP Cam Black B"
291,5 out of 5 stars,"(13)
13 product ratings - Google Pixel 1 Pixel XL 1 Gen Unlocked Android Smartphone GSM + CDMA 32,128, GB"
292,5 out of 5 stars,"(94)
94 product ratings - TESTED BLACK CDMA + GSM UNLOCKED APPLE iPhone XR, 64GB A1984 MT3K2LL/A J190T"
293,4.5 out of 5 stars,"(40)
40 product ratings - [SEALED] BlackBerry Evolve 64GB Black GSM Unlocked Dual SIM International Model"
294,4.5 out of 5 stars,"(59)
59 product ratings - Apple iPhone 7 Plus - 32GB - A1784 - Gold (Unlocked)"
295,4.5 out of 5 stars,"(98)
98 product ratings - Apple iPhone 7 Plus - 32GB - Rose Gold (T-Mobile) (Unlocked)"
296,4.5 out of 5 stars,"(43)
43 product ratings - Google - Pixel 3 with 64GB Memory Cell Phone (Unlocked) - Not Pink - New SEALED"
297,4.5 out of 5 stars,"(15)
15 product ratings - Apple iPhone 7 Unlocked 32GB Black - AT&T T-Mobile Verizon GSM Unlocked"
298,5 out of 5 stars,"(4)
4 product ratings - Google - Pixel 3 XL with 128GB Memory Cell Phone (Unlocked) - Not Pink"
299,4.5 out of 5 stars,"(58)
58 product ratings - Google Pixel 3 Pixel 3 XL 64GB CDMA + GSM Unlocked 4G LTE Android Smartphone"
300,4.5 out of 5 stars,"(17)
17 product ratings - Apple iPhone 8 64GB Unlocked Smartphone AT&T Verizon T-Mobile Factory Unlocked"
301,5 out of 5 stars,"(1)
1 product ratings - Apple iPhone 7 32GB Factory Unlocked 4G LTE iOS WiFi Smartphone"
302,5 out of 5 stars,"(1)
1 product ratings - Caterpillar CAT B26 (Factory Unlocked) Waterproof Rugged GSM ONLY DUAL SIM NEW"
303,5 out of 5 stars,"(1)
1 product ratings - Apple iPhone 8 64GB GSM Factory Unlocked Smartphone"
304,4.5 out of 5 stars,"(4)
4 product ratings - Google - Pixel 3 XL with 128GB Memory Cell Phone (Unlocked) - Just Black"
305,4.5 out of 5 stars,"(117)
117 product ratings - Apple iPhone 7 Plus - 128GB - Jet Black (ATT) A1784 (GSM)"
306,4.5 out of 5 stars,"(45)
45 product ratings - TESTED BLACK CDMA + GSM UNLOCKED APPLE iPhone 11, 128GB A2111 MWLE2LL/A J245T"
307,4.5 out of 5 stars,"(14)
14 product ratings - Samsung Galaxy Z Flip 256GB Mirror Black Unlocked **FREE Accessories & Shipping*"
308,4.5 out of 5 stars,"(19)
19 product ratings - MINT Samsung Galaxy A71 5G UW SM-A716V - 128GB - Prism Bricks Black (Verizon)"
309,4.5 out of 5 stars,"(57)
57 product ratings - Apple iPhone 8 Plus 64GB Factory Unlocked AT&T Verizon T-Mobile Unlocked"
310,4.5 out of 5 stars,"(200)
200 product ratings - FOUR TESTED GSM UNLOCKED SPACE GRAY APPLE iPhone 8, 64GB A1905 PHONES R385P"
311,4.5 out of 5 stars,"(20)
20 product ratings - Apple iPhone XR - 64GB - White (T-Mobile) A1984 (CDMA + GSM)"
312,5 out of 5 stars,"(9)
9 product ratings - CAT S60 - 32GB - Black (Unlocked) Smartphone (Dual SIM)"
313,4.5 out of 5 stars,"(174)
174 product ratings - Apple iPhone 8 64GB Unlocked A1905 GSM - Space Gray - Used - Excellent Condition"
314,4.5 out of 5 stars,"(216)
216 product ratings - Apple iPhone X - Silver (64 GB) UNLOCKED"
315,5 out of 5 stars,"(33)
33 product ratings - LG Stylo 6 Unlocked Worldwide 64GB/3GBRam/13MP Camera(Brand New)"
316,4.5 out of 5 stars,"(5)
5 product ratings - Google Pixel 3 XL 64GB Unlocked - Used - White"
317,4.5 out of 5 stars,"(126)
126 product ratings - Apple iPhone XR - 64GB - White (Unlocked) A1984 (CDMA + GSM)"
318,5 out of 5 stars,"(1)
1 product ratings - Apple iPhone 7 32GB Unlocked Smartphone AT&T Verizon T-Mobile Factory Unlocked"
319,5 out of 5 stars,"(4)
4 product ratings - Samsung S21 Ultra * UNLOCKED & MINT * Extras Included"
320,5 out of 5 stars,"(8)
8 product ratings - TESTED GRAY CDMA + GSM UNLOCKED APPLE iPhone 11 PRO, 256GB A2160 MW9G2LL/A J60T"
321,4.5 out of 5 stars,"(11)
11 product ratings - Apple iPhone XS - 256GB - Gold (GSM Unlocked)"
322,4.5 out of 5 stars,"(23)
23 product ratings - Samsung Galaxy A21 Carrier Unlocked 32GB-4G Single Sim Worldwide (Brand New)"
323,4.5 out of 5 stars,"(98)
98 product ratings - READ DESCRIPTION Google Pixel 1st Gen (Unlocked) Smartphone Android 155"
324,4.5 out of 5 stars,"(33)
33 product ratings - Apple iPhone SE 64GB - Space Gray (Unlocked Sprint) A1723 (CDMA + GSM) MLMH2LL/A"
325,4.5 out of 5 stars,"(24)
24 product ratings - Apple iPhone 11 Pro Max - 256GB - Silver (Unlocked) A2161 (CDMA + GSM)"
326,4.5 out of 5 stars,"(9)
9 product ratings - Apple iPhone 8 64GB 256GB - Unlocked AT&T T-Mobile Verizon Sprint"
327,4.5 out of 5 stars,"(22)
22 product ratings - UNLOCKED Sony Xperia XA2 Ultra 32GB Black Smartphone 4K Vid+23MP Cam Black B"
328,5 out of 5 stars,"(13)
13 product ratings - Google Pixel 1 Pixel XL 1 Gen Unlocked Android Smartphone GSM + CDMA 32,128, GB"
329,5 out of 5 stars,"(94)
94 product ratings - TESTED BLACK CDMA + GSM UNLOCKED APPLE iPhone XR, 64GB A1984 MT3K2LL/A J190T"
330,4.5 out of 5 stars,"(40)
40 product ratings - [SEALED] BlackBerry Evolve 64GB Black GSM Unlocked Dual SIM International Model"
331,4.5 out of 5 stars,"(59)
59 product ratings - Apple iPhone 7 Plus - 32GB - A1784 - Gold (Unlocked)"
332,4.5 out of 5 stars,"(98)
98 product ratings - Apple iPhone 7 Plus - 32GB - Rose Gold (T-Mobile) (Unlocked)"
333,4.5 out of 5 stars,"(43)
43 product ratings - Google - Pixel 3 with 64GB Memory Cell Phone (Unlocked) - Not Pink - New SEALED"
334,4.5 out of 5 stars,"(15)
15 product ratings - Apple iPhone 7 Unlocked 32GB Black - AT&T T-Mobile Verizon GSM Unlocked"
335,5 out of 5 stars,"(4)
4 product ratings - Google - Pixel 3 XL with 128GB Memory Cell Phone (Unlocked) - Not Pink"
336,4.5 out of 5 stars,"(58)
58 product ratings - Google Pixel 3 Pixel 3 XL 64GB CDMA + GSM Unlocked 4G LTE Android Smartphone"
337,4.5 out of 5 stars,"(17)
17 product ratings - Apple iPhone 8 64GB Unlocked Smartphone AT&T Verizon T-Mobile Factory Unlocked"
338,5 out of 5 stars,"(1)
1 product ratings - Apple iPhone 7 32GB Factory Unlocked 4G LTE iOS WiFi Smartphone"
339,5 out of 5 stars,"(1)
1 product ratings - Caterpillar CAT B26 (Factory Unlocked) Waterproof Rugged GSM ONLY DUAL SIM NEW"
340,5 out of 5 stars,"(1)
1 product ratings - Apple iPhone 8 64GB GSM Factory Unlocked Smartphone"
341,4.5 out of 5 stars,"(4)
4 product ratings - Google - Pixel 3 XL with 128GB Memory Cell Phone (Unlocked) - Just Black"
342,4.5 out of 5 stars,"(117)
117 product ratings - Apple iPhone 7 Plus - 128GB - Jet Black (ATT) A1784 (GSM)"
343,4.5 out of 5 stars,"(45)
45 product ratings - TESTED BLACK CDMA + GSM UNLOCKED APPLE iPhone 11, 128GB A2111 MWLE2LL/A J245T"
344,4.5 out of 5 stars,"(14)
14 product ratings - Samsung Galaxy Z Flip 256GB Mirror Black Unlocked **FREE Accessories & Shipping*"
345,4.5 out of 5 stars,"(19)
19 product ratings - MINT Samsung Galaxy A71 5G UW SM-A716V - 128GB - Prism Bricks Black (Verizon)"
346,4.5 out of 5 stars,"(57)
57 product ratings - Apple iPhone 8 Plus 64GB Factory Unlocked AT&T Verizon T-Mobile Unlocked"
347,4.5 out of 5 stars,"(200)
200 product ratings - FOUR TESTED GSM UNLOCKED SPACE GRAY APPLE iPhone 8, 64GB A1905 PHONES R385P"
348,4.5 out of 5 stars,"(20)
20 product ratings - Apple iPhone XR - 64GB - White (T-Mobile) A1984 (CDMA + GSM)"
349,5 out of 5 stars,"(9)
9 product ratings - CAT S60 - 32GB - Black (Unlocked) Smartphone (Dual SIM)"
350,4.5 out of 5 stars,"(174)
174 product ratings - Apple iPhone 8 64GB Unlocked A1905 GSM - Space Gray - Used - Excellent Condition"
351,4.5 out of 5 stars,"(216)
216 product ratings - Apple iPhone X - Silver (64 GB) UNLOCKED"
352,5 out of 5 stars,"(33)
33 product ratings - LG Stylo 6 Unlocked Worldwide 64GB/3GBRam/13MP Camera(Brand New)"
353,4.5 out of 5 stars,"(5)
5 product ratings - Google Pixel 3 XL 64GB Unlocked - Used - White"
354,4.5 out of 5 stars,"(126)
126 product ratings - Apple iPhone XR - 64GB - White (Unlocked) A1984 (CDMA + GSM)"
355,5 out of 5 stars,"(1)
1 product ratings - Apple iPhone 7 32GB Unlocked Smartphone AT&T Verizon T-Mobile Factory Unlocked"
356,5 out of 5 stars,"(4)
4 product ratings - Samsung S21 Ultra * UNLOCKED & MINT * Extras Included"
357,5 out of 5 stars,"(8)
8 product ratings - TESTED GRAY CDMA + GSM UNLOCKED APPLE iPhone 11 PRO, 256GB A2160 MW9G2LL/A J60T"
358,4.5 out of 5 stars,"(11)
11 product ratings - Apple iPhone XS - 256GB - Gold (GSM Unlocked)"
359,4.5 out of 5 stars,"(23)
23 product ratings - Samsung Galaxy A21 Carrier Unlocked 32GB-4G Single Sim Worldwide (Brand New)"
360,4.5 out of 5 stars,"(98)
98 product ratings - READ DESCRIPTION Google Pixel 1st Gen (Unlocked) Smartphone Android 155"
361,4.5 out of 5 stars,"(33)
33 product ratings - Apple iPhone SE 64GB - Space Gray (Unlocked Sprint) A1723 (CDMA + GSM) MLMH2LL/A"
362,4.5 out of 5 stars,"(24)
24 product ratings - Apple iPhone 11 Pro Max - 256GB - Silver (Unlocked) A2161 (CDMA + GSM)"
363,4.5 out of 5 stars,"(9)
9 product ratings - Apple iPhone 8 64GB 256GB - Unlocked AT&T T-Mobile Verizon Sprint"
364,4.5 out of 5 stars,"(22)
22 product ratings - UNLOCKED Sony Xperia XA2 Ultra 32GB Black Smartphone 4K Vid+23MP Cam Black B"
365,5 out of 5 stars,"(13)
13 product ratings - Google Pixel 1 Pixel XL 1 Gen Unlocked Android Smartphone GSM + CDMA 32,128, GB"
366,5 out of 5 stars,"(94)
94 product ratings - TESTED BLACK CDMA + GSM UNLOCKED APPLE iPhone XR, 64GB A1984 MT3K2LL/A J190T"
367,4.5 out of 5 stars,"(40)
40 product ratings - [SEALED] BlackBerry Evolve 64GB Black GSM Unlocked Dual SIM International Model"
368,4.5 out of 5 stars,"(59)
59 product ratings - Apple iPhone 7 Plus - 32GB - A1784 - Gold (Unlocked)"
369,4.5 out of 5 stars,"(98)
98 product ratings - Apple iPhone 7 Plus - 32GB - Rose Gold (T-Mobile) (Unlocked)"
370,4.5 out of 5 stars,"(43)
43 product ratings - Google - Pixel 3 with 64GB Memory Cell Phone (Unlocked) - Not Pink - New SEALED"
371,4.5 out of 5 stars,"(15)
15 product ratings - Apple iPhone 7 Unlocked 32GB Black - AT&T T-Mobile Verizon GSM Unlocked"
372,5 out of 5 stars,"(4)
4 product ratings - Google - Pixel 3 XL with 128GB Memory Cell Phone (Unlocked) - Not Pink"
373,4.5 out of 5 stars,"(58)
58 product ratings - Google Pixel 3 Pixel 3 XL 64GB CDMA + GSM Unlocked 4G LTE Android Smartphone"
374,4.5 out of 5 stars,"(17)
17 product ratings - Apple iPhone 8 64GB Unlocked Smartphone AT&T Verizon T-Mobile Factory Unlocked"
375,5 out of 5 stars,"(1)
1 product ratings - Apple iPhone 7 32GB Factory Unlocked 4G LTE iOS WiFi Smartphone"
376,5 out of 5 stars,"(1)
1 product ratings - Caterpillar CAT B26 (Factory Unlocked) Waterproof Rugged GSM ONLY DUAL SIM NEW"
377,5 out of 5 stars,"(1)
1 product ratings - Apple iPhone 8 64GB GSM Factory Unlocked Smartphone"
378,4.5 out of 5 stars,"(4)
4 product ratings - Google - Pixel 3 XL with 128GB Memory Cell Phone (Unlocked) - Just Black"
379,4.5 out of 5 stars,"(117)
117 product ratings - Apple iPhone 7 Plus - 128GB - Jet Black (ATT) A1784 (GSM)"
380,4.5 out of 5 stars,"(45)
45 product ratings - TESTED BLACK CDMA + GSM UNLOCKED APPLE iPhone 11, 128GB A2111 MWLE2LL/A J245T"
381,4.5 out of 5 stars,"(14)
14 product ratings - Samsung Galaxy Z Flip 256GB Mirror Black Unlocked **FREE Accessories & Shipping*"
382,4.5 out of 5 stars,"(19)
19 product ratings - MINT Samsung Galaxy A71 5G UW SM-A716V - 128GB - Prism Bricks Black (Verizon)"
383,4.5 out of 5 stars,"(57)
57 product ratings - Apple iPhone 8 Plus 64GB Factory Unlocked AT&T Verizon T-Mobile Unlocked"
384,4.5 out of 5 stars,"(200)
200 product ratings - FOUR TESTED GSM UNLOCKED SPACE GRAY APPLE iPhone 8, 64GB A1905 PHONES R385P"
385,4.5 out of 5 stars,"(20)
20 product ratings - Apple iPhone XR - 64GB - White (T-Mobile) A1984 (CDMA + GSM)"
386,5 out of 5 stars,"(9)
9 product ratings - CAT S60 - 32GB - Black (Unlocked) Smartphone (Dual SIM)"
387,4.5 out of 5 stars,"(174)
174 product ratings - Apple iPhone 8 64GB Unlocked A1905 GSM - Space Gray - Used - Excellent Condition"
388,4.5 out of 5 stars,"(216)
216 product ratings - Apple iPhone X - Silver (64 GB) UNLOCKED"
389,5 out of 5 stars,"(33)
33 product ratings - LG Stylo 6 Unlocked Worldwide 64GB/3GBRam/13MP Camera(Brand New)"
390,4.5 out of 5 stars,"(5)
5 product ratings - Google Pixel 3 XL 64GB Unlocked - Used - White"
391,4.5 out of 5 stars,"(126)
126 product ratings - Apple iPhone XR - 64GB - White (Unlocked) A1984 (CDMA + GSM)"
392,5 out of 5 stars,"(1)
1 product ratings - Apple iPhone 7 32GB Unlocked Smartphone AT&T Verizon T-Mobile Factory Unlocked"
393,5 out of 5 stars,"(4)
4 product ratings - Samsung S21 Ultra * UNLOCKED & MINT * Extras Included"
394,5 out of 5 stars,"(8)
8 product ratings - TESTED GRAY CDMA + GSM UNLOCKED APPLE iPhone 11 PRO, 256GB A2160 MW9G2LL/A J60T"
395,4.5 out of 5 stars,"(11)
11 product ratings - Apple iPhone XS - 256GB - Gold (GSM Unlocked)"
396,4.5 out of 5 stars,"(23)
23 product ratings - Samsung Galaxy A21 Carrier Unlocked 32GB-4G Single Sim Worldwide (Brand New)"
397,4.5 out of 5 stars,"(98)
98 product ratings - READ DESCRIPTION Google Pixel 1st Gen (Unlocked) Smartphone Android 155"
398,4.5 out of 5 stars,"(33)
33 product ratings - Apple iPhone SE 64GB - Space Gray (Unlocked Sprint) A1723 (CDMA + GSM) MLMH2LL/A"
399,4.5 out of 5 stars,"(24)
24 product ratings - Apple iPhone 11 Pro Max - 256GB - Silver (Unlocked) A2161 (CDMA + GSM)"
400,4.5 out of 5 stars,"(9)
9 product ratings - Apple iPhone 8 64GB 256GB - Unlocked AT&T T-Mobile Verizon Sprint"
401,4.5 out of 5 stars,"(22)
22 product ratings - UNLOCKED Sony Xperia XA2 Ultra 32GB Black Smartphone 4K Vid+23MP Cam Black B"
402,5 out of 5 stars,"(13)
13 product ratings - Google Pixel 1 Pixel XL 1 Gen Unlocked Android Smartphone GSM + CDMA 32,128, GB"
403,5 out of 5 stars,"(94)
94 product ratings - TESTED BLACK CDMA + GSM UNLOCKED APPLE iPhone XR, 64GB A1984 MT3K2LL/A J190T"
404,4.5 out of 5 stars,"(40)
40 product ratings - [SEALED] BlackBerry Evolve 64GB Black GSM Unlocked Dual SIM International Model"
405,4.5 out of 5 stars,"(59)
59 product ratings - Apple iPhone 7 Plus - 32GB - A1784 - Gold (Unlocked)"
406,4.5 out of 5 stars,"(98)
98 product ratings - Apple iPhone 7 Plus - 32GB - Rose Gold (T-Mobile) (Unlocked)"
407,4.5 out of 5 stars,"(43)
43 product ratings - Google - Pixel 3 with 64GB Memory Cell Phone (Unlocked) - Not Pink - New SEALED"
408,4.5 out of 5 stars,"(15)
15 product ratings - Apple iPhone 7 Unlocked 32GB Black - AT&T T-Mobile Verizon GSM Unlocked"
409,5 out of 5 stars,"(4)
4 product ratings - Google - Pixel 3 XL with 128GB Memory Cell Phone (Unlocked) - Not Pink"
410,4.5 out of 5 stars,"(58)
58 product ratings - Google Pixel 3 Pixel 3 XL 64GB CDMA + GSM Unlocked 4G LTE Android Smartphone"
411,4.5 out of 5 stars,"(17)
17 product ratings - Apple iPhone 8 64GB Unlocked Smartphone AT&T Verizon T-Mobile Factory Unlocked"
412,5 out of 5 stars,"(1)
1 product ratings - Apple iPhone 7 32GB Factory Unlocked 4G LTE iOS WiFi Smartphone"
413,5 out of 5 stars,"(1)
1 product ratings - Caterpillar CAT B26 (Factory Unlocked) Waterproof Rugged GSM ONLY DUAL SIM NEW"
414,5 out of 5 stars,"(1)
1 product ratings - Apple iPhone 8 64GB GSM Factory Unlocked Smartphone"
415,4.5 out of 5 stars,"(4)
4 product ratings - Google - Pixel 3 XL with 128GB Memory Cell Phone (Unlocked) - Just Black"
416,4.5 out of 5 stars,"(117)
117 product ratings - Apple iPhone 7 Plus - 128GB - Jet Black (ATT) A1784 (GSM)"
417,4.5 out of 5 stars,"(45)
45 product ratings - TESTED BLACK CDMA + GSM UNLOCKED APPLE iPhone 11, 128GB A2111 MWLE2LL/A J245T"
418,4.5 out of 5 stars,"(14)
14 product ratings - Samsung Galaxy Z Flip 256GB Mirror Black Unlocked **FREE Accessories & Shipping*"
419,4.5 out of 5 stars,"(19)
19 product ratings - MINT Samsung Galaxy A71 5G UW SM-A716V - 128GB - Prism Bricks Black (Verizon)"
420,4.5 out of 5 stars,"(57)
57 product ratings - Apple iPhone 8 Plus 64GB Factory Unlocked AT&T Verizon T-Mobile Unlocked"
421,4.5 out of 5 stars,"(200)
200 product ratings - FOUR TESTED GSM UNLOCKED SPACE GRAY APPLE iPhone 8, 64GB A1905 PHONES R385P"
422,4.5 out of 5 stars,"(20)
20 product ratings - Apple iPhone XR - 64GB - White (T-Mobile) A1984 (CDMA + GSM)"
423,5 out of 5 stars,"(9)
9 product ratings - CAT S60 - 32GB - Black (Unlocked) Smartphone (Dual SIM)"
424,4.5 out of 5 stars,"(174)
174 product ratings - Apple iPhone 8 64GB Unlocked A1905 GSM - Space Gray - Used - Excellent Condition"
425,4.5 out of 5 stars,"(216)
216 product ratings - Apple iPhone X - Silver (64 GB) UNLOCKED"
426,5 out of 5 stars,"(33)
33 product ratings - LG Stylo 6 Unlocked Worldwide 64GB/3GBRam/13MP Camera(Brand New)"
427,4.5 out of 5 stars,"(5)
5 product ratings - Google Pixel 3 XL 64GB Unlocked - Used - White"
428,4.5 out of 5 stars,"(126)
126 product ratings - Apple iPhone XR - 64GB - White (Unlocked) A1984 (CDMA + GSM)"
429,5 out of 5 stars,"(1)
1 product ratings - Apple iPhone 7 32GB Unlocked Smartphone AT&T Verizon T-Mobile Factory Unlocked"
430,5 out of 5 stars,"(4)
4 product ratings - Samsung S21 Ultra * UNLOCKED & MINT * Extras Included"
431,5 out of 5 stars,"(8)
8 product ratings - TESTED GRAY CDMA + GSM UNLOCKED APPLE iPhone 11 PRO, 256GB A2160 MW9G2LL/A J60T"
432,4.5 out of 5 stars,"(11)
11 product ratings - Apple iPhone XS - 256GB - Gold (GSM Unlocked)"
433,4.5 out of 5 stars,"(23)
23 product ratings - Samsung Galaxy A21 Carrier Unlocked 32GB-4G Single Sim Worldwide (Brand New)"
434,4.5 out of 5 stars,"(98)
98 product ratings - READ DESCRIPTION Google Pixel 1st Gen (Unlocked) Smartphone Android 155"
435,4.5 out of 5 stars,"(33)
33 product ratings - Apple iPhone SE 64GB - Space Gray (Unlocked Sprint) A1723 (CDMA + GSM) MLMH2LL/A"
436,4.5 out of 5 stars,"(24)
24 product ratings - Apple iPhone 11 Pro Max - 256GB - Silver (Unlocked) A2161 (CDMA + GSM)"
437,4.5 out of 5 stars,"(9)
9 product ratings - Apple iPhone 8 64GB 256GB - Unlocked AT&T T-Mobile Verizon Sprint"
438,4.5 out of 5 stars,"(22)
22 product ratings - UNLOCKED Sony Xperia XA2 Ultra 32GB Black Smartphone 4K Vid+23MP Cam Black B"
439,5 out of 5 stars,"(13)
13 product ratings - Google Pixel 1 Pixel XL 1 Gen Unlocked Android Smartphone GSM + CDMA 32,128, GB"
440,5 out of 5 stars,"(94)
94 product ratings - TESTED BLACK CDMA + GSM UNLOCKED APPLE iPhone XR, 64GB A1984 MT3K2LL/A J190T"
441,4.5 out of 5 stars,"(40)
40 product ratings - [SEALED] BlackBerry Evolve 64GB Black GSM Unlocked Dual SIM International Model"
442,4.5 out of 5 stars,"(59)
59 product ratings - Apple iPhone 7 Plus - 32GB - A1784 - Gold (Unlocked)"
443,4.5 out of 5 stars,"(98)
98 product ratings - Apple iPhone 7 Plus - 32GB - Rose Gold (T-Mobile) (Unlocked)"
444,4.5 out of 5 stars,"(43)
43 product ratings - Google - Pixel 3 with 64GB Memory Cell Phone (Unlocked) - Not Pink - New SEALED"
445,4.5 out of 5 stars,"(15)
15 product ratings - Apple iPhone 7 Unlocked 32GB Black - AT&T T-Mobile Verizon GSM Unlocked"
446,5 out of 5 stars,"(4)
4 product ratings - Google - Pixel 3 XL with 128GB Memory Cell Phone (Unlocked) - Not Pink"
447,4.5 out of 5 stars,"(58)
58 product ratings - Google Pixel 3 Pixel 3 XL 64GB CDMA + GSM Unlocked 4G LTE Android Smartphone"
448,4.5 out of 5 stars,"(17)
17 product ratings - Apple iPhone 8 64GB Unlocked Smartphone AT&T Verizon T-Mobile Factory Unlocked"
449,5 out of 5 stars,"(1)
1 product ratings - Apple iPhone 7 32GB Factory Unlocked 4G LTE iOS WiFi Smartphone"
450,5 out of 5 stars,"(1)
1 product ratings - Caterpillar CAT B26 (Factory Unlocked) Waterproof Rugged GSM ONLY DUAL SIM NEW"
451,5 out of 5 stars,"(1)
1 product ratings - Apple iPhone 8 64GB GSM Factory Unlocked Smartphone"
452,4.5 out of 5 stars,"(4)
4 product ratings - Google - Pixel 3 XL with 128GB Memory Cell Phone (Unlocked) - Just Black"
453,4.5 out of 5 stars,"(117)
117 product ratings - Apple iPhone 7 Plus - 128GB - Jet Black (ATT) A1784 (GSM)"
454,4.5 out of 5 stars,"(45)
45 product ratings - TESTED BLACK CDMA + GSM UNLOCKED APPLE iPhone 11, 128GB A2111 MWLE2LL/A J245T"
455,4.5 out of 5 stars,"(14)
14 product ratings - Samsung Galaxy Z Flip 256GB Mirror Black Unlocked **FREE Accessories & Shipping*"
456,4.5 out of 5 stars,"(19)
19 product ratings - MINT Samsung Galaxy A71 5G UW SM-A716V - 128GB - Prism Bricks Black (Verizon)"
457,4.5 out of 5 stars,"(57)
57 product ratings - Apple iPhone 8 Plus 64GB Factory Unlocked AT&T Verizon T-Mobile Unlocked"
458,4.5 out of 5 stars,"(200)
200 product ratings - FOUR TESTED GSM UNLOCKED SPACE GRAY APPLE iPhone 8, 64GB A1905 PHONES R385P"
459,4.5 out of 5 stars,"(20)
20 product ratings - Apple iPhone XR - 64GB - White (T-Mobile) A1984 (CDMA + GSM)"
460,5 out of 5 stars,"(9)
9 product ratings - CAT S60 - 32GB - Black (Unlocked) Smartphone (Dual SIM)"
461,4.5 out of 5 stars,"(174)
174 product ratings - Apple iPhone 8 64GB Unlocked A1905 GSM - Space Gray - Used - Excellent Condition"
462,4.5 out of 5 stars,"(216)
216 product ratings - Apple iPhone X - Silver (64 GB) UNLOCKED"
463,5 out of 5 stars,"(33)
33 product ratings - LG Stylo 6 Unlocked Worldwide 64GB/3GBRam/13MP Camera(Brand New)"
464,4.5 out of 5 stars,"(5)
5 product ratings - Google Pixel 3 XL 64GB Unlocked - Used - White"
465,4.5 out of 5 stars,"(126)
126 product ratings - Apple iPhone XR - 64GB - White (Unlocked) A1984 (CDMA + GSM)"
466,5 out of 5 stars,"(1)
1 product ratings - Apple iPhone 7 32GB Unlocked Smartphone AT&T Verizon T-Mobile Factory Unlocked"
467,5 out of 5 stars,"(4)
4 product ratings - Samsung S21 Ultra * UNLOCKED & MINT * Extras Included"
468,5 out of 5 stars,"(8)
8 product ratings - TESTED GRAY CDMA + GSM UNLOCKED APPLE iPhone 11 PRO, 256GB A2160 MW9G2LL/A J60T"
469,4.5 out of 5 stars,"(11)
11 product ratings - Apple iPhone XS - 256GB - Gold (GSM Unlocked)"
470,4.5 out of 5 stars,"(23)
23 product ratings - Samsung Galaxy A21 Carrier Unlocked 32GB-4G Single Sim Worldwide (Brand New)"
471,4.5 out of 5 stars,"(98)
98 product ratings - READ DESCRIPTION Google Pixel 1st Gen (Unlocked) Smartphone Android 155"
472,4.5 out of 5 stars,"(33)
33 product ratings - Apple iPhone SE 64GB - Space Gray (Unlocked Sprint) A1723 (CDMA + GSM) MLMH2LL/A"
473,4.5 out of 5 stars,"(24)
24 product ratings - Apple iPhone 11 Pro Max - 256GB - Silver (Unlocked) A2161 (CDMA + GSM)"
474,4.5 out of 5 stars,"(9)
9 product ratings - Apple iPhone 8 64GB 256GB - Unlocked AT&T T-Mobile Verizon Sprint"
475,4.5 out of 5 stars,"(22)
22 product ratings - UNLOCKED Sony Xperia XA2 Ultra 32GB Black Smartphone 4K Vid+23MP Cam Black B"
476,5 out of 5 stars,"(13)
13 product ratings - Google Pixel 1 Pixel XL 1 Gen Unlocked Android Smartphone GSM + CDMA 32,128, GB"
477,5 out of 5 stars,"(94)
94 product ratings - TESTED BLACK CDMA + GSM UNLOCKED APPLE iPhone XR, 64GB A1984 MT3K2LL/A J190T"
478,4.5 out of 5 stars,"(40)
40 product ratings - [SEALED] BlackBerry Evolve 64GB Black GSM Unlocked Dual SIM International Model"
479,4.5 out of 5 stars,"(59)
59 product ratings - Apple iPhone 7 Plus - 32GB - A1784 - Gold (Unlocked)"
480,4.5 out of 5 stars,"(98)
98 product ratings - Apple iPhone 7 Plus - 32GB - Rose Gold (T-Mobile) (Unlocked)"
481,4.5 out of 5 stars,"(43)
43 product ratings - Google - Pixel 3 with 64GB Memory Cell Phone (Unlocked) - Not Pink - New SEALED"
482,4.5 out of 5 stars,"(15)
15 product ratings - Apple iPhone 7 Unlocked 32GB Black - AT&T T-Mobile Verizon GSM Unlocked"
483,5 out of 5 stars,"(4)
4 product ratings - Google - Pixel 3 XL with 128GB Memory Cell Phone (Unlocked) - Not Pink"
484,4.5 out of 5 stars,"(58)
58 product ratings - Google Pixel 3 Pixel 3 XL 64GB CDMA + GSM Unlocked 4G LTE Android Smartphone"
485,4.5 out of 5 stars,"(17)
17 product ratings - Apple iPhone 8 64GB Unlocked Smartphone AT&T Verizon T-Mobile Factory Unlocked"
486,5 out of 5 stars,"(1)
1 product ratings - Apple iPhone 7 32GB Factory Unlocked 4G LTE iOS WiFi Smartphone"
487,5 out of 5 stars,"(1)
1 product ratings - Caterpillar CAT B26 (Factory Unlocked) Waterproof Rugged GSM ONLY DUAL SIM NEW"
488,5 out of 5 stars,"(1)
1 product ratings - Apple iPhone 8 64GB GSM Factory Unlocked Smartphone"
489,4.5 out of 5 stars,"(4)
4 product ratings - Google - Pixel 3 XL with 128GB Memory Cell Phone (Unlocked) - Just Black"
490,4.5 out of 5 stars,"(117)
117 product ratings - Apple iPhone 7 Plus - 128GB - Jet Black (ATT) A1784 (GSM)"
491,4.5 out of 5 stars,"(45)
45 product ratings - TESTED BLACK CDMA + GSM UNLOCKED APPLE iPhone 11, 128GB A2111 MWLE2LL/A J245T"
492,4.5 out of 5 stars,"(14)
14 product ratings - Samsung Galaxy Z Flip 256GB Mirror Black Unlocked **FREE Accessories & Shipping*"
493,4.5 out of 5 stars,"(19)
19 product ratings - MINT Samsung Galaxy A71 5G UW SM-A716V - 128GB - Prism Bricks Black (Verizon)"
494,4.5 out of 5 stars,"(57)
57 product ratings - Apple iPhone 8 Plus 64GB Factory Unlocked AT&T Verizon T-Mobile Unlocked"
495,4.5 out of 5 stars,"(200)
200 product ratings - FOUR TESTED GSM UNLOCKED SPACE GRAY APPLE iPhone 8, 64GB A1905 PHONES R385P"
496,4.5 out of 5 stars,"(20)
20 product ratings - Apple iPhone XR - 64GB - White (T-Mobile) A1984 (CDMA + GSM)"
497,5 out of 5 stars,"(9)
9 product ratings - CAT S60 - 32GB - Black (Unlocked) Smartphone (Dual SIM)"
498,4.5 out of 5 stars,"(174)
174 product ratings - Apple iPhone 8 64GB Unlocked A1905 GSM - Space Gray - Used - Excellent Condition"
499,4.5 out of 5 stars,"(216)
216 product ratings - Apple iPhone X - Silver (64 GB) UNLOCKED"
500,5 out of 5 stars,"(33)
33 product ratings - LG Stylo 6 Unlocked Worldwide 64GB/3GBRam/13MP Camera(Brand New)"
501,4.5 out of 5 stars,"(5)
5 product ratings - Google Pixel 3 XL 64GB Unlocked - Used - White"
502,4.5 out of 5 stars,"(126)
126 product ratings - Apple iPhone XR - 64GB - White (Unlocked) A1984 (CDMA + GSM)"
503,5 out of 5 stars,"(1)
1 product ratings - Apple iPhone 7 32GB Unlocked Smartphone AT&T Verizon T-Mobile Factory Unlocked"
504,5 out of 5 stars,"(4)
4 product ratings - Samsung S21 Ultra * UNLOCKED & MINT * Extras Included"
505,5 out of 5 stars,"(8)
8 product ratings - TESTED GRAY CDMA + GSM UNLOCKED APPLE iPhone 11 PRO, 256GB A2160 MW9G2LL/A J60T"
506,4.5 out of 5 stars,"(11)
11 product ratings - Apple iPhone XS - 256GB - Gold (GSM Unlocked)"
507,4.5 out of 5 stars,"(23)
23 product ratings - Samsung Galaxy A21 Carrier Unlocked 32GB-4G Single Sim Worldwide (Brand New)"
508,4.5 out of 5 stars,"(98)
98 product ratings - READ DESCRIPTION Google Pixel 1st Gen (Unlocked) Smartphone Android 155"
509,4.5 out of 5 stars,"(33)
33 product ratings - Apple iPhone SE 64GB - Space Gray (Unlocked Sprint) A1723 (CDMA + GSM) MLMH2LL/A"
510,4.5 out of 5 stars,"(24)
24 product ratings - Apple iPhone 11 Pro Max - 256GB - Silver (Unlocked) A2161 (CDMA + GSM)"
511,4.5 out of 5 stars,"(9)
9 product ratings - Apple iPhone 8 64GB 256GB - Unlocked AT&T T-Mobile Verizon Sprint"
512,4.5 out of 5 stars,"(22)
22 product ratings - UNLOCKED Sony Xperia XA2 Ultra 32GB Black Smartphone 4K Vid+23MP Cam Black B"
513,5 out of 5 stars,"(13)
13 product ratings - Google Pixel 1 Pixel XL 1 Gen Unlocked Android Smartphone GSM + CDMA 32,128, GB"
514,5 out of 5 stars,"(94)
94 product ratings - TESTED BLACK CDMA + GSM UNLOCKED APPLE iPhone XR, 64GB A1984 MT3K2LL/A J190T"
515,4.5 out of 5 stars,"(40)
40 product ratings - [SEALED] BlackBerry Evolve 64GB Black GSM Unlocked Dual SIM International Model"
516,4.5 out of 5 stars,"(59)
59 product ratings - Apple iPhone 7 Plus - 32GB - A1784 - Gold (Unlocked)"
517,4.5 out of 5 stars,"(98)
98 product ratings - Apple iPhone 7 Plus - 32GB - Rose Gold (T-Mobile) (Unlocked)"
518,4.5 out of 5 stars,"(43)
43 product ratings - Google - Pixel 3 with 64GB Memory Cell Phone (Unlocked) - Not Pink - New SEALED"
519,4.5 out of 5 stars,"(15)
15 product ratings - Apple iPhone 7 Unlocked 32GB Black - AT&T T-Mobile Verizon GSM Unlocked"
520,5 out of 5 stars,"(4)
4 product ratings - Google - Pixel 3 XL with 128GB Memory Cell Phone (Unlocked) - Not Pink"
521,4.5 out of 5 stars,"(58)
58 product ratings - Google Pixel 3 Pixel 3 XL 64GB CDMA + GSM Unlocked 4G LTE Android Smartphone"
522,4.5 out of 5 stars,"(17)
17 product ratings - Apple iPhone 8 64GB Unlocked Smartphone AT&T Verizon T-Mobile Factory Unlocked"
523,5 out of 5 stars,"(1)
1 product ratings - Apple iPhone 7 32GB Factory Unlocked 4G LTE iOS WiFi Smartphone"
524,5 out of 5 stars,"(1)
1 product ratings - Caterpillar CAT B26 (Factory Unlocked) Waterproof Rugged GSM ONLY DUAL SIM NEW"
525,5 out of 5 stars,"(1)
1 product ratings - Apple iPhone 8 64GB GSM Factory Unlocked Smartphone"
526,4.5 out of 5 stars,"(4)
4 product ratings - Google - Pixel 3 XL with 128GB Memory Cell Phone (Unlocked) - Just Black"
527,4.5 out of 5 stars,"(117)
117 product ratings - Apple iPhone 7 Plus - 128GB - Jet Black (ATT) A1784 (GSM)"
528,4.5 out of 5 stars,"(45)
45 product ratings - TESTED BLACK CDMA + GSM UNLOCKED APPLE iPhone 11, 128GB A2111 MWLE2LL/A J245T"
529,4.5 out of 5 stars,"(14)
14 product ratings - Samsung Galaxy Z Flip 256GB Mirror Black Unlocked **FREE Accessories & Shipping*"
530,4.5 out of 5 stars,"(19)
19 product ratings - MINT Samsung Galaxy A71 5G UW SM-A716V - 128GB - Prism Bricks Black (Verizon)"
531,4.5 out of 5 stars,"(57)
57 product ratings - Apple iPhone 8 Plus 64GB Factory Unlocked AT&T Verizon T-Mobile Unlocked"
532,4.5 out of 5 stars,"(200)
200 product ratings - FOUR TESTED GSM UNLOCKED SPACE GRAY APPLE iPhone 8, 64GB A1905 PHONES R385P"
533,4.5 out of 5 stars,"(20)
20 product ratings - Apple iPhone XR - 64GB - White (T-Mobile) A1984 (CDMA + GSM)"
534,5 out of 5 stars,"(9)
9 product ratings - CAT S60 - 32GB - Black (Unlocked) Smartphone (Dual SIM)"
535,4.5 out of 5 stars,"(174)
174 product ratings - Apple iPhone 8 64GB Unlocked A1905 GSM - Space Gray - Used - Excellent Condition"
536,4.5 out of 5 stars,"(216)
216 product ratings - Apple iPhone X - Silver (64 GB) UNLOCKED"
537,5 out of 5 stars,"(33)
33 product ratings - LG Stylo 6 Unlocked Worldwide 64GB/3GBRam/13MP Camera(Brand New)"
538,4.5 out of 5 stars,"(5)
5 product ratings - Google Pixel 3 XL 64GB Unlocked - Used - White"
539,4.5 out of 5 stars,"(126)
126 product ratings - Apple iPhone XR - 64GB - White (Unlocked) A1984 (CDMA + GSM)"
540,5 out of 5 stars,"(1)
1 product ratings - Apple iPhone 7 32GB Unlocked Smartphone AT&T Verizon T-Mobile Factory Unlocked"
541,5 out of 5 stars,"(4)
4 product ratings - Samsung S21 Ultra * UNLOCKED & MINT * Extras Included"
542,5 out of 5 stars,"(8)
8 product ratings - TESTED GRAY CDMA + GSM UNLOCKED APPLE iPhone 11 PRO, 256GB A2160 MW9G2LL/A J60T"
543,4.5 out of 5 stars,"(11)
11 product ratings - Apple iPhone XS - 256GB - Gold (GSM Unlocked)"
544,4.5 out of 5 stars,"(23)
23 product ratings - Samsung Galaxy A21 Carrier Unlocked 32GB-4G Single Sim Worldwide (Brand New)"
545,4.5 out of 5 stars,"(98)
98 product ratings - READ DESCRIPTION Google Pixel 1st Gen (Unlocked) Smartphone Android 155"
546,4.5 out of 5 stars,"(33)
33 product ratings - Apple iPhone SE 64GB - Space Gray (Unlocked Sprint) A1723 (CDMA + GSM) MLMH2LL/A"
547,4.5 out of 5 stars,"(24)
24 product ratings - Apple iPhone 11 Pro Max - 256GB - Silver (Unlocked) A2161 (CDMA + GSM)"
548,4.5 out of 5 stars,"(9)
9 product ratings - Apple iPhone 8 64GB 256GB - Unlocked AT&T T-Mobile Verizon Sprint"
549,4.5 out of 5 stars,"(22)
22 product ratings - UNLOCKED Sony Xperia XA2 Ultra 32GB Black Smartphone 4K Vid+23MP Cam Black B"
550,5 out of 5 stars,"(13)
13 product ratings - Google Pixel 1 Pixel XL 1 Gen Unlocked Android Smartphone GSM + CDMA 32,128, GB"
551,5 out of 5 stars,"(94)
94 product ratings - TESTED BLACK CDMA + GSM UNLOCKED APPLE iPhone XR, 64GB A1984 MT3K2LL/A J190T"
552,4.5 out of 5 stars,"(40)
40 product ratings - [SEALED] BlackBerry Evolve 64GB Black GSM Unlocked Dual SIM International Model"
553,4.5 out of 5 stars,"(59)
59 product ratings - Apple iPhone 7 Plus - 32GB - A1784 - Gold (Unlocked)"
554,4.5 out of 5 stars,"(98)
98 product ratings - Apple iPhone 7 Plus - 32GB - Rose Gold (T-Mobile) (Unlocked)"
555,4.5 out of 5 stars,"(43)
43 product ratings - Google - Pixel 3 with 64GB Memory Cell Phone (Unlocked) - Not Pink - New SEALED"
556,4.5 out of 5 stars,"(15)
15 product ratings - Apple iPhone 7 Unlocked 32GB Black - AT&T T-Mobile Verizon GSM Unlocked"
557,5 out of 5 stars,"(4)
4 product ratings - Google - Pixel 3 XL with 128GB Memory Cell Phone (Unlocked) - Not Pink"
558,4.5 out of 5 stars,"(58)
58 product ratings - Google Pixel 3 Pixel 3 XL 64GB CDMA + GSM Unlocked 4G LTE Android Smartphone"
559,4.5 out of 5 stars,"(17)
17 product ratings - Apple iPhone 8 64GB Unlocked Smartphone AT&T Verizon T-Mobile Factory Unlocked"
560,5 out of 5 stars,"(1)
1 product ratings - Apple iPhone 7 32GB Factory Unlocked 4G LTE iOS WiFi Smartphone"
561,5 out of 5 stars,"(1)
1 product ratings - Caterpillar CAT B26 (Factory Unlocked) Waterproof Rugged GSM ONLY DUAL SIM NEW"
562,5 out of 5 stars,"(1)
1 product ratings - Apple iPhone 8 64GB GSM Factory Unlocked Smartphone"
563,4.5 out of 5 stars,"(4)
4 product ratings - Google - Pixel 3 XL with 128GB Memory Cell Phone (Unlocked) - Just Black"
564,4.5 out of 5 stars,"(117)
117 product ratings - Apple iPhone 7 Plus - 128GB - Jet Black (ATT) A1784 (GSM)"
565,4.5 out of 5 stars,"(45)
45 product ratings - TESTED BLACK CDMA + GSM UNLOCKED APPLE iPhone 11, 128GB A2111 MWLE2LL/A J245T"
566,4.5 out of 5 stars,"(14)
14 product ratings - Samsung Galaxy Z Flip 256GB Mirror Black Unlocked **FREE Accessories & Shipping*"
567,4.5 out of 5 stars,"(19)
19 product ratings - MINT Samsung Galaxy A71 5G UW SM-A716V - 128GB - Prism Bricks Black (Verizon)"
568,4.5 out of 5 stars,"(57)
57 product ratings - Apple iPhone 8 Plus 64GB Factory Unlocked AT&T Verizon T-Mobile Unlocked"
569,4.5 out of 5 stars,"(200)
200 product ratings - FOUR TESTED GSM UNLOCKED SPACE GRAY APPLE iPhone 8, 64GB A1905 PHONES R385P"
570,4.5 out of 5 stars,"(20)
20 product ratings - Apple iPhone XR - 64GB - White (T-Mobile) A1984 (CDMA + GSM)"
571,5 out of 5 stars,"(9)
9 product ratings - CAT S60 - 32GB - Black (Unlocked) Smartphone (Dual SIM)"
572,4.5 out of 5 stars,"(174)
174 product ratings - Apple iPhone 8 64GB Unlocked A1905 GSM - Space Gray - Used - Excellent Condition"
573,4.5 out of 5 stars,"(216)
216 product ratings - Apple iPhone X - Silver (64 GB) UNLOCKED"
574,5 out of 5 stars,"(33)
33 product ratings - LG Stylo 6 Unlocked Worldwide 64GB/3GBRam/13MP Camera(Brand New)"
575,4.5 out of 5 stars,"(5)
5 product ratings - Google Pixel 3 XL 64GB Unlocked - Used - White"
576,4.5 out of 5 stars,"(126)
126 product ratings - Apple iPhone XR - 64GB - White (Unlocked) A1984 (CDMA + GSM)"
577,5 out of 5 stars,"(1)
1 product ratings - Apple iPhone 7 32GB Unlocked Smartphone AT&T Verizon T-Mobile Factory Unlocked"
578,5 out of 5 stars,"(4)
4 product ratings - Samsung S21 Ultra * UNLOCKED & MINT * Extras Included"
579,5 out of 5 stars,"(8)
8 product ratings - TESTED GRAY CDMA + GSM UNLOCKED APPLE iPhone 11 PRO, 256GB A2160 MW9G2LL/A J60T"
580,4.5 out of 5 stars,"(11)
11 product ratings - Apple iPhone XS - 256GB - Gold (GSM Unlocked)"
581,4.5 out of 5 stars,"(23)
23 product ratings - Samsung Galaxy A21 Carrier Unlocked 32GB-4G Single Sim Worldwide (Brand New)"
582,4.5 out of 5 stars,"(98)
98 product ratings - READ DESCRIPTION Google Pixel 1st Gen (Unlocked) Smartphone Android 155"
583,4.5 out of 5 stars,"(33)
33 product ratings - Apple iPhone SE 64GB - Space Gray (Unlocked Sprint) A1723 (CDMA + GSM) MLMH2LL/A"
584,4.5 out of 5 stars,"(24)
24 product ratings - Apple iPhone 11 Pro Max - 256GB - Silver (Unlocked) A2161 (CDMA + GSM)"
585,4.5 out of 5 stars,"(9)
9 product ratings - Apple iPhone 8 64GB 256GB - Unlocked AT&T T-Mobile Verizon Sprint"
586,4.5 out of 5 stars,"(22)
22 product ratings - UNLOCKED Sony Xperia XA2 Ultra 32GB Black Smartphone 4K Vid+23MP Cam Black B"
587,5 out of 5 stars,"(13)
13 product ratings - Google Pixel 1 Pixel XL 1 Gen Unlocked Android Smartphone GSM + CDMA 32,128, GB"
588,5 out of 5 stars,"(94)
94 product ratings - TESTED BLACK CDMA + GSM UNLOCKED APPLE iPhone XR, 64GB A1984 MT3K2LL/A J190T"
589,4.5 out of 5 stars,"(40)
40 product ratings - [SEALED] BlackBerry Evolve 64GB Black GSM Unlocked Dual SIM International Model"
590,4.5 out of 5 stars,"(59)
59 product ratings - Apple iPhone 7 Plus - 32GB - A1784 - Gold (Unlocked)"
591,4.5 out of 5 stars,"(98)
98 product ratings - Apple iPhone 7 Plus - 32GB - Rose Gold (T-Mobile) (Unlocked)"
592,4.5 out of 5 stars,"(43)
43 product ratings - Google - Pixel 3 with 64GB Memory Cell Phone (Unlocked) - Not Pink - New SEALED"
593,4.5 out of 5 stars,"(15)
15 product ratings - Apple iPhone 7 Unlocked 32GB Black - AT&T T-Mobile Verizon GSM Unlocked"
594,5 out of 5 stars,"(4)
4 product ratings - Google - Pixel 3 XL with 128GB Memory Cell Phone (Unlocked) - Not Pink"
595,4.5 out of 5 stars,"(58)
58 product ratings - Google Pixel 3 Pixel 3 XL 64GB CDMA + GSM Unlocked 4G LTE Android Smartphone"
596,4.5 out of 5 stars,"(17)
17 product ratings - Apple iPhone 8 64GB Unlocked Smartphone AT&T Verizon T-Mobile Factory Unlocked"
597,5 out of 5 stars,"(1)
1 product ratings - Apple iPhone 7 32GB Factory Unlocked 4G LTE iOS WiFi Smartphone"
598,5 out of 5 stars,"(1)
1 product ratings - Caterpillar CAT B26 (Factory Unlocked) Waterproof Rugged GSM ONLY DUAL SIM NEW"
599,5 out of 5 stars,"(1)
1 product ratings - Apple iPhone 8 64GB GSM Factory Unlocked Smartphone"
600,4.5 out of 5 stars,"(4)
4 product ratings - Google - Pixel 3 XL with 128GB Memory Cell Phone (Unlocked) - Just Black"
601,4.5 out of 5 stars,"(117)
117 product ratings - Apple iPhone 7 Plus - 128GB - Jet Black (ATT) A1784 (GSM)"
602,4.5 out of 5 stars,"(45)
45 product ratings - TESTED BLACK CDMA + GSM UNLOCKED APPLE iPhone 11, 128GB A2111 MWLE2LL/A J245T"
603,4.5 out of 5 stars,"(14)
14 product ratings - Samsung Galaxy Z Flip 256GB Mirror Black Unlocked **FREE Accessories & Shipping*"
604,4.5 out of 5 stars,"(19)
19 product ratings - MINT Samsung Galaxy A71 5G UW SM-A716V - 128GB - Prism Bricks Black (Verizon)"
605,4.5 out of 5 stars,"(57)
57 product ratings - Apple iPhone 8 Plus 64GB Factory Unlocked AT&T Verizon T-Mobile Unlocked"
606,4.5 out of 5 stars,"(200)
200 product ratings - FOUR TESTED GSM UNLOCKED SPACE GRAY APPLE iPhone 8, 64GB A1905 PHONES R385P"
607,4.5 out of 5 stars,"(20)
20 product ratings - Apple iPhone XR - 64GB - White (T-Mobile) A1984 (CDMA + GSM)"
608,5 out of 5 stars,"(9)
9 product ratings - CAT S60 - 32GB - Black (Unlocked) Smartphone (Dual SIM)"
609,4.5 out of 5 stars,"(174)
174 product ratings - Apple iPhone 8 64GB Unlocked A1905 GSM - Space Gray - Used - Excellent Condition"
610,4.5 out of 5 stars,"(216)
216 product ratings - Apple iPhone X - Silver (64 GB) UNLOCKED"
611,5 out of 5 stars,"(33)
33 product ratings - LG Stylo 6 Unlocked Worldwide 64GB/3GBRam/13MP Camera(Brand New)"
612,4.5 out of 5 stars,"(5)
5 product ratings - Google Pixel 3 XL 64GB Unlocked - Used - White"
613,4.5 out of 5 stars,"(126)
126 product ratings - Apple iPhone XR - 64GB - White (Unlocked) A1984 (CDMA + GSM)"
614,5 out of 5 stars,"(1)
1 product ratings - Apple iPhone 7 32GB Unlocked Smartphone AT&T Verizon T-Mobile Factory Unlocked"
615,5 out of 5 stars,"(4)
4 product ratings - Samsung S21 Ultra * UNLOCKED & MINT * Extras Included"
616,5 out of 5 stars,"(8)
8 product ratings - TESTED GRAY CDMA + GSM UNLOCKED APPLE iPhone 11 PRO, 256GB A2160 MW9G2LL/A J60T"
617,4.5 out of 5 stars,"(11)
11 product ratings - Apple iPhone XS - 256GB - Gold (GSM Unlocked)"
618,4.5 out of 5 stars,"(23)
23 product ratings - Samsung Galaxy A21 Carrier Unlocked 32GB-4G Single Sim Worldwide (Brand New)"
619,4.5 out of 5 stars,"(98)
98 product ratings - READ DESCRIPTION Google Pixel 1st Gen (Unlocked) Smartphone Android 155"
620,4.5 out of 5 stars,"(33)
33 product ratings - Apple iPhone SE 64GB - Space Gray (Unlocked Sprint) A1723 (CDMA + GSM) MLMH2LL/A"
621,4.5 out of 5 stars,"(24)
24 product ratings - Apple iPhone 11 Pro Max - 256GB - Silver (Unlocked) A2161 (CDMA + GSM)"
622,4.5 out of 5 stars,"(9)
9 product ratings - Apple iPhone 8 64GB 256GB - Unlocked AT&T T-Mobile Verizon Sprint"
623,4.5 out of 5 stars,"(22)
22 product ratings - UNLOCKED Sony Xperia XA2 Ultra 32GB Black Smartphone 4K Vid+23MP Cam Black B"
624,5 out of 5 stars,"(13)
13 product ratings - Google Pixel 1 Pixel XL 1 Gen Unlocked Android Smartphone GSM + CDMA 32,128, GB"
625,5 out of 5 stars,"(94)
94 product ratings - TESTED BLACK CDMA + GSM UNLOCKED APPLE iPhone XR, 64GB A1984 MT3K2LL/A J190T"
626,4.5 out of 5 stars,"(40)
40 product ratings - [SEALED] BlackBerry Evolve 64GB Black GSM Unlocked Dual SIM International Model"
627,4.5 out of 5 stars,"(59)
59 product ratings - Apple iPhone 7 Plus - 32GB - A1784 - Gold (Unlocked)"
628,4.5 out of 5 stars,"(98)
98 product ratings - Apple iPhone 7 Plus - 32GB - Rose Gold (T-Mobile) (Unlocked)"
629,4.5 out of 5 stars,"(43)
43 product ratings - Google - Pixel 3 with 64GB Memory Cell Phone (Unlocked) - Not Pink - New SEALED"
630,4.5 out of 5 stars,"(15)
15 product ratings - Apple iPhone 7 Unlocked 32GB Black - AT&T T-Mobile Verizon GSM Unlocked"
631,5 out of 5 stars,"(4)
4 product ratings - Google - Pixel 3 XL with 128GB Memory Cell Phone (Unlocked) - Not Pink"
632,4.5 out of 5 stars,"(58)
58 product ratings - Google Pixel 3 Pixel 3 XL 64GB CDMA + GSM Unlocked 4G LTE Android Smartphone"
633,4.5 out of 5 stars,"(17)
17 product ratings - Apple iPhone 8 64GB Unlocked Smartphone AT&T Verizon T-Mobile Factory Unlocked"
634,5 out of 5 stars,"(1)
1 product ratings - Apple iPhone 7 32GB Factory Unlocked 4G LTE iOS WiFi Smartphone"
635,5 out of 5 stars,"(1)
1 product ratings - Caterpillar CAT B26 (Factory Unlocked) Waterproof Rugged GSM ONLY DUAL SIM NEW"
636,5 out of 5 stars,"(1)
1 product ratings - Apple iPhone 8 64GB GSM Factory Unlocked Smartphone"
637,4.5 out of 5 stars,"(4)
4 product ratings - Google - Pixel 3 XL with 128GB Memory Cell Phone (Unlocked) - Just Black"
638,4.5 out of 5 stars,"(117)
117 product ratings - Apple iPhone 7 Plus - 128GB - Jet Black (ATT) A1784 (GSM)"
639,4.5 out of 5 stars,"(45)
45 product ratings - TESTED BLACK CDMA + GSM UNLOCKED APPLE iPhone 11, 128GB A2111 MWLE2LL/A J245T"
640,4.5 out of 5 stars,"(14)
14 product ratings - Samsung Galaxy Z Flip 256GB Mirror Black Unlocked **FREE Accessories & Shipping*"
641,4.5 out of 5 stars,"(19)
19 product ratings - MINT Samsung Galaxy A71 5G UW SM-A716V - 128GB - Prism Bricks Black (Verizon)"
642,4.5 out of 5 stars,"(57)
57 product ratings - Apple iPhone 8 Plus 64GB Factory Unlocked AT&T Verizon T-Mobile Unlocked"
643,4.5 out of 5 stars,"(200)
200 product ratings - FOUR TESTED GSM UNLOCKED SPACE GRAY APPLE iPhone 8, 64GB A1905 PHONES R385P"
644,4.5 out of 5 stars,"(20)
20 product ratings - Apple iPhone XR - 64GB - White (T-Mobile) A1984 (CDMA + GSM)"
645,5 out of 5 stars,"(9)
9 product ratings - CAT S60 - 32GB - Black (Unlocked) Smartphone (Dual SIM)"
646,4.5 out of 5 stars,"(174)
174 product ratings - Apple iPhone 8 64GB Unlocked A1905 GSM - Space Gray - Used - Excellent Condition"
647,4.5 out of 5 stars,"(216)
216 product ratings - Apple iPhone X - Silver (64 GB) UNLOCKED"
648,5 out of 5 stars,"(33)
33 product ratings - LG Stylo 6 Unlocked Worldwide 64GB/3GBRam/13MP Camera(Brand New)"
649,4.5 out of 5 stars,"(5)
5 product ratings - Google Pixel 3 XL 64GB Unlocked - Used - White"
650,4.5 out of 5 stars,"(126)
126 product ratings - Apple iPhone XR - 64GB - White (Unlocked) A1984 (CDMA + GSM)"
651,5 out of 5 stars,"(1)
1 product ratings - Apple iPhone 7 32GB Unlocked Smartphone AT&T Verizon T-Mobile Factory Unlocked"
652,5 out of 5 stars,"(4)
4 product ratings - Samsung S21 Ultra * UNLOCKED & MINT * Extras Included"
653,5 out of 5 stars,"(8)
8 product ratings - TESTED GRAY CDMA + GSM UNLOCKED APPLE iPhone 11 PRO, 256GB A2160 MW9G2LL/A J60T"
654,4.5 out of 5 stars,"(11)
11 product ratings - Apple iPhone XS - 256GB - Gold (GSM Unlocked)"
655,4.5 out of 5 stars,"(23)
23 product ratings - Samsung Galaxy A21 Carrier Unlocked 32GB-4G Single Sim Worldwide (Brand New)"
656,4.5 out of 5 stars,"(98)
98 product ratings - READ DESCRIPTION Google Pixel 1st Gen (Unlocked) Smartphone Android 155"
657,4.5 out of 5 stars,"(33)
33 product ratings - Apple iPhone SE 64GB - Space Gray (Unlocked Sprint) A1723 (CDMA + GSM) MLMH2LL/A"
658,4.5 out of 5 stars,"(24)
24 product ratings - Apple iPhone 11 Pro Max - 256GB - Silver (Unlocked) A2161 (CDMA + GSM)"
659,4.5 out of 5 stars,"(9)
9 product ratings - Apple iPhone 8 64GB 256GB - Unlocked AT&T T-Mobile Verizon Sprint"
660,4.5 out of 5 stars,"(22)
22 product ratings - UNLOCKED Sony Xperia XA2 Ultra 32GB Black Smartphone 4K Vid+23MP Cam Black B"
661,5 out of 5 stars,"(13)
13 product ratings - Google Pixel 1 Pixel XL 1 Gen Unlocked Android Smartphone GSM + CDMA 32,128, GB"
662,5 out of 5 stars,"(94)
94 product ratings - TESTED BLACK CDMA + GSM UNLOCKED APPLE iPhone XR, 64GB A1984 MT3K2LL/A J190T"
663,4.5 out of 5 stars,"(40)
40 product ratings - [SEALED] BlackBerry Evolve 64GB Black GSM Unlocked Dual SIM International Model"
664,4.5 out of 5 stars,"(59)
59 product ratings - Apple iPhone 7 Plus - 32GB - A1784 - Gold (Unlocked)"
665,4.5 out of 5 stars,"(98)
98 product ratings - Apple iPhone 7 Plus - 32GB - Rose Gold (T-Mobile) (Unlocked)"
666,4.5 out of 5 stars,"(43)
43 product ratings - Google - Pixel 3 with 64GB Memory Cell Phone (Unlocked) - Not Pink - New SEALED"
667,4.5 out of 5 stars,"(15)
15 product ratings - Apple iPhone 7 Unlocked 32GB Black - AT&T T-Mobile Verizon GSM Unlocked"
668,5 out of 5 stars,"(4)
4 product ratings - Google - Pixel 3 XL with 128GB Memory Cell Phone (Unlocked) - Not Pink"
669,4.5 out of 5 stars,"(58)
58 product ratings - Google Pixel 3 Pixel 3 XL 64GB CDMA + GSM Unlocked 4G LTE Android Smartphone"
670,4.5 out of 5 stars,"(17)
17 product ratings - Apple iPhone 8 64GB Unlocked Smartphone AT&T Verizon T-Mobile Factory Unlocked"
671,5 out of 5 stars,"(1)
1 product ratings - Apple iPhone 7 32GB Factory Unlocked 4G LTE iOS WiFi Smartphone"
672,5 out of 5 stars,"(1)
1 product ratings - Caterpillar CAT B26 (Factory Unlocked) Waterproof Rugged GSM ONLY DUAL SIM NEW"
673,5 out of 5 stars,"(1)
1 product ratings - Apple iPhone 8 64GB GSM Factory Unlocked Smartphone"
674,4.5 out of 5 stars,"(4)
4 product ratings - Google - Pixel 3 XL with 128GB Memory Cell Phone (Unlocked) - Just Black"
675,4.5 out of 5 stars,"(117)
117 product ratings - Apple iPhone 7 Plus - 128GB - Jet Black (ATT) A1784 (GSM)"
676,4.5 out of 5 stars,"(45)
45 product ratings - TESTED BLACK CDMA + GSM UNLOCKED APPLE iPhone 11, 128GB A2111 MWLE2LL/A J245T"
677,4.5 out of 5 stars,"(14)
14 product ratings - Samsung Galaxy Z Flip 256GB Mirror Black Unlocked **FREE Accessories & Shipping*"
678,4.5 out of 5 stars,"(19)
19 product ratings - MINT Samsung Galaxy A71 5G UW SM-A716V - 128GB - Prism Bricks Black (Verizon)"
679,4.5 out of 5 stars,"(57)
57 product ratings - Apple iPhone 8 Plus 64GB Factory Unlocked AT&T Verizon T-Mobile Unlocked"
680,4.5 out of 5 stars,"(200)
200 product ratings - FOUR TESTED GSM UNLOCKED SPACE GRAY APPLE iPhone 8, 64GB A1905 PHONES R385P"
681,4.5 out of 5 stars,"(20)
20 product ratings - Apple iPhone XR - 64GB - White (T-Mobile) A1984 (CDMA + GSM)"
682,5 out of 5 stars,"(9)
9 product ratings - CAT S60 - 32GB - Black (Unlocked) Smartphone (Dual SIM)"
683,4.5 out of 5 stars,"(174)
174 product ratings - Apple iPhone 8 64GB Unlocked A1905 GSM - Space Gray - Used - Excellent Condition"
684,4.5 out of 5 stars,"(216)
216 product ratings - Apple iPhone X - Silver (64 GB) UNLOCKED"
685,5 out of 5 stars,"(33)
33 product ratings - LG Stylo 6 Unlocked Worldwide 64GB/3GBRam/13MP Camera(Brand New)"
686,4.5 out of 5 stars,"(5)
5 product ratings - Google Pixel 3 XL 64GB Unlocked - Used - White"
687,4.5 out of 5 stars,"(126)
126 product ratings - Apple iPhone XR - 64GB - White (Unlocked) A1984 (CDMA + GSM)"
688,5 out of 5 stars,"(1)
1 product ratings - Apple iPhone 7 32GB Unlocked Smartphone AT&T Verizon T-Mobile Factory Unlocked"
689,5 out of 5 stars,"(4)
4 product ratings - Samsung S21 Ultra * UNLOCKED & MINT * Extras Included"
690,5 out of 5 stars,"(8)
8 product ratings - TESTED GRAY CDMA + GSM UNLOCKED APPLE iPhone 11 PRO, 256GB A2160 MW9G2LL/A J60T"
691,4.5 out of 5 stars,"(11)
11 product ratings - Apple iPhone XS - 256GB - Gold (GSM Unlocked)"
692,4.5 out of 5 stars,"(23)
23 product ratings - Samsung Galaxy A21 Carrier Unlocked 32GB-4G Single Sim Worldwide (Brand New)"
693,4.5 out of 5 stars,"(98)
98 product ratings - READ DESCRIPTION Google Pixel 1st Gen (Unlocked) Smartphone Android 155"
694,4.5 out of 5 stars,"(33)
33 product ratings - Apple iPhone SE 64GB - Space Gray (Unlocked Sprint) A1723 (CDMA + GSM) MLMH2LL/A"
695,4.5 out of 5 stars,"(24)
24 product ratings - Apple iPhone 11 Pro Max - 256GB - Silver (Unlocked) A2161 (CDMA + GSM)"
696,4.5 out of 5 stars,"(9)
9 product ratings - Apple iPhone 8 64GB 256GB - Unlocked AT&T T-Mobile Verizon Sprint"
697,4.5 out of 5 stars,"(22)
22 product ratings - UNLOCKED Sony Xperia XA2 Ultra 32GB Black Smartphone 4K Vid+23MP Cam Black B"
698,5 out of 5 stars,"(13)
13 product ratings - Google Pixel 1 Pixel XL 1 Gen Unlocked Android Smartphone GSM + CDMA 32,128, GB"
699,5 out of 5 stars,"(94)
94 product ratings - TESTED BLACK CDMA + GSM UNLOCKED APPLE iPhone XR, 64GB A1984 MT3K2LL/A J190T"
700,4.5 out of 5 stars,"(40)
40 product ratings - [SEALED] BlackBerry Evolve 64GB Black GSM Unlocked Dual SIM International Model"
701,4.5 out of 5 stars,"(59)
59 product ratings - Apple iPhone 7 Plus - 32GB - A1784 - Gold (Unlocked)"
702,4.5 out of 5 stars,"(98)
98 product ratings - Apple iPhone 7 Plus - 32GB - Rose Gold (T-Mobile) (Unlocked)"
703,4.5 out of 5 stars,"(43)
43 product ratings - Google - Pixel 3 with 64GB Memory Cell Phone (Unlocked) - Not Pink - New SEALED"
704,4.5 out of 5 stars,"(15)
15 product ratings - Apple iPhone 7 Unlocked 32GB Black - AT&T T-Mobile Verizon GSM Unlocked"
705,5 out of 5 stars,"(4)
4 product ratings - Google - Pixel 3 XL with 128GB Memory Cell Phone (Unlocked) - Not Pink"
706,4.5 out of 5 stars,"(58)
58 product ratings - Google Pixel 3 Pixel 3 XL 64GB CDMA + GSM Unlocked 4G LTE Android Smartphone"
707,4.5 out of 5 stars,"(17)
17 product ratings - Apple iPhone 8 64GB Unlocked Smartphone AT&T Verizon T-Mobile Factory Unlocked"
708,5 out of 5 stars,"(1)
1 product ratings - Apple iPhone 7 32GB Factory Unlocked 4G LTE iOS WiFi Smartphone"
709,5 out of 5 stars,"(1)
1 product ratings - Caterpillar CAT B26 (Factory Unlocked) Waterproof Rugged GSM ONLY DUAL SIM NEW"
710,5 out of 5 stars,"(1)
1 product ratings - Apple iPhone 8 64GB GSM Factory Unlocked Smartphone"
711,4.5 out of 5 stars,"(4)
4 product ratings - Google - Pixel 3 XL with 128GB Memory Cell Phone (Unlocked) - Just Black"
712,4.5 out of 5 stars,"(117)
117 product ratings - Apple iPhone 7 Plus - 128GB - Jet Black (ATT) A1784 (GSM)"
713,4.5 out of 5 stars,"(45)
45 product ratings - TESTED BLACK CDMA + GSM UNLOCKED APPLE iPhone 11, 128GB A2111 MWLE2LL/A J245T"
714,4.5 out of 5 stars,"(14)
14 product ratings - Samsung Galaxy Z Flip 256GB Mirror Black Unlocked **FREE Accessories & Shipping*"
715,4.5 out of 5 stars,"(19)
19 product ratings - MINT Samsung Galaxy A71 5G UW SM-A716V - 128GB - Prism Bricks Black (Verizon)"
716,4.5 out of 5 stars,"(57)
57 product ratings - Apple iPhone 8 Plus 64GB Factory Unlocked AT&T Verizon T-Mobile Unlocked"
717,4.5 out of 5 stars,"(200)
200 product ratings - FOUR TESTED GSM UNLOCKED SPACE GRAY APPLE iPhone 8, 64GB A1905 PHONES R385P"
718,4.5 out of 5 stars,"(20)
20 product ratings - Apple iPhone XR - 64GB - White (T-Mobile) A1984 (CDMA + GSM)"
719,5 out of 5 stars,"(9)
9 product ratings - CAT S60 - 32GB - Black (Unlocked) Smartphone (Dual SIM)"
720,4.5 out of 5 stars,"(174)
174 product ratings - Apple iPhone 8 64GB Unlocked A1905 GSM - Space Gray - Used - Excellent Condition"
721,4.5 out of 5 stars,"(216)
216 product ratings - Apple iPhone X - Silver (64 GB) UNLOCKED"
722,5 out of 5 stars,"(33)
33 product ratings - LG Stylo 6 Unlocked Worldwide 64GB/3GBRam/13MP Camera(Brand New)"
723,4.5 out of 5 stars,"(5)
5 product ratings - Google Pixel 3 XL 64GB Unlocked - Used - White"
724,4.5 out of 5 stars,"(126)
126 product ratings - Apple iPhone XR - 64GB - White (Unlocked) A1984 (CDMA + GSM)"
725,5 out of 5 stars,"(1)
1 product ratings - Apple iPhone 7 32GB Unlocked Smartphone AT&T Verizon T-Mobile Factory Unlocked"
726,5 out of 5 stars,"(4)
4 product ratings - Samsung S21 Ultra * UNLOCKED & MINT * Extras Included"
727,5 out of 5 stars,"(8)
8 product ratings - TESTED GRAY CDMA + GSM UNLOCKED APPLE iPhone 11 PRO, 256GB A2160 MW9G2LL/A J60T"
728,4.5 out of 5 stars,"(11)
11 product ratings - Apple iPhone XS - 256GB - Gold (GSM Unlocked)"
729,4.5 out of 5 stars,"(23)
23 product ratings - Samsung Galaxy A21 Carrier Unlocked 32GB-4G Single Sim Worldwide (Brand New)"
730,4.5 out of 5 stars,"(98)
98 product ratings - READ DESCRIPTION Google Pixel 1st Gen (Unlocked) Smartphone Android 155"
731,4.5 out of 5 stars,"(33)
33 product ratings - Apple iPhone SE 64GB - Space Gray (Unlocked Sprint) A1723 (CDMA + GSM) MLMH2LL/A"
732,4.5 out of 5 stars,"(24)
24 product ratings - Apple iPhone 11 Pro Max - 256GB - Silver (Unlocked) A2161 (CDMA + GSM)"
733,4.5 out of 5 stars,"(9)
9 product ratings - Apple iPhone 8 64GB 256GB - Unlocked AT&T T-Mobile Verizon Sprint"
734,4.5 out of 5 stars,"(22)
22 product ratings - UNLOCKED Sony Xperia XA2 Ultra 32GB Black Smartphone 4K Vid+23MP Cam Black B"
735,5 out of 5 stars,"(13)
13 product ratings - Google Pixel 1 Pixel XL 1 Gen Unlocked Android Smartphone GSM + CDMA 32,128, GB"
736,5 out of 5 stars,"(94)
94 product ratings - TESTED BLACK CDMA + GSM UNLOCKED APPLE iPhone XR, 64GB A1984 MT3K2LL/A J190T"
737,4.5 out of 5 stars,"(40)
40 product ratings - [SEALED] BlackBerry Evolve 64GB Black GSM Unlocked Dual SIM International Model"
738,4.5 out of 5 stars,"(59)
59 product ratings - Apple iPhone 7 Plus - 32GB - A1784 - Gold (Unlocked)"
739,4.5 out of 5 stars,"(98)
98 product ratings - Apple iPhone 7 Plus - 32GB - Rose Gold (T-Mobile) (Unlocked)"
