,ebay,review&rating
0,4 out of 5 stars,"(264)
264 product ratings - Kyocera Brigadier E6782 16GB Black (Verizon) Smartphone (GSM+CDMA) Cracked"
1,5 out of 5 stars,"(7)
7 product ratings - Google Pixel 4 G020I - 64GB - Just Black (AT&T) GSM Smartphone with Android 11"
2,5 out of 5 stars,"(19)
19 product ratings - Apple iPhone 8 (64gb) Metro/ T-Mobile/ Sprint (A1905) Product RED {iOS13}84%"
3,4.5 out of 5 stars,"(3)
3 product ratings - Samsung Galaxy A51 5G SM-A516U 128GB Prism Cube Black AT&T Poor Condition"
4,5 out of 5 stars,"(30)
30 product ratings - Samsung Galaxy S10 G973 T-Mobile 128GB (Bad Board)"
5,4.5 out of 5 stars,"(152)
152 product ratings - Apple iPhone XR (64gb) rSim Unlocked (A1984) Black: Open-Box {iOS13}96% {LOST}"
6,5 out of 5 stars,"(39)
39 product ratings - Apple iPhone X 256GB T-Mobile Or Metro PCS Bat Capacity 82%"
7,4.5 out of 5 stars,"(119)
119 product ratings - [BROKEN] Google Pixel 3 64GB Black Unknown PARTS REPAIR Cracked Bad Digitizer"
8,4.5 out of 5 stars,"(1914)
1,914 product ratings - Apple iPhone 1st Generation - 8GB - Black (Unlocked) A1203 (GSM)"
9,4.5 out of 5 stars,"(92)
92 product ratings - Samsung Galaxy A50 SM-A505U 64 GB Black (Unlocked) NO POWER PARTS Cracked Repair"
10,5 out of 5 stars,"(7)
7 product ratings - Brand New Apple iPhone 12 Pro MAX 512GB Graphite Unlocked"
11,4.5 out of 5 stars,"(127)
127 product ratings - Nokia 6133 - Silver (T-Mobile) Cellular Phone Untested"
12,4.5 out of 5 stars,"(1018)
1,018 product ratings - Samsung Galaxy S5 4G LTE 16GB SM-G900V Android Smartphone Verizon Gray Grade C"
13,4.5 out of 5 stars,"(244)
244 product ratings - Apple iPhone 7 Plus (32gb) Verizon World-Unlocked (A1784) Apple-Care {iOS13}86%"
14,4.5 out of 5 stars,"(198)
198 product ratings - Apple iPhone X - 256GB - Space Gray (AT&T) A1901 (GSM)"
15,4.5 out of 5 stars,"(161)
161 product ratings - Apple iPhone SE - 64GB - Silver (Unlocked) A1662 (CDMA + GSM)"
16,4.5 out of 5 stars,"(98)
98 product ratings - Apple iPhone 6s Plus (32gb) TracFone/ rSim Unlock (A1634) Apple-Care {iOS13}95%"
17,4 out of 5 stars,"(3)
3 product ratings - Apple iPhone 8 64GB ATT, ntw unlocked, Space Gray, Excellent Condition , icl0ud"
18,5 out of 5 stars,"(64)
64 product ratings - [BROKEN) LG K20 plus TP260 - 32GB - Black Parts Repair Fast Ship Lock Cracks"
19,4.5 out of 5 stars,"(98)
98 product ratings - Used Scratched Huawei Mate SE 64GB Gray Dual Sim GSM Read Description 16MP + 2MP"
20,5 out of 5 stars,"(2)
2 product ratings - Apple iPhone 7 PLUS 128GB GSM FACTORY UNLOCKED - BRAND NEW SEALED"
21,4 out of 5 stars,"(264)
264 product ratings - Kyocera Brigadier E6782 16GB Black (Verizon) Smartphone (GSM+CDMA) Cracked"
22,5 out of 5 stars,"(7)
7 product ratings - Google Pixel 4 G020I - 64GB - Just Black (AT&T) GSM Smartphone with Android 11"
23,5 out of 5 stars,"(19)
19 product ratings - Apple iPhone 8 (64gb) Metro/ T-Mobile/ Sprint (A1905) Product RED {iOS13}84%"
24,4.5 out of 5 stars,"(3)
3 product ratings - Samsung Galaxy A51 5G SM-A516U 128GB Prism Cube Black AT&T Poor Condition"
25,5 out of 5 stars,"(30)
30 product ratings - Samsung Galaxy S10 G973 T-Mobile 128GB (Bad Board)"
26,4.5 out of 5 stars,"(152)
152 product ratings - Apple iPhone XR (64gb) rSim Unlocked (A1984) Black: Open-Box {iOS13}96% {LOST}"
27,5 out of 5 stars,"(39)
39 product ratings - Apple iPhone X 256GB T-Mobile Or Metro PCS Bat Capacity 82%"
28,4.5 out of 5 stars,"(119)
119 product ratings - [BROKEN] Google Pixel 3 64GB Black Unknown PARTS REPAIR Cracked Bad Digitizer"
29,4.5 out of 5 stars,"(1914)
1,914 product ratings - Apple iPhone 1st Generation - 8GB - Black (Unlocked) A1203 (GSM)"
30,4.5 out of 5 stars,"(92)
92 product ratings - Samsung Galaxy A50 SM-A505U 64 GB Black (Unlocked) NO POWER PARTS Cracked Repair"
31,5 out of 5 stars,"(7)
7 product ratings - Brand New Apple iPhone 12 Pro MAX 512GB Graphite Unlocked"
32,4.5 out of 5 stars,"(127)
127 product ratings - Nokia 6133 - Silver (T-Mobile) Cellular Phone Untested"
33,4.5 out of 5 stars,"(1018)
1,018 product ratings - Samsung Galaxy S5 4G LTE 16GB SM-G900V Android Smartphone Verizon Gray Grade C"
34,4.5 out of 5 stars,"(244)
244 product ratings - Apple iPhone 7 Plus (32gb) Verizon World-Unlocked (A1784) Apple-Care {iOS13}86%"
35,4.5 out of 5 stars,"(198)
198 product ratings - Apple iPhone X - 256GB - Space Gray (AT&T) A1901 (GSM)"
36,4.5 out of 5 stars,"(161)
161 product ratings - Apple iPhone SE - 64GB - Silver (Unlocked) A1662 (CDMA + GSM)"
37,4.5 out of 5 stars,"(98)
98 product ratings - Apple iPhone 6s Plus (32gb) TracFone/ rSim Unlock (A1634) Apple-Care {iOS13}95%"
38,4 out of 5 stars,"(3)
3 product ratings - Apple iPhone 8 64GB ATT, ntw unlocked, Space Gray, Excellent Condition , icl0ud"
39,5 out of 5 stars,"(64)
64 product ratings - [BROKEN) LG K20 plus TP260 - 32GB - Black Parts Repair Fast Ship Lock Cracks"
40,4.5 out of 5 stars,"(98)
98 product ratings - Used Scratched Huawei Mate SE 64GB Gray Dual Sim GSM Read Description 16MP + 2MP"
41,5 out of 5 stars,"(2)
2 product ratings - Apple iPhone 7 PLUS 128GB GSM FACTORY UNLOCKED - BRAND NEW SEALED"
42,4 out of 5 stars,"(264)
264 product ratings - Kyocera Brigadier E6782 16GB Black (Verizon) Smartphone (GSM+CDMA) Cracked"
43,5 out of 5 stars,"(7)
7 product ratings - Google Pixel 4 G020I - 64GB - Just Black (AT&T) GSM Smartphone with Android 11"
44,5 out of 5 stars,"(19)
19 product ratings - Apple iPhone 8 (64gb) Metro/ T-Mobile/ Sprint (A1905) Product RED {iOS13}84%"
45,4.5 out of 5 stars,"(3)
3 product ratings - Samsung Galaxy A51 5G SM-A516U 128GB Prism Cube Black AT&T Poor Condition"
46,5 out of 5 stars,"(30)
30 product ratings - Samsung Galaxy S10 G973 T-Mobile 128GB (Bad Board)"
47,4.5 out of 5 stars,"(152)
152 product ratings - Apple iPhone XR (64gb) rSim Unlocked (A1984) Black: Open-Box {iOS13}96% {LOST}"
48,5 out of 5 stars,"(39)
39 product ratings - Apple iPhone X 256GB T-Mobile Or Metro PCS Bat Capacity 82%"
49,4.5 out of 5 stars,"(119)
119 product ratings - [BROKEN] Google Pixel 3 64GB Black Unknown PARTS REPAIR Cracked Bad Digitizer"
50,4.5 out of 5 stars,"(1914)
1,914 product ratings - Apple iPhone 1st Generation - 8GB - Black (Unlocked) A1203 (GSM)"
51,4.5 out of 5 stars,"(92)
92 product ratings - Samsung Galaxy A50 SM-A505U 64 GB Black (Unlocked) NO POWER PARTS Cracked Repair"
52,5 out of 5 stars,"(7)
7 product ratings - Brand New Apple iPhone 12 Pro MAX 512GB Graphite Unlocked"
53,4.5 out of 5 stars,"(127)
127 product ratings - Nokia 6133 - Silver (T-Mobile) Cellular Phone Untested"
54,4.5 out of 5 stars,"(1018)
1,018 product ratings - Samsung Galaxy S5 4G LTE 16GB SM-G900V Android Smartphone Verizon Gray Grade C"
55,4.5 out of 5 stars,"(244)
244 product ratings - Apple iPhone 7 Plus (32gb) Verizon World-Unlocked (A1784) Apple-Care {iOS13}86%"
56,4.5 out of 5 stars,"(198)
198 product ratings - Apple iPhone X - 256GB - Space Gray (AT&T) A1901 (GSM)"
57,4.5 out of 5 stars,"(161)
161 product ratings - Apple iPhone SE - 64GB - Silver (Unlocked) A1662 (CDMA + GSM)"
58,4.5 out of 5 stars,"(98)
98 product ratings - Apple iPhone 6s Plus (32gb) TracFone/ rSim Unlock (A1634) Apple-Care {iOS13}95%"
59,4 out of 5 stars,"(3)
3 product ratings - Apple iPhone 8 64GB ATT, ntw unlocked, Space Gray, Excellent Condition , icl0ud"
60,5 out of 5 stars,"(64)
64 product ratings - [BROKEN) LG K20 plus TP260 - 32GB - Black Parts Repair Fast Ship Lock Cracks"
61,4.5 out of 5 stars,"(98)
98 product ratings - Used Scratched Huawei Mate SE 64GB Gray Dual Sim GSM Read Description 16MP + 2MP"
62,5 out of 5 stars,"(2)
2 product ratings - Apple iPhone 7 PLUS 128GB GSM FACTORY UNLOCKED - BRAND NEW SEALED"
63,4 out of 5 stars,"(264)
264 product ratings - Kyocera Brigadier E6782 16GB Black (Verizon) Smartphone (GSM+CDMA) Cracked"
64,5 out of 5 stars,"(7)
7 product ratings - Google Pixel 4 G020I - 64GB - Just Black (AT&T) GSM Smartphone with Android 11"
65,5 out of 5 stars,"(19)
19 product ratings - Apple iPhone 8 (64gb) Metro/ T-Mobile/ Sprint (A1905) Product RED {iOS13}84%"
66,4.5 out of 5 stars,"(3)
3 product ratings - Samsung Galaxy A51 5G SM-A516U 128GB Prism Cube Black AT&T Poor Condition"
67,5 out of 5 stars,"(30)
30 product ratings - Samsung Galaxy S10 G973 T-Mobile 128GB (Bad Board)"
68,4.5 out of 5 stars,"(152)
152 product ratings - Apple iPhone XR (64gb) rSim Unlocked (A1984) Black: Open-Box {iOS13}96% {LOST}"
69,5 out of 5 stars,"(39)
39 product ratings - Apple iPhone X 256GB T-Mobile Or Metro PCS Bat Capacity 82%"
70,4.5 out of 5 stars,"(119)
119 product ratings - [BROKEN] Google Pixel 3 64GB Black Unknown PARTS REPAIR Cracked Bad Digitizer"
71,4.5 out of 5 stars,"(1914)
1,914 product ratings - Apple iPhone 1st Generation - 8GB - Black (Unlocked) A1203 (GSM)"
72,4.5 out of 5 stars,"(92)
92 product ratings - Samsung Galaxy A50 SM-A505U 64 GB Black (Unlocked) NO POWER PARTS Cracked Repair"
73,5 out of 5 stars,"(7)
7 product ratings - Brand New Apple iPhone 12 Pro MAX 512GB Graphite Unlocked"
74,4.5 out of 5 stars,"(127)
127 product ratings - Nokia 6133 - Silver (T-Mobile) Cellular Phone Untested"
75,4.5 out of 5 stars,"(1018)
1,018 product ratings - Samsung Galaxy S5 4G LTE 16GB SM-G900V Android Smartphone Verizon Gray Grade C"
76,4.5 out of 5 stars,"(244)
244 product ratings - Apple iPhone 7 Plus (32gb) Verizon World-Unlocked (A1784) Apple-Care {iOS13}86%"
77,4.5 out of 5 stars,"(198)
198 product ratings - Apple iPhone X - 256GB - Space Gray (AT&T) A1901 (GSM)"
78,4.5 out of 5 stars,"(161)
161 product ratings - Apple iPhone SE - 64GB - Silver (Unlocked) A1662 (CDMA + GSM)"
79,4.5 out of 5 stars,"(98)
98 product ratings - Apple iPhone 6s Plus (32gb) TracFone/ rSim Unlock (A1634) Apple-Care {iOS13}95%"
80,4 out of 5 stars,"(3)
3 product ratings - Apple iPhone 8 64GB ATT, ntw unlocked, Space Gray, Excellent Condition , icl0ud"
81,5 out of 5 stars,"(64)
64 product ratings - [BROKEN) LG K20 plus TP260 - 32GB - Black Parts Repair Fast Ship Lock Cracks"
82,4.5 out of 5 stars,"(98)
98 product ratings - Used Scratched Huawei Mate SE 64GB Gray Dual Sim GSM Read Description 16MP + 2MP"
83,5 out of 5 stars,"(2)
2 product ratings - Apple iPhone 7 PLUS 128GB GSM FACTORY UNLOCKED - BRAND NEW SEALED"
84,4 out of 5 stars,"(264)
264 product ratings - Kyocera Brigadier E6782 16GB Black (Verizon) Smartphone (GSM+CDMA) Cracked"
85,5 out of 5 stars,"(7)
7 product ratings - Google Pixel 4 G020I - 64GB - Just Black (AT&T) GSM Smartphone with Android 11"
86,5 out of 5 stars,"(19)
19 product ratings - Apple iPhone 8 (64gb) Metro/ T-Mobile/ Sprint (A1905) Product RED {iOS13}84%"
87,4.5 out of 5 stars,"(3)
3 product ratings - Samsung Galaxy A51 5G SM-A516U 128GB Prism Cube Black AT&T Poor Condition"
88,5 out of 5 stars,"(30)
30 product ratings - Samsung Galaxy S10 G973 T-Mobile 128GB (Bad Board)"
89,4.5 out of 5 stars,"(152)
152 product ratings - Apple iPhone XR (64gb) rSim Unlocked (A1984) Black: Open-Box {iOS13}96% {LOST}"
90,5 out of 5 stars,"(39)
39 product ratings - Apple iPhone X 256GB T-Mobile Or Metro PCS Bat Capacity 82%"
91,4.5 out of 5 stars,"(119)
119 product ratings - [BROKEN] Google Pixel 3 64GB Black Unknown PARTS REPAIR Cracked Bad Digitizer"
92,4.5 out of 5 stars,"(1914)
1,914 product ratings - Apple iPhone 1st Generation - 8GB - Black (Unlocked) A1203 (GSM)"
93,4.5 out of 5 stars,"(92)
92 product ratings - Samsung Galaxy A50 SM-A505U 64 GB Black (Unlocked) NO POWER PARTS Cracked Repair"
94,5 out of 5 stars,"(7)
7 product ratings - Brand New Apple iPhone 12 Pro MAX 512GB Graphite Unlocked"
95,4.5 out of 5 stars,"(127)
127 product ratings - Nokia 6133 - Silver (T-Mobile) Cellular Phone Untested"
96,4.5 out of 5 stars,"(1018)
1,018 product ratings - Samsung Galaxy S5 4G LTE 16GB SM-G900V Android Smartphone Verizon Gray Grade C"
97,4.5 out of 5 stars,"(244)
244 product ratings - Apple iPhone 7 Plus (32gb) Verizon World-Unlocked (A1784) Apple-Care {iOS13}86%"
98,4.5 out of 5 stars,"(198)
198 product ratings - Apple iPhone X - 256GB - Space Gray (AT&T) A1901 (GSM)"
99,4.5 out of 5 stars,"(161)
161 product ratings - Apple iPhone SE - 64GB - Silver (Unlocked) A1662 (CDMA + GSM)"
100,4.5 out of 5 stars,"(98)
98 product ratings - Apple iPhone 6s Plus (32gb) TracFone/ rSim Unlock (A1634) Apple-Care {iOS13}95%"
101,4 out of 5 stars,"(3)
3 product ratings - Apple iPhone 8 64GB ATT, ntw unlocked, Space Gray, Excellent Condition , icl0ud"
102,5 out of 5 stars,"(64)
64 product ratings - [BROKEN) LG K20 plus TP260 - 32GB - Black Parts Repair Fast Ship Lock Cracks"
103,4.5 out of 5 stars,"(98)
98 product ratings - Used Scratched Huawei Mate SE 64GB Gray Dual Sim GSM Read Description 16MP + 2MP"
104,5 out of 5 stars,"(2)
2 product ratings - Apple iPhone 7 PLUS 128GB GSM FACTORY UNLOCKED - BRAND NEW SEALED"
105,4 out of 5 stars,"(264)
264 product ratings - Kyocera Brigadier E6782 16GB Black (Verizon) Smartphone (GSM+CDMA) Cracked"
106,5 out of 5 stars,"(7)
7 product ratings - Google Pixel 4 G020I - 64GB - Just Black (AT&T) GSM Smartphone with Android 11"
107,5 out of 5 stars,"(19)
19 product ratings - Apple iPhone 8 (64gb) Metro/ T-Mobile/ Sprint (A1905) Product RED {iOS13}84%"
108,4.5 out of 5 stars,"(3)
3 product ratings - Samsung Galaxy A51 5G SM-A516U 128GB Prism Cube Black AT&T Poor Condition"
109,5 out of 5 stars,"(30)
30 product ratings - Samsung Galaxy S10 G973 T-Mobile 128GB (Bad Board)"
110,4.5 out of 5 stars,"(152)
152 product ratings - Apple iPhone XR (64gb) rSim Unlocked (A1984) Black: Open-Box {iOS13}96% {LOST}"
111,5 out of 5 stars,"(39)
39 product ratings - Apple iPhone X 256GB T-Mobile Or Metro PCS Bat Capacity 82%"
112,4.5 out of 5 stars,"(119)
119 product ratings - [BROKEN] Google Pixel 3 64GB Black Unknown PARTS REPAIR Cracked Bad Digitizer"
113,4.5 out of 5 stars,"(1914)
1,914 product ratings - Apple iPhone 1st Generation - 8GB - Black (Unlocked) A1203 (GSM)"
114,4.5 out of 5 stars,"(92)
92 product ratings - Samsung Galaxy A50 SM-A505U 64 GB Black (Unlocked) NO POWER PARTS Cracked Repair"
115,5 out of 5 stars,"(7)
7 product ratings - Brand New Apple iPhone 12 Pro MAX 512GB Graphite Unlocked"
116,4.5 out of 5 stars,"(127)
127 product ratings - Nokia 6133 - Silver (T-Mobile) Cellular Phone Untested"
117,4.5 out of 5 stars,"(1018)
1,018 product ratings - Samsung Galaxy S5 4G LTE 16GB SM-G900V Android Smartphone Verizon Gray Grade C"
118,4.5 out of 5 stars,"(244)
244 product ratings - Apple iPhone 7 Plus (32gb) Verizon World-Unlocked (A1784) Apple-Care {iOS13}86%"
119,4.5 out of 5 stars,"(198)
198 product ratings - Apple iPhone X - 256GB - Space Gray (AT&T) A1901 (GSM)"
120,4.5 out of 5 stars,"(161)
161 product ratings - Apple iPhone SE - 64GB - Silver (Unlocked) A1662 (CDMA + GSM)"
121,4.5 out of 5 stars,"(98)
98 product ratings - Apple iPhone 6s Plus (32gb) TracFone/ rSim Unlock (A1634) Apple-Care {iOS13}95%"
122,4 out of 5 stars,"(3)
3 product ratings - Apple iPhone 8 64GB ATT, ntw unlocked, Space Gray, Excellent Condition , icl0ud"
123,5 out of 5 stars,"(64)
64 product ratings - [BROKEN) LG K20 plus TP260 - 32GB - Black Parts Repair Fast Ship Lock Cracks"
124,4.5 out of 5 stars,"(98)
98 product ratings - Used Scratched Huawei Mate SE 64GB Gray Dual Sim GSM Read Description 16MP + 2MP"
125,5 out of 5 stars,"(2)
2 product ratings - Apple iPhone 7 PLUS 128GB GSM FACTORY UNLOCKED - BRAND NEW SEALED"
126,4 out of 5 stars,"(264)
264 product ratings - Kyocera Brigadier E6782 16GB Black (Verizon) Smartphone (GSM+CDMA) Cracked"
127,5 out of 5 stars,"(7)
7 product ratings - Google Pixel 4 G020I - 64GB - Just Black (AT&T) GSM Smartphone with Android 11"
128,5 out of 5 stars,"(19)
19 product ratings - Apple iPhone 8 (64gb) Metro/ T-Mobile/ Sprint (A1905) Product RED {iOS13}84%"
129,4.5 out of 5 stars,"(3)
3 product ratings - Samsung Galaxy A51 5G SM-A516U 128GB Prism Cube Black AT&T Poor Condition"
130,5 out of 5 stars,"(30)
30 product ratings - Samsung Galaxy S10 G973 T-Mobile 128GB (Bad Board)"
131,4.5 out of 5 stars,"(152)
152 product ratings - Apple iPhone XR (64gb) rSim Unlocked (A1984) Black: Open-Box {iOS13}96% {LOST}"
132,5 out of 5 stars,"(39)
39 product ratings - Apple iPhone X 256GB T-Mobile Or Metro PCS Bat Capacity 82%"
133,4.5 out of 5 stars,"(119)
119 product ratings - [BROKEN] Google Pixel 3 64GB Black Unknown PARTS REPAIR Cracked Bad Digitizer"
134,4.5 out of 5 stars,"(1914)
1,914 product ratings - Apple iPhone 1st Generation - 8GB - Black (Unlocked) A1203 (GSM)"
135,4.5 out of 5 stars,"(92)
92 product ratings - Samsung Galaxy A50 SM-A505U 64 GB Black (Unlocked) NO POWER PARTS Cracked Repair"
136,5 out of 5 stars,"(7)
7 product ratings - Brand New Apple iPhone 12 Pro MAX 512GB Graphite Unlocked"
137,4.5 out of 5 stars,"(127)
127 product ratings - Nokia 6133 - Silver (T-Mobile) Cellular Phone Untested"
138,4.5 out of 5 stars,"(1018)
1,018 product ratings - Samsung Galaxy S5 4G LTE 16GB SM-G900V Android Smartphone Verizon Gray Grade C"
139,4.5 out of 5 stars,"(244)
244 product ratings - Apple iPhone 7 Plus (32gb) Verizon World-Unlocked (A1784) Apple-Care {iOS13}86%"
140,4.5 out of 5 stars,"(198)
198 product ratings - Apple iPhone X - 256GB - Space Gray (AT&T) A1901 (GSM)"
141,4.5 out of 5 stars,"(161)
161 product ratings - Apple iPhone SE - 64GB - Silver (Unlocked) A1662 (CDMA + GSM)"
142,4.5 out of 5 stars,"(98)
98 product ratings - Apple iPhone 6s Plus (32gb) TracFone/ rSim Unlock (A1634) Apple-Care {iOS13}95%"
143,4 out of 5 stars,"(3)
3 product ratings - Apple iPhone 8 64GB ATT, ntw unlocked, Space Gray, Excellent Condition , icl0ud"
144,5 out of 5 stars,"(64)
64 product ratings - [BROKEN) LG K20 plus TP260 - 32GB - Black Parts Repair Fast Ship Lock Cracks"
145,4.5 out of 5 stars,"(98)
98 product ratings - Used Scratched Huawei Mate SE 64GB Gray Dual Sim GSM Read Description 16MP + 2MP"
146,5 out of 5 stars,"(2)
2 product ratings - Apple iPhone 7 PLUS 128GB GSM FACTORY UNLOCKED - BRAND NEW SEALED"
147,4 out of 5 stars,"(264)
264 product ratings - Kyocera Brigadier E6782 16GB Black (Verizon) Smartphone (GSM+CDMA) Cracked"
148,5 out of 5 stars,"(7)
7 product ratings - Google Pixel 4 G020I - 64GB - Just Black (AT&T) GSM Smartphone with Android 11"
149,5 out of 5 stars,"(19)
19 product ratings - Apple iPhone 8 (64gb) Metro/ T-Mobile/ Sprint (A1905) Product RED {iOS13}84%"
150,4.5 out of 5 stars,"(3)
3 product ratings - Samsung Galaxy A51 5G SM-A516U 128GB Prism Cube Black AT&T Poor Condition"
151,5 out of 5 stars,"(30)
30 product ratings - Samsung Galaxy S10 G973 T-Mobile 128GB (Bad Board)"
152,4.5 out of 5 stars,"(152)
152 product ratings - Apple iPhone XR (64gb) rSim Unlocked (A1984) Black: Open-Box {iOS13}96% {LOST}"
153,5 out of 5 stars,"(39)
39 product ratings - Apple iPhone X 256GB T-Mobile Or Metro PCS Bat Capacity 82%"
154,4.5 out of 5 stars,"(119)
119 product ratings - [BROKEN] Google Pixel 3 64GB Black Unknown PARTS REPAIR Cracked Bad Digitizer"
155,4.5 out of 5 stars,"(1914)
1,914 product ratings - Apple iPhone 1st Generation - 8GB - Black (Unlocked) A1203 (GSM)"
156,4.5 out of 5 stars,"(92)
92 product ratings - Samsung Galaxy A50 SM-A505U 64 GB Black (Unlocked) NO POWER PARTS Cracked Repair"
157,5 out of 5 stars,"(7)
7 product ratings - Brand New Apple iPhone 12 Pro MAX 512GB Graphite Unlocked"
158,4.5 out of 5 stars,"(127)
127 product ratings - Nokia 6133 - Silver (T-Mobile) Cellular Phone Untested"
159,4.5 out of 5 stars,"(1018)
1,018 product ratings - Samsung Galaxy S5 4G LTE 16GB SM-G900V Android Smartphone Verizon Gray Grade C"
160,4.5 out of 5 stars,"(244)
244 product ratings - Apple iPhone 7 Plus (32gb) Verizon World-Unlocked (A1784) Apple-Care {iOS13}86%"
161,4.5 out of 5 stars,"(198)
198 product ratings - Apple iPhone X - 256GB - Space Gray (AT&T) A1901 (GSM)"
162,4.5 out of 5 stars,"(161)
161 product ratings - Apple iPhone SE - 64GB - Silver (Unlocked) A1662 (CDMA + GSM)"
163,4.5 out of 5 stars,"(98)
98 product ratings - Apple iPhone 6s Plus (32gb) TracFone/ rSim Unlock (A1634) Apple-Care {iOS13}95%"
164,4 out of 5 stars,"(3)
3 product ratings - Apple iPhone 8 64GB ATT, ntw unlocked, Space Gray, Excellent Condition , icl0ud"
165,5 out of 5 stars,"(64)
64 product ratings - [BROKEN) LG K20 plus TP260 - 32GB - Black Parts Repair Fast Ship Lock Cracks"
166,4.5 out of 5 stars,"(98)
98 product ratings - Used Scratched Huawei Mate SE 64GB Gray Dual Sim GSM Read Description 16MP + 2MP"
167,5 out of 5 stars,"(2)
2 product ratings - Apple iPhone 7 PLUS 128GB GSM FACTORY UNLOCKED - BRAND NEW SEALED"
168,4 out of 5 stars,"(264)
264 product ratings - Kyocera Brigadier E6782 16GB Black (Verizon) Smartphone (GSM+CDMA) Cracked"
169,5 out of 5 stars,"(7)
7 product ratings - Google Pixel 4 G020I - 64GB - Just Black (AT&T) GSM Smartphone with Android 11"
170,5 out of 5 stars,"(19)
19 product ratings - Apple iPhone 8 (64gb) Metro/ T-Mobile/ Sprint (A1905) Product RED {iOS13}84%"
171,4.5 out of 5 stars,"(3)
3 product ratings - Samsung Galaxy A51 5G SM-A516U 128GB Prism Cube Black AT&T Poor Condition"
172,5 out of 5 stars,"(30)
30 product ratings - Samsung Galaxy S10 G973 T-Mobile 128GB (Bad Board)"
173,4.5 out of 5 stars,"(152)
152 product ratings - Apple iPhone XR (64gb) rSim Unlocked (A1984) Black: Open-Box {iOS13}96% {LOST}"
174,5 out of 5 stars,"(39)
39 product ratings - Apple iPhone X 256GB T-Mobile Or Metro PCS Bat Capacity 82%"
175,4.5 out of 5 stars,"(119)
119 product ratings - [BROKEN] Google Pixel 3 64GB Black Unknown PARTS REPAIR Cracked Bad Digitizer"
176,4.5 out of 5 stars,"(1914)
1,914 product ratings - Apple iPhone 1st Generation - 8GB - Black (Unlocked) A1203 (GSM)"
177,4.5 out of 5 stars,"(92)
92 product ratings - Samsung Galaxy A50 SM-A505U 64 GB Black (Unlocked) NO POWER PARTS Cracked Repair"
178,5 out of 5 stars,"(7)
7 product ratings - Brand New Apple iPhone 12 Pro MAX 512GB Graphite Unlocked"
179,4.5 out of 5 stars,"(127)
127 product ratings - Nokia 6133 - Silver (T-Mobile) Cellular Phone Untested"
180,4.5 out of 5 stars,"(1018)
1,018 product ratings - Samsung Galaxy S5 4G LTE 16GB SM-G900V Android Smartphone Verizon Gray Grade C"
181,4.5 out of 5 stars,"(244)
244 product ratings - Apple iPhone 7 Plus (32gb) Verizon World-Unlocked (A1784) Apple-Care {iOS13}86%"
182,4.5 out of 5 stars,"(198)
198 product ratings - Apple iPhone X - 256GB - Space Gray (AT&T) A1901 (GSM)"
183,4.5 out of 5 stars,"(161)
161 product ratings - Apple iPhone SE - 64GB - Silver (Unlocked) A1662 (CDMA + GSM)"
184,4.5 out of 5 stars,"(98)
98 product ratings - Apple iPhone 6s Plus (32gb) TracFone/ rSim Unlock (A1634) Apple-Care {iOS13}95%"
185,4 out of 5 stars,"(3)
3 product ratings - Apple iPhone 8 64GB ATT, ntw unlocked, Space Gray, Excellent Condition , icl0ud"
186,5 out of 5 stars,"(64)
64 product ratings - [BROKEN) LG K20 plus TP260 - 32GB - Black Parts Repair Fast Ship Lock Cracks"
187,4.5 out of 5 stars,"(98)
98 product ratings - Used Scratched Huawei Mate SE 64GB Gray Dual Sim GSM Read Description 16MP + 2MP"
188,5 out of 5 stars,"(2)
2 product ratings - Apple iPhone 7 PLUS 128GB GSM FACTORY UNLOCKED - BRAND NEW SEALED"
189,4 out of 5 stars,"(264)
264 product ratings - Kyocera Brigadier E6782 16GB Black (Verizon) Smartphone (GSM+CDMA) Cracked"
190,5 out of 5 stars,"(7)
7 product ratings - Google Pixel 4 G020I - 64GB - Just Black (AT&T) GSM Smartphone with Android 11"
191,5 out of 5 stars,"(19)
19 product ratings - Apple iPhone 8 (64gb) Metro/ T-Mobile/ Sprint (A1905) Product RED {iOS13}84%"
192,4.5 out of 5 stars,"(3)
3 product ratings - Samsung Galaxy A51 5G SM-A516U 128GB Prism Cube Black AT&T Poor Condition"
193,5 out of 5 stars,"(30)
30 product ratings - Samsung Galaxy S10 G973 T-Mobile 128GB (Bad Board)"
194,4.5 out of 5 stars,"(152)
152 product ratings - Apple iPhone XR (64gb) rSim Unlocked (A1984) Black: Open-Box {iOS13}96% {LOST}"
195,5 out of 5 stars,"(39)
39 product ratings - Apple iPhone X 256GB T-Mobile Or Metro PCS Bat Capacity 82%"
196,4.5 out of 5 stars,"(119)
119 product ratings - [BROKEN] Google Pixel 3 64GB Black Unknown PARTS REPAIR Cracked Bad Digitizer"
197,4.5 out of 5 stars,"(1914)
1,914 product ratings - Apple iPhone 1st Generation - 8GB - Black (Unlocked) A1203 (GSM)"
198,4.5 out of 5 stars,"(92)
92 product ratings - Samsung Galaxy A50 SM-A505U 64 GB Black (Unlocked) NO POWER PARTS Cracked Repair"
199,5 out of 5 stars,"(7)
7 product ratings - Brand New Apple iPhone 12 Pro MAX 512GB Graphite Unlocked"
200,4.5 out of 5 stars,"(127)
127 product ratings - Nokia 6133 - Silver (T-Mobile) Cellular Phone Untested"
201,4.5 out of 5 stars,"(1018)
1,018 product ratings - Samsung Galaxy S5 4G LTE 16GB SM-G900V Android Smartphone Verizon Gray Grade C"
202,4.5 out of 5 stars,"(244)
244 product ratings - Apple iPhone 7 Plus (32gb) Verizon World-Unlocked (A1784) Apple-Care {iOS13}86%"
203,4.5 out of 5 stars,"(198)
198 product ratings - Apple iPhone X - 256GB - Space Gray (AT&T) A1901 (GSM)"
204,4.5 out of 5 stars,"(161)
161 product ratings - Apple iPhone SE - 64GB - Silver (Unlocked) A1662 (CDMA + GSM)"
205,4.5 out of 5 stars,"(98)
98 product ratings - Apple iPhone 6s Plus (32gb) TracFone/ rSim Unlock (A1634) Apple-Care {iOS13}95%"
206,4 out of 5 stars,"(3)
3 product ratings - Apple iPhone 8 64GB ATT, ntw unlocked, Space Gray, Excellent Condition , icl0ud"
207,5 out of 5 stars,"(64)
64 product ratings - [BROKEN) LG K20 plus TP260 - 32GB - Black Parts Repair Fast Ship Lock Cracks"
208,4.5 out of 5 stars,"(98)
98 product ratings - Used Scratched Huawei Mate SE 64GB Gray Dual Sim GSM Read Description 16MP + 2MP"
209,5 out of 5 stars,"(2)
2 product ratings - Apple iPhone 7 PLUS 128GB GSM FACTORY UNLOCKED - BRAND NEW SEALED"
210,4 out of 5 stars,"(264)
264 product ratings - Kyocera Brigadier E6782 16GB Black (Verizon) Smartphone (GSM+CDMA) Cracked"
211,5 out of 5 stars,"(7)
7 product ratings - Google Pixel 4 G020I - 64GB - Just Black (AT&T) GSM Smartphone with Android 11"
212,5 out of 5 stars,"(19)
19 product ratings - Apple iPhone 8 (64gb) Metro/ T-Mobile/ Sprint (A1905) Product RED {iOS13}84%"
213,4.5 out of 5 stars,"(3)
3 product ratings - Samsung Galaxy A51 5G SM-A516U 128GB Prism Cube Black AT&T Poor Condition"
214,5 out of 5 stars,"(30)
30 product ratings - Samsung Galaxy S10 G973 T-Mobile 128GB (Bad Board)"
215,4.5 out of 5 stars,"(152)
152 product ratings - Apple iPhone XR (64gb) rSim Unlocked (A1984) Black: Open-Box {iOS13}96% {LOST}"
216,5 out of 5 stars,"(39)
39 product ratings - Apple iPhone X 256GB T-Mobile Or Metro PCS Bat Capacity 82%"
217,4.5 out of 5 stars,"(119)
119 product ratings - [BROKEN] Google Pixel 3 64GB Black Unknown PARTS REPAIR Cracked Bad Digitizer"
218,4.5 out of 5 stars,"(1914)
1,914 product ratings - Apple iPhone 1st Generation - 8GB - Black (Unlocked) A1203 (GSM)"
219,4.5 out of 5 stars,"(92)
92 product ratings - Samsung Galaxy A50 SM-A505U 64 GB Black (Unlocked) NO POWER PARTS Cracked Repair"
220,5 out of 5 stars,"(7)
7 product ratings - Brand New Apple iPhone 12 Pro MAX 512GB Graphite Unlocked"
221,4.5 out of 5 stars,"(127)
127 product ratings - Nokia 6133 - Silver (T-Mobile) Cellular Phone Untested"
222,4.5 out of 5 stars,"(1018)
1,018 product ratings - Samsung Galaxy S5 4G LTE 16GB SM-G900V Android Smartphone Verizon Gray Grade C"
223,4.5 out of 5 stars,"(244)
244 product ratings - Apple iPhone 7 Plus (32gb) Verizon World-Unlocked (A1784) Apple-Care {iOS13}86%"
224,4.5 out of 5 stars,"(198)
198 product ratings - Apple iPhone X - 256GB - Space Gray (AT&T) A1901 (GSM)"
225,4.5 out of 5 stars,"(161)
161 product ratings - Apple iPhone SE - 64GB - Silver (Unlocked) A1662 (CDMA + GSM)"
226,4.5 out of 5 stars,"(98)
98 product ratings - Apple iPhone 6s Plus (32gb) TracFone/ rSim Unlock (A1634) Apple-Care {iOS13}95%"
227,4 out of 5 stars,"(3)
3 product ratings - Apple iPhone 8 64GB ATT, ntw unlocked, Space Gray, Excellent Condition , icl0ud"
228,5 out of 5 stars,"(64)
64 product ratings - [BROKEN) LG K20 plus TP260 - 32GB - Black Parts Repair Fast Ship Lock Cracks"
229,4.5 out of 5 stars,"(98)
98 product ratings - Used Scratched Huawei Mate SE 64GB Gray Dual Sim GSM Read Description 16MP + 2MP"
230,5 out of 5 stars,"(2)
2 product ratings - Apple iPhone 7 PLUS 128GB GSM FACTORY UNLOCKED - BRAND NEW SEALED"
231,4 out of 5 stars,"(264)
264 product ratings - Kyocera Brigadier E6782 16GB Black (Verizon) Smartphone (GSM+CDMA) Cracked"
232,5 out of 5 stars,"(7)
7 product ratings - Google Pixel 4 G020I - 64GB - Just Black (AT&T) GSM Smartphone with Android 11"
233,5 out of 5 stars,"(19)
19 product ratings - Apple iPhone 8 (64gb) Metro/ T-Mobile/ Sprint (A1905) Product RED {iOS13}84%"
234,4.5 out of 5 stars,"(3)
3 product ratings - Samsung Galaxy A51 5G SM-A516U 128GB Prism Cube Black AT&T Poor Condition"
235,5 out of 5 stars,"(30)
30 product ratings - Samsung Galaxy S10 G973 T-Mobile 128GB (Bad Board)"
236,4.5 out of 5 stars,"(152)
152 product ratings - Apple iPhone XR (64gb) rSim Unlocked (A1984) Black: Open-Box {iOS13}96% {LOST}"
237,5 out of 5 stars,"(39)
39 product ratings - Apple iPhone X 256GB T-Mobile Or Metro PCS Bat Capacity 82%"
238,4.5 out of 5 stars,"(119)
119 product ratings - [BROKEN] Google Pixel 3 64GB Black Unknown PARTS REPAIR Cracked Bad Digitizer"
239,4.5 out of 5 stars,"(1914)
1,914 product ratings - Apple iPhone 1st Generation - 8GB - Black (Unlocked) A1203 (GSM)"
240,4.5 out of 5 stars,"(92)
92 product ratings - Samsung Galaxy A50 SM-A505U 64 GB Black (Unlocked) NO POWER PARTS Cracked Repair"
241,5 out of 5 stars,"(7)
7 product ratings - Brand New Apple iPhone 12 Pro MAX 512GB Graphite Unlocked"
242,4.5 out of 5 stars,"(127)
127 product ratings - Nokia 6133 - Silver (T-Mobile) Cellular Phone Untested"
243,4.5 out of 5 stars,"(1018)
1,018 product ratings - Samsung Galaxy S5 4G LTE 16GB SM-G900V Android Smartphone Verizon Gray Grade C"
244,4.5 out of 5 stars,"(244)
244 product ratings - Apple iPhone 7 Plus (32gb) Verizon World-Unlocked (A1784) Apple-Care {iOS13}86%"
245,4.5 out of 5 stars,"(198)
198 product ratings - Apple iPhone X - 256GB - Space Gray (AT&T) A1901 (GSM)"
246,4.5 out of 5 stars,"(161)
161 product ratings - Apple iPhone SE - 64GB - Silver (Unlocked) A1662 (CDMA + GSM)"
247,4.5 out of 5 stars,"(98)
98 product ratings - Apple iPhone 6s Plus (32gb) TracFone/ rSim Unlock (A1634) Apple-Care {iOS13}95%"
248,4 out of 5 stars,"(3)
3 product ratings - Apple iPhone 8 64GB ATT, ntw unlocked, Space Gray, Excellent Condition , icl0ud"
249,5 out of 5 stars,"(64)
64 product ratings - [BROKEN) LG K20 plus TP260 - 32GB - Black Parts Repair Fast Ship Lock Cracks"
250,4.5 out of 5 stars,"(98)
98 product ratings - Used Scratched Huawei Mate SE 64GB Gray Dual Sim GSM Read Description 16MP + 2MP"
251,5 out of 5 stars,"(2)
2 product ratings - Apple iPhone 7 PLUS 128GB GSM FACTORY UNLOCKED - BRAND NEW SEALED"
252,4 out of 5 stars,"(264)
264 product ratings - Kyocera Brigadier E6782 16GB Black (Verizon) Smartphone (GSM+CDMA) Cracked"
253,5 out of 5 stars,"(7)
7 product ratings - Google Pixel 4 G020I - 64GB - Just Black (AT&T) GSM Smartphone with Android 11"
254,5 out of 5 stars,"(19)
19 product ratings - Apple iPhone 8 (64gb) Metro/ T-Mobile/ Sprint (A1905) Product RED {iOS13}84%"
255,4.5 out of 5 stars,"(3)
3 product ratings - Samsung Galaxy A51 5G SM-A516U 128GB Prism Cube Black AT&T Poor Condition"
256,5 out of 5 stars,"(30)
30 product ratings - Samsung Galaxy S10 G973 T-Mobile 128GB (Bad Board)"
257,4.5 out of 5 stars,"(152)
152 product ratings - Apple iPhone XR (64gb) rSim Unlocked (A1984) Black: Open-Box {iOS13}96% {LOST}"
258,5 out of 5 stars,"(39)
39 product ratings - Apple iPhone X 256GB T-Mobile Or Metro PCS Bat Capacity 82%"
259,4.5 out of 5 stars,"(119)
119 product ratings - [BROKEN] Google Pixel 3 64GB Black Unknown PARTS REPAIR Cracked Bad Digitizer"
260,4.5 out of 5 stars,"(1914)
1,914 product ratings - Apple iPhone 1st Generation - 8GB - Black (Unlocked) A1203 (GSM)"
261,4.5 out of 5 stars,"(92)
92 product ratings - Samsung Galaxy A50 SM-A505U 64 GB Black (Unlocked) NO POWER PARTS Cracked Repair"
262,5 out of 5 stars,"(7)
7 product ratings - Brand New Apple iPhone 12 Pro MAX 512GB Graphite Unlocked"
263,4.5 out of 5 stars,"(127)
127 product ratings - Nokia 6133 - Silver (T-Mobile) Cellular Phone Untested"
264,4.5 out of 5 stars,"(1018)
1,018 product ratings - Samsung Galaxy S5 4G LTE 16GB SM-G900V Android Smartphone Verizon Gray Grade C"
265,4.5 out of 5 stars,"(244)
244 product ratings - Apple iPhone 7 Plus (32gb) Verizon World-Unlocked (A1784) Apple-Care {iOS13}86%"
266,4.5 out of 5 stars,"(198)
198 product ratings - Apple iPhone X - 256GB - Space Gray (AT&T) A1901 (GSM)"
267,4.5 out of 5 stars,"(161)
161 product ratings - Apple iPhone SE - 64GB - Silver (Unlocked) A1662 (CDMA + GSM)"
268,4.5 out of 5 stars,"(98)
98 product ratings - Apple iPhone 6s Plus (32gb) TracFone/ rSim Unlock (A1634) Apple-Care {iOS13}95%"
269,4 out of 5 stars,"(3)
3 product ratings - Apple iPhone 8 64GB ATT, ntw unlocked, Space Gray, Excellent Condition , icl0ud"
270,5 out of 5 stars,"(64)
64 product ratings - [BROKEN) LG K20 plus TP260 - 32GB - Black Parts Repair Fast Ship Lock Cracks"
271,4.5 out of 5 stars,"(98)
98 product ratings - Used Scratched Huawei Mate SE 64GB Gray Dual Sim GSM Read Description 16MP + 2MP"
272,5 out of 5 stars,"(2)
2 product ratings - Apple iPhone 7 PLUS 128GB GSM FACTORY UNLOCKED - BRAND NEW SEALED"
273,4 out of 5 stars,"(264)
264 product ratings - Kyocera Brigadier E6782 16GB Black (Verizon) Smartphone (GSM+CDMA) Cracked"
274,5 out of 5 stars,"(7)
7 product ratings - Google Pixel 4 G020I - 64GB - Just Black (AT&T) GSM Smartphone with Android 11"
275,5 out of 5 stars,"(19)
19 product ratings - Apple iPhone 8 (64gb) Metro/ T-Mobile/ Sprint (A1905) Product RED {iOS13}84%"
276,4.5 out of 5 stars,"(3)
3 product ratings - Samsung Galaxy A51 5G SM-A516U 128GB Prism Cube Black AT&T Poor Condition"
277,5 out of 5 stars,"(30)
30 product ratings - Samsung Galaxy S10 G973 T-Mobile 128GB (Bad Board)"
278,4.5 out of 5 stars,"(152)
152 product ratings - Apple iPhone XR (64gb) rSim Unlocked (A1984) Black: Open-Box {iOS13}96% {LOST}"
279,5 out of 5 stars,"(39)
39 product ratings - Apple iPhone X 256GB T-Mobile Or Metro PCS Bat Capacity 82%"
280,4.5 out of 5 stars,"(119)
119 product ratings - [BROKEN] Google Pixel 3 64GB Black Unknown PARTS REPAIR Cracked Bad Digitizer"
281,4.5 out of 5 stars,"(1914)
1,914 product ratings - Apple iPhone 1st Generation - 8GB - Black (Unlocked) A1203 (GSM)"
282,4.5 out of 5 stars,"(92)
92 product ratings - Samsung Galaxy A50 SM-A505U 64 GB Black (Unlocked) NO POWER PARTS Cracked Repair"
283,5 out of 5 stars,"(7)
7 product ratings - Brand New Apple iPhone 12 Pro MAX 512GB Graphite Unlocked"
284,4.5 out of 5 stars,"(127)
127 product ratings - Nokia 6133 - Silver (T-Mobile) Cellular Phone Untested"
285,4.5 out of 5 stars,"(1018)
1,018 product ratings - Samsung Galaxy S5 4G LTE 16GB SM-G900V Android Smartphone Verizon Gray Grade C"
286,4.5 out of 5 stars,"(244)
244 product ratings - Apple iPhone 7 Plus (32gb) Verizon World-Unlocked (A1784) Apple-Care {iOS13}86%"
287,4.5 out of 5 stars,"(198)
198 product ratings - Apple iPhone X - 256GB - Space Gray (AT&T) A1901 (GSM)"
288,4.5 out of 5 stars,"(161)
161 product ratings - Apple iPhone SE - 64GB - Silver (Unlocked) A1662 (CDMA + GSM)"
289,4.5 out of 5 stars,"(98)
98 product ratings - Apple iPhone 6s Plus (32gb) TracFone/ rSim Unlock (A1634) Apple-Care {iOS13}95%"
290,4 out of 5 stars,"(3)
3 product ratings - Apple iPhone 8 64GB ATT, ntw unlocked, Space Gray, Excellent Condition , icl0ud"
291,5 out of 5 stars,"(64)
64 product ratings - [BROKEN) LG K20 plus TP260 - 32GB - Black Parts Repair Fast Ship Lock Cracks"
292,4.5 out of 5 stars,"(98)
98 product ratings - Used Scratched Huawei Mate SE 64GB Gray Dual Sim GSM Read Description 16MP + 2MP"
293,5 out of 5 stars,"(2)
2 product ratings - Apple iPhone 7 PLUS 128GB GSM FACTORY UNLOCKED - BRAND NEW SEALED"
294,4 out of 5 stars,"(264)
264 product ratings - Kyocera Brigadier E6782 16GB Black (Verizon) Smartphone (GSM+CDMA) Cracked"
295,5 out of 5 stars,"(7)
7 product ratings - Google Pixel 4 G020I - 64GB - Just Black (AT&T) GSM Smartphone with Android 11"
296,5 out of 5 stars,"(19)
19 product ratings - Apple iPhone 8 (64gb) Metro/ T-Mobile/ Sprint (A1905) Product RED {iOS13}84%"
297,4.5 out of 5 stars,"(3)
3 product ratings - Samsung Galaxy A51 5G SM-A516U 128GB Prism Cube Black AT&T Poor Condition"
298,5 out of 5 stars,"(30)
30 product ratings - Samsung Galaxy S10 G973 T-Mobile 128GB (Bad Board)"
299,4.5 out of 5 stars,"(152)
152 product ratings - Apple iPhone XR (64gb) rSim Unlocked (A1984) Black: Open-Box {iOS13}96% {LOST}"
300,5 out of 5 stars,"(39)
39 product ratings - Apple iPhone X 256GB T-Mobile Or Metro PCS Bat Capacity 82%"
301,4.5 out of 5 stars,"(119)
119 product ratings - [BROKEN] Google Pixel 3 64GB Black Unknown PARTS REPAIR Cracked Bad Digitizer"
302,4.5 out of 5 stars,"(1914)
1,914 product ratings - Apple iPhone 1st Generation - 8GB - Black (Unlocked) A1203 (GSM)"
303,4.5 out of 5 stars,"(92)
92 product ratings - Samsung Galaxy A50 SM-A505U 64 GB Black (Unlocked) NO POWER PARTS Cracked Repair"
304,5 out of 5 stars,"(7)
7 product ratings - Brand New Apple iPhone 12 Pro MAX 512GB Graphite Unlocked"
305,4.5 out of 5 stars,"(127)
127 product ratings - Nokia 6133 - Silver (T-Mobile) Cellular Phone Untested"
306,4.5 out of 5 stars,"(1018)
1,018 product ratings - Samsung Galaxy S5 4G LTE 16GB SM-G900V Android Smartphone Verizon Gray Grade C"
307,4.5 out of 5 stars,"(244)
244 product ratings - Apple iPhone 7 Plus (32gb) Verizon World-Unlocked (A1784) Apple-Care {iOS13}86%"
308,4.5 out of 5 stars,"(198)
198 product ratings - Apple iPhone X - 256GB - Space Gray (AT&T) A1901 (GSM)"
309,4.5 out of 5 stars,"(161)
161 product ratings - Apple iPhone SE - 64GB - Silver (Unlocked) A1662 (CDMA + GSM)"
310,4.5 out of 5 stars,"(98)
98 product ratings - Apple iPhone 6s Plus (32gb) TracFone/ rSim Unlock (A1634) Apple-Care {iOS13}95%"
311,4 out of 5 stars,"(3)
3 product ratings - Apple iPhone 8 64GB ATT, ntw unlocked, Space Gray, Excellent Condition , icl0ud"
312,5 out of 5 stars,"(64)
64 product ratings - [BROKEN) LG K20 plus TP260 - 32GB - Black Parts Repair Fast Ship Lock Cracks"
313,4.5 out of 5 stars,"(98)
98 product ratings - Used Scratched Huawei Mate SE 64GB Gray Dual Sim GSM Read Description 16MP + 2MP"
314,5 out of 5 stars,"(2)
2 product ratings - Apple iPhone 7 PLUS 128GB GSM FACTORY UNLOCKED - BRAND NEW SEALED"
315,4 out of 5 stars,"(264)
264 product ratings - Kyocera Brigadier E6782 16GB Black (Verizon) Smartphone (GSM+CDMA) Cracked"
316,5 out of 5 stars,"(7)
7 product ratings - Google Pixel 4 G020I - 64GB - Just Black (AT&T) GSM Smartphone with Android 11"
317,5 out of 5 stars,"(19)
19 product ratings - Apple iPhone 8 (64gb) Metro/ T-Mobile/ Sprint (A1905) Product RED {iOS13}84%"
318,4.5 out of 5 stars,"(3)
3 product ratings - Samsung Galaxy A51 5G SM-A516U 128GB Prism Cube Black AT&T Poor Condition"
319,5 out of 5 stars,"(30)
30 product ratings - Samsung Galaxy S10 G973 T-Mobile 128GB (Bad Board)"
320,4.5 out of 5 stars,"(152)
152 product ratings - Apple iPhone XR (64gb) rSim Unlocked (A1984) Black: Open-Box {iOS13}96% {LOST}"
321,5 out of 5 stars,"(39)
39 product ratings - Apple iPhone X 256GB T-Mobile Or Metro PCS Bat Capacity 82%"
322,4.5 out of 5 stars,"(119)
119 product ratings - [BROKEN] Google Pixel 3 64GB Black Unknown PARTS REPAIR Cracked Bad Digitizer"
323,4.5 out of 5 stars,"(1914)
1,914 product ratings - Apple iPhone 1st Generation - 8GB - Black (Unlocked) A1203 (GSM)"
324,4.5 out of 5 stars,"(92)
92 product ratings - Samsung Galaxy A50 SM-A505U 64 GB Black (Unlocked) NO POWER PARTS Cracked Repair"
325,5 out of 5 stars,"(7)
7 product ratings - Brand New Apple iPhone 12 Pro MAX 512GB Graphite Unlocked"
326,4.5 out of 5 stars,"(127)
127 product ratings - Nokia 6133 - Silver (T-Mobile) Cellular Phone Untested"
327,4.5 out of 5 stars,"(1018)
1,018 product ratings - Samsung Galaxy S5 4G LTE 16GB SM-G900V Android Smartphone Verizon Gray Grade C"
328,4.5 out of 5 stars,"(244)
244 product ratings - Apple iPhone 7 Plus (32gb) Verizon World-Unlocked (A1784) Apple-Care {iOS13}86%"
329,4.5 out of 5 stars,"(198)
198 product ratings - Apple iPhone X - 256GB - Space Gray (AT&T) A1901 (GSM)"
330,4.5 out of 5 stars,"(161)
161 product ratings - Apple iPhone SE - 64GB - Silver (Unlocked) A1662 (CDMA + GSM)"
331,4.5 out of 5 stars,"(98)
98 product ratings - Apple iPhone 6s Plus (32gb) TracFone/ rSim Unlock (A1634) Apple-Care {iOS13}95%"
332,4 out of 5 stars,"(3)
3 product ratings - Apple iPhone 8 64GB ATT, ntw unlocked, Space Gray, Excellent Condition , icl0ud"
333,5 out of 5 stars,"(64)
64 product ratings - [BROKEN) LG K20 plus TP260 - 32GB - Black Parts Repair Fast Ship Lock Cracks"
334,4.5 out of 5 stars,"(98)
98 product ratings - Used Scratched Huawei Mate SE 64GB Gray Dual Sim GSM Read Description 16MP + 2MP"
335,5 out of 5 stars,"(2)
2 product ratings - Apple iPhone 7 PLUS 128GB GSM FACTORY UNLOCKED - BRAND NEW SEALED"
336,4 out of 5 stars,"(264)
264 product ratings - Kyocera Brigadier E6782 16GB Black (Verizon) Smartphone (GSM+CDMA) Cracked"
337,5 out of 5 stars,"(7)
7 product ratings - Google Pixel 4 G020I - 64GB - Just Black (AT&T) GSM Smartphone with Android 11"
338,5 out of 5 stars,"(19)
19 product ratings - Apple iPhone 8 (64gb) Metro/ T-Mobile/ Sprint (A1905) Product RED {iOS13}84%"
339,4.5 out of 5 stars,"(3)
3 product ratings - Samsung Galaxy A51 5G SM-A516U 128GB Prism Cube Black AT&T Poor Condition"
340,5 out of 5 stars,"(30)
30 product ratings - Samsung Galaxy S10 G973 T-Mobile 128GB (Bad Board)"
341,4.5 out of 5 stars,"(152)
152 product ratings - Apple iPhone XR (64gb) rSim Unlocked (A1984) Black: Open-Box {iOS13}96% {LOST}"
342,5 out of 5 stars,"(39)
39 product ratings - Apple iPhone X 256GB T-Mobile Or Metro PCS Bat Capacity 82%"
343,4.5 out of 5 stars,"(119)
119 product ratings - [BROKEN] Google Pixel 3 64GB Black Unknown PARTS REPAIR Cracked Bad Digitizer"
344,4.5 out of 5 stars,"(1914)
1,914 product ratings - Apple iPhone 1st Generation - 8GB - Black (Unlocked) A1203 (GSM)"
345,4.5 out of 5 stars,"(92)
92 product ratings - Samsung Galaxy A50 SM-A505U 64 GB Black (Unlocked) NO POWER PARTS Cracked Repair"
346,5 out of 5 stars,"(7)
7 product ratings - Brand New Apple iPhone 12 Pro MAX 512GB Graphite Unlocked"
347,4.5 out of 5 stars,"(127)
127 product ratings - Nokia 6133 - Silver (T-Mobile) Cellular Phone Untested"
348,4.5 out of 5 stars,"(1018)
1,018 product ratings - Samsung Galaxy S5 4G LTE 16GB SM-G900V Android Smartphone Verizon Gray Grade C"
349,4.5 out of 5 stars,"(244)
244 product ratings - Apple iPhone 7 Plus (32gb) Verizon World-Unlocked (A1784) Apple-Care {iOS13}86%"
350,4.5 out of 5 stars,"(198)
198 product ratings - Apple iPhone X - 256GB - Space Gray (AT&T) A1901 (GSM)"
351,4.5 out of 5 stars,"(161)
161 product ratings - Apple iPhone SE - 64GB - Silver (Unlocked) A1662 (CDMA + GSM)"
352,4.5 out of 5 stars,"(98)
98 product ratings - Apple iPhone 6s Plus (32gb) TracFone/ rSim Unlock (A1634) Apple-Care {iOS13}95%"
353,4 out of 5 stars,"(3)
3 product ratings - Apple iPhone 8 64GB ATT, ntw unlocked, Space Gray, Excellent Condition , icl0ud"
354,5 out of 5 stars,"(64)
64 product ratings - [BROKEN) LG K20 plus TP260 - 32GB - Black Parts Repair Fast Ship Lock Cracks"
355,4.5 out of 5 stars,"(98)
98 product ratings - Used Scratched Huawei Mate SE 64GB Gray Dual Sim GSM Read Description 16MP + 2MP"
356,5 out of 5 stars,"(2)
2 product ratings - Apple iPhone 7 PLUS 128GB GSM FACTORY UNLOCKED - BRAND NEW SEALED"
357,4 out of 5 stars,"(264)
264 product ratings - Kyocera Brigadier E6782 16GB Black (Verizon) Smartphone (GSM+CDMA) Cracked"
358,5 out of 5 stars,"(7)
7 product ratings - Google Pixel 4 G020I - 64GB - Just Black (AT&T) GSM Smartphone with Android 11"
359,5 out of 5 stars,"(19)
19 product ratings - Apple iPhone 8 (64gb) Metro/ T-Mobile/ Sprint (A1905) Product RED {iOS13}84%"
360,4.5 out of 5 stars,"(3)
3 product ratings - Samsung Galaxy A51 5G SM-A516U 128GB Prism Cube Black AT&T Poor Condition"
361,5 out of 5 stars,"(30)
30 product ratings - Samsung Galaxy S10 G973 T-Mobile 128GB (Bad Board)"
362,4.5 out of 5 stars,"(152)
152 product ratings - Apple iPhone XR (64gb) rSim Unlocked (A1984) Black: Open-Box {iOS13}96% {LOST}"
363,5 out of 5 stars,"(39)
39 product ratings - Apple iPhone X 256GB T-Mobile Or Metro PCS Bat Capacity 82%"
364,4.5 out of 5 stars,"(119)
119 product ratings - [BROKEN] Google Pixel 3 64GB Black Unknown PARTS REPAIR Cracked Bad Digitizer"
365,4.5 out of 5 stars,"(1914)
1,914 product ratings - Apple iPhone 1st Generation - 8GB - Black (Unlocked) A1203 (GSM)"
366,4.5 out of 5 stars,"(92)
92 product ratings - Samsung Galaxy A50 SM-A505U 64 GB Black (Unlocked) NO POWER PARTS Cracked Repair"
367,5 out of 5 stars,"(7)
7 product ratings - Brand New Apple iPhone 12 Pro MAX 512GB Graphite Unlocked"
368,4.5 out of 5 stars,"(127)
127 product ratings - Nokia 6133 - Silver (T-Mobile) Cellular Phone Untested"
369,4.5 out of 5 stars,"(1018)
1,018 product ratings - Samsung Galaxy S5 4G LTE 16GB SM-G900V Android Smartphone Verizon Gray Grade C"
370,4.5 out of 5 stars,"(244)
244 product ratings - Apple iPhone 7 Plus (32gb) Verizon World-Unlocked (A1784) Apple-Care {iOS13}86%"
371,4.5 out of 5 stars,"(198)
198 product ratings - Apple iPhone X - 256GB - Space Gray (AT&T) A1901 (GSM)"
372,4.5 out of 5 stars,"(161)
161 product ratings - Apple iPhone SE - 64GB - Silver (Unlocked) A1662 (CDMA + GSM)"
373,4.5 out of 5 stars,"(98)
98 product ratings - Apple iPhone 6s Plus (32gb) TracFone/ rSim Unlock (A1634) Apple-Care {iOS13}95%"
374,4 out of 5 stars,"(3)
3 product ratings - Apple iPhone 8 64GB ATT, ntw unlocked, Space Gray, Excellent Condition , icl0ud"
375,5 out of 5 stars,"(64)
64 product ratings - [BROKEN) LG K20 plus TP260 - 32GB - Black Parts Repair Fast Ship Lock Cracks"
376,4.5 out of 5 stars,"(98)
98 product ratings - Used Scratched Huawei Mate SE 64GB Gray Dual Sim GSM Read Description 16MP + 2MP"
377,5 out of 5 stars,"(2)
2 product ratings - Apple iPhone 7 PLUS 128GB GSM FACTORY UNLOCKED - BRAND NEW SEALED"
378,4 out of 5 stars,"(264)
264 product ratings - Kyocera Brigadier E6782 16GB Black (Verizon) Smartphone (GSM+CDMA) Cracked"
379,5 out of 5 stars,"(7)
7 product ratings - Google Pixel 4 G020I - 64GB - Just Black (AT&T) GSM Smartphone with Android 11"
380,5 out of 5 stars,"(19)
19 product ratings - Apple iPhone 8 (64gb) Metro/ T-Mobile/ Sprint (A1905) Product RED {iOS13}84%"
381,4.5 out of 5 stars,"(3)
3 product ratings - Samsung Galaxy A51 5G SM-A516U 128GB Prism Cube Black AT&T Poor Condition"
382,5 out of 5 stars,"(30)
30 product ratings - Samsung Galaxy S10 G973 T-Mobile 128GB (Bad Board)"
383,4.5 out of 5 stars,"(152)
152 product ratings - Apple iPhone XR (64gb) rSim Unlocked (A1984) Black: Open-Box {iOS13}96% {LOST}"
384,5 out of 5 stars,"(39)
39 product ratings - Apple iPhone X 256GB T-Mobile Or Metro PCS Bat Capacity 82%"
385,4.5 out of 5 stars,"(119)
119 product ratings - [BROKEN] Google Pixel 3 64GB Black Unknown PARTS REPAIR Cracked Bad Digitizer"
386,4.5 out of 5 stars,"(1914)
1,914 product ratings - Apple iPhone 1st Generation - 8GB - Black (Unlocked) A1203 (GSM)"
387,4.5 out of 5 stars,"(92)
92 product ratings - Samsung Galaxy A50 SM-A505U 64 GB Black (Unlocked) NO POWER PARTS Cracked Repair"
388,5 out of 5 stars,"(7)
7 product ratings - Brand New Apple iPhone 12 Pro MAX 512GB Graphite Unlocked"
389,4.5 out of 5 stars,"(127)
127 product ratings - Nokia 6133 - Silver (T-Mobile) Cellular Phone Untested"
390,4.5 out of 5 stars,"(1018)
1,018 product ratings - Samsung Galaxy S5 4G LTE 16GB SM-G900V Android Smartphone Verizon Gray Grade C"
391,4.5 out of 5 stars,"(244)
244 product ratings - Apple iPhone 7 Plus (32gb) Verizon World-Unlocked (A1784) Apple-Care {iOS13}86%"
392,4.5 out of 5 stars,"(198)
198 product ratings - Apple iPhone X - 256GB - Space Gray (AT&T) A1901 (GSM)"
393,4.5 out of 5 stars,"(161)
161 product ratings - Apple iPhone SE - 64GB - Silver (Unlocked) A1662 (CDMA + GSM)"
394,4.5 out of 5 stars,"(98)
98 product ratings - Apple iPhone 6s Plus (32gb) TracFone/ rSim Unlock (A1634) Apple-Care {iOS13}95%"
395,4 out of 5 stars,"(3)
3 product ratings - Apple iPhone 8 64GB ATT, ntw unlocked, Space Gray, Excellent Condition , icl0ud"
396,5 out of 5 stars,"(64)
64 product ratings - [BROKEN) LG K20 plus TP260 - 32GB - Black Parts Repair Fast Ship Lock Cracks"
397,4.5 out of 5 stars,"(98)
98 product ratings - Used Scratched Huawei Mate SE 64GB Gray Dual Sim GSM Read Description 16MP + 2MP"
398,5 out of 5 stars,"(2)
2 product ratings - Apple iPhone 7 PLUS 128GB GSM FACTORY UNLOCKED - BRAND NEW SEALED"
399,4 out of 5 stars,"(264)
264 product ratings - Kyocera Brigadier E6782 16GB Black (Verizon) Smartphone (GSM+CDMA) Cracked"
400,5 out of 5 stars,"(7)
7 product ratings - Google Pixel 4 G020I - 64GB - Just Black (AT&T) GSM Smartphone with Android 11"
401,5 out of 5 stars,"(19)
19 product ratings - Apple iPhone 8 (64gb) Metro/ T-Mobile/ Sprint (A1905) Product RED {iOS13}84%"
402,4.5 out of 5 stars,"(3)
3 product ratings - Samsung Galaxy A51 5G SM-A516U 128GB Prism Cube Black AT&T Poor Condition"
403,5 out of 5 stars,"(30)
30 product ratings - Samsung Galaxy S10 G973 T-Mobile 128GB (Bad Board)"
404,4.5 out of 5 stars,"(152)
152 product ratings - Apple iPhone XR (64gb) rSim Unlocked (A1984) Black: Open-Box {iOS13}96% {LOST}"
405,5 out of 5 stars,"(39)
39 product ratings - Apple iPhone X 256GB T-Mobile Or Metro PCS Bat Capacity 82%"
406,4.5 out of 5 stars,"(119)
119 product ratings - [BROKEN] Google Pixel 3 64GB Black Unknown PARTS REPAIR Cracked Bad Digitizer"
407,4.5 out of 5 stars,"(1914)
1,914 product ratings - Apple iPhone 1st Generation - 8GB - Black (Unlocked) A1203 (GSM)"
408,4.5 out of 5 stars,"(92)
92 product ratings - Samsung Galaxy A50 SM-A505U 64 GB Black (Unlocked) NO POWER PARTS Cracked Repair"
409,5 out of 5 stars,"(7)
7 product ratings - Brand New Apple iPhone 12 Pro MAX 512GB Graphite Unlocked"
410,4.5 out of 5 stars,"(127)
127 product ratings - Nokia 6133 - Silver (T-Mobile) Cellular Phone Untested"
411,4.5 out of 5 stars,"(1018)
1,018 product ratings - Samsung Galaxy S5 4G LTE 16GB SM-G900V Android Smartphone Verizon Gray Grade C"
412,4.5 out of 5 stars,"(244)
244 product ratings - Apple iPhone 7 Plus (32gb) Verizon World-Unlocked (A1784) Apple-Care {iOS13}86%"
413,4.5 out of 5 stars,"(198)
198 product ratings - Apple iPhone X - 256GB - Space Gray (AT&T) A1901 (GSM)"
414,4.5 out of 5 stars,"(161)
161 product ratings - Apple iPhone SE - 64GB - Silver (Unlocked) A1662 (CDMA + GSM)"
415,4.5 out of 5 stars,"(98)
98 product ratings - Apple iPhone 6s Plus (32gb) TracFone/ rSim Unlock (A1634) Apple-Care {iOS13}95%"
416,4 out of 5 stars,"(3)
3 product ratings - Apple iPhone 8 64GB ATT, ntw unlocked, Space Gray, Excellent Condition , icl0ud"
417,5 out of 5 stars,"(64)
64 product ratings - [BROKEN) LG K20 plus TP260 - 32GB - Black Parts Repair Fast Ship Lock Cracks"
418,4.5 out of 5 stars,"(98)
98 product ratings - Used Scratched Huawei Mate SE 64GB Gray Dual Sim GSM Read Description 16MP + 2MP"
419,5 out of 5 stars,"(2)
2 product ratings - Apple iPhone 7 PLUS 128GB GSM FACTORY UNLOCKED - BRAND NEW SEALED"
