,ebay2,review&rating
0,4.5 out of 5 stars,"(43)
43 product ratings - Google - Pixel 3 with 64GB Memory Cell Phone (Unlocked) - Not Pink - New SEALED"
1,4.5 out of 5 stars,"(15)
15 product ratings - Apple iPhone 7 Unlocked 32GB Black - AT&T T-Mobile Verizon GSM Unlocked"
2,5 out of 5 stars,"(4)
4 product ratings - Google - Pixel 3 XL with 128GB Memory Cell Phone (Unlocked) - Not Pink"
3,4.5 out of 5 stars,"(58)
58 product ratings - Google Pixel 3 Pixel 3 XL 64GB CDMA + GSM Unlocked 4G LTE Android Smartphone"
4,4.5 out of 5 stars,"(1)
1 product ratings - Apple iPhone 7 32GB Factory Unlocked 4G LTE iOS WiFi Smartphone"
5,5 out of 5 stars,"(1)
1 product ratings - Caterpillar CAT B26 (Factory Unlocked) Waterproof Rugged GSM ONLY DUAL SIM NEW"
6,5 out of 5 stars,"(1)
1 product ratings - Apple iPhone 8 64GB GSM Factory Unlocked Smartphone"
7,5 out of 5 stars,"(4)
4 product ratings - Google - Pixel 3 XL with 128GB Memory Cell Phone (Unlocked) - Just Black"
8,4.5 out of 5 stars,"(117)
117 product ratings - Apple iPhone 7 Plus - 128GB - Jet Black (ATT) A1784 (GSM)"
9,4.5 out of 5 stars,"(45)
45 product ratings - TESTED BLACK CDMA + GSM UNLOCKED APPLE iPhone 11, 128GB A2111 MWLE2LL/A J245T"
10,4.5 out of 5 stars,"(14)
14 product ratings - Samsung Galaxy Z Flip 256GB Mirror Black Unlocked **FREE Accessories & Shipping*"
11,4.5 out of 5 stars,"(200)
200 product ratings - FOUR TESTED GSM UNLOCKED SPACE GRAY APPLE iPhone 8, 64GB A1905 PHONES R385P"
12,4.5 out of 5 stars,"(17)
17 product ratings - Apple iPhone 8 64GB Unlocked Smartphone AT&T Verizon T-Mobile Factory Unlocked"
13,4.5 out of 5 stars,"(19)
19 product ratings - MINT Samsung Galaxy A71 5G UW SM-A716V - 128GB - Prism Bricks Black (Verizon)"
14,4.5 out of 5 stars,"(20)
20 product ratings - Apple iPhone XR - 64GB - White (T-Mobile) A1984 (CDMA + GSM)"
15,4.5 out of 5 stars,"(9)
9 product ratings - CAT S60 - 32GB - Black (Unlocked) Smartphone (Dual SIM)"
16,5 out of 5 stars,"(174)
174 product ratings - Apple iPhone 8 64GB Unlocked A1905 GSM - Space Gray - Used - Excellent Condition"
17,4.5 out of 5 stars,"(216)
216 product ratings - Apple iPhone X - Silver (64 GB) UNLOCKED"
18,4.5 out of 5 stars,"(33)
33 product ratings - LG Stylo 6 Unlocked Worldwide 64GB/3GBRam/13MP Camera(Brand New)"
19,5 out of 5 stars,"(5)
5 product ratings - Google Pixel 3 XL 64GB Unlocked - Used - White"
20,4.5 out of 5 stars,"(126)
126 product ratings - Apple iPhone XR - 64GB - White (Unlocked) A1984 (CDMA + GSM)"
21,4.5 out of 5 stars,"(4)
4 product ratings - Samsung S21 Ultra * UNLOCKED & MINT * Extras Included"
22,5 out of 5 stars,"(8)
8 product ratings - TESTED GRAY CDMA + GSM UNLOCKED APPLE iPhone 11 PRO, 256GB A2160 MW9G2LL/A J60T"
23,5 out of 5 stars,"(11)
11 product ratings - Apple iPhone XS - 256GB - Gold (GSM Unlocked)"
24,5 out of 5 stars,"(23)
23 product ratings - Samsung Galaxy A21 Carrier Unlocked 32GB-4G Single Sim Worldwide (Brand New)"
25,4.5 out of 5 stars,"(98)
98 product ratings - READ DESCRIPTION Google Pixel 1st Gen (Unlocked) Smartphone Android 155"
26,4.5 out of 5 stars,"(33)
33 product ratings - Apple iPhone SE 64GB - Space Gray (Unlocked Sprint) A1723 (CDMA + GSM) MLMH2LL/A"
27,4.5 out of 5 stars,"(24)
24 product ratings - Apple iPhone 11 Pro Max - 256GB - Silver (Unlocked) A2161 (CDMA + GSM)"
28,4.5 out of 5 stars,"(22)
22 product ratings - UNLOCKED Sony Xperia XA2 Ultra 32GB Black Smartphone 4K Vid+23MP Cam Black B"
29,4.5 out of 5 stars,"(13)
13 product ratings - Google Pixel 1 Pixel XL 1 Gen Unlocked Android Smartphone GSM + CDMA 32,128, GB"
30,4.5 out of 5 stars,"(94)
94 product ratings - TESTED BLACK CDMA + GSM UNLOCKED APPLE iPhone XR, 64GB A1984 MT3K2LL/A J190T"
31,4.5 out of 5 stars,"(57)
57 product ratings - Apple iPhone 8 Plus 64GB Factory Unlocked AT&T Verizon T-Mobile Unlocked"
32,5 out of 5 stars,"(40)
40 product ratings - [SEALED] BlackBerry Evolve 64GB Black GSM Unlocked Dual SIM International Model"
33,5 out of 5 stars,"(59)
59 product ratings - Apple iPhone 7 Plus - 32GB - A1784 - Gold (Unlocked)"
34,4.5 out of 5 stars,"(98)
98 product ratings - Apple iPhone 7 Plus - 32GB - Rose Gold (T-Mobile) (Unlocked)"
35,4.5 out of 5 stars,"(58)
58 product ratings - Apple iPhone 7 Plus - A1784 - 128GB - Gold (Unlocked)"
36,4.5 out of 5 stars,"(1)
1 product ratings - Apple iPhone 7 32GB Unlocked Smartphone AT&T Verizon T-Mobile Factory Unlocked"
37,4.5 out of 5 stars,"(257)
257 product ratings - **NEW** SAMSUNG GALAXY S10 SM-G973U1 - 128GB - Prism Black (Unlocked)"
38,4.5 out of 5 stars,"(43)
43 product ratings - Google - Pixel 3 with 64GB Memory Cell Phone (Unlocked) - Not Pink - New SEALED"
39,5 out of 5 stars,"(15)
15 product ratings - Apple iPhone 7 Unlocked 32GB Black - AT&T T-Mobile Verizon GSM Unlocked"
40,4.5 out of 5 stars,"(4)
4 product ratings - Google - Pixel 3 XL with 128GB Memory Cell Phone (Unlocked) - Not Pink"
41,4.5 out of 5 stars,"(58)
58 product ratings - Google Pixel 3 Pixel 3 XL 64GB CDMA + GSM Unlocked 4G LTE Android Smartphone"
42,5 out of 5 stars,"(1)
1 product ratings - Apple iPhone 7 32GB Factory Unlocked 4G LTE iOS WiFi Smartphone"
43,5 out of 5 stars,"(1)
1 product ratings - Caterpillar CAT B26 (Factory Unlocked) Waterproof Rugged GSM ONLY DUAL SIM NEW"
44,5 out of 5 stars,"(1)
1 product ratings - Apple iPhone 8 64GB GSM Factory Unlocked Smartphone"
45,4.5 out of 5 stars,"(4)
4 product ratings - Google - Pixel 3 XL with 128GB Memory Cell Phone (Unlocked) - Just Black"
46,4.5 out of 5 stars,"(117)
117 product ratings - Apple iPhone 7 Plus - 128GB - Jet Black (ATT) A1784 (GSM)"
47,4.5 out of 5 stars,"(45)
45 product ratings - TESTED BLACK CDMA + GSM UNLOCKED APPLE iPhone 11, 128GB A2111 MWLE2LL/A J245T"
48,4.5 out of 5 stars,"(14)
14 product ratings - Samsung Galaxy Z Flip 256GB Mirror Black Unlocked **FREE Accessories & Shipping*"
49,4.5 out of 5 stars,"(200)
200 product ratings - FOUR TESTED GSM UNLOCKED SPACE GRAY APPLE iPhone 8, 64GB A1905 PHONES R385P"
50,4.5 out of 5 stars,"(17)
17 product ratings - Apple iPhone 8 64GB Unlocked Smartphone AT&T Verizon T-Mobile Factory Unlocked"
51,4.5 out of 5 stars,"(19)
19 product ratings - MINT Samsung Galaxy A71 5G UW SM-A716V - 128GB - Prism Bricks Black (Verizon)"
52,4.5 out of 5 stars,"(20)
20 product ratings - Apple iPhone XR - 64GB - White (T-Mobile) A1984 (CDMA + GSM)"
53,5 out of 5 stars,"(9)
9 product ratings - CAT S60 - 32GB - Black (Unlocked) Smartphone (Dual SIM)"
54,4.5 out of 5 stars,"(174)
174 product ratings - Apple iPhone 8 64GB Unlocked A1905 GSM - Space Gray - Used - Excellent Condition"
55,4.5 out of 5 stars,"(216)
216 product ratings - Apple iPhone X - Silver (64 GB) UNLOCKED"
56,5 out of 5 stars,"(33)
33 product ratings - LG Stylo 6 Unlocked Worldwide 64GB/3GBRam/13MP Camera(Brand New)"
57,4.5 out of 5 stars,"(5)
5 product ratings - Google Pixel 3 XL 64GB Unlocked - Used - White"
58,4.5 out of 5 stars,"(126)
126 product ratings - Apple iPhone XR - 64GB - White (Unlocked) A1984 (CDMA + GSM)"
59,5 out of 5 stars,"(4)
4 product ratings - Samsung S21 Ultra * UNLOCKED & MINT * Extras Included"
60,5 out of 5 stars,"(8)
8 product ratings - TESTED GRAY CDMA + GSM UNLOCKED APPLE iPhone 11 PRO, 256GB A2160 MW9G2LL/A J60T"
61,5 out of 5 stars,"(11)
11 product ratings - Apple iPhone XS - 256GB - Gold (GSM Unlocked)"
62,4.5 out of 5 stars,"(23)
23 product ratings - Samsung Galaxy A21 Carrier Unlocked 32GB-4G Single Sim Worldwide (Brand New)"
63,4.5 out of 5 stars,"(98)
98 product ratings - READ DESCRIPTION Google Pixel 1st Gen (Unlocked) Smartphone Android 155"
64,4.5 out of 5 stars,"(33)
33 product ratings - Apple iPhone SE 64GB - Space Gray (Unlocked Sprint) A1723 (CDMA + GSM) MLMH2LL/A"
65,4.5 out of 5 stars,"(24)
24 product ratings - Apple iPhone 11 Pro Max - 256GB - Silver (Unlocked) A2161 (CDMA + GSM)"
66,4.5 out of 5 stars,"(22)
22 product ratings - UNLOCKED Sony Xperia XA2 Ultra 32GB Black Smartphone 4K Vid+23MP Cam Black B"
67,4.5 out of 5 stars,"(13)
13 product ratings - Google Pixel 1 Pixel XL 1 Gen Unlocked Android Smartphone GSM + CDMA 32,128, GB"
68,4.5 out of 5 stars,"(94)
94 product ratings - TESTED BLACK CDMA + GSM UNLOCKED APPLE iPhone XR, 64GB A1984 MT3K2LL/A J190T"
69,5 out of 5 stars,"(57)
57 product ratings - Apple iPhone 8 Plus 64GB Factory Unlocked AT&T Verizon T-Mobile Unlocked"
70,5 out of 5 stars,"(40)
40 product ratings - [SEALED] BlackBerry Evolve 64GB Black GSM Unlocked Dual SIM International Model"
71,4.5 out of 5 stars,"(59)
59 product ratings - Apple iPhone 7 Plus - 32GB - A1784 - Gold (Unlocked)"
72,4.5 out of 5 stars,"(98)
98 product ratings - Apple iPhone 7 Plus - 32GB - Rose Gold (T-Mobile) (Unlocked)"
73,4.5 out of 5 stars,"(58)
58 product ratings - Apple iPhone 7 Plus - A1784 - 128GB - Gold (Unlocked)"
74,4.5 out of 5 stars,"(1)
1 product ratings - Apple iPhone 7 32GB Unlocked Smartphone AT&T Verizon T-Mobile Factory Unlocked"
75,4.5 out of 5 stars,"(257)
257 product ratings - **NEW** SAMSUNG GALAXY S10 SM-G973U1 - 128GB - Prism Black (Unlocked)"
76,5 out of 5 stars,"(43)
43 product ratings - Google - Pixel 3 with 64GB Memory Cell Phone (Unlocked) - Not Pink - New SEALED"
77,4.5 out of 5 stars,"(15)
15 product ratings - Apple iPhone 7 Unlocked 32GB Black - AT&T T-Mobile Verizon GSM Unlocked"
78,4.5 out of 5 stars,"(4)
4 product ratings - Google - Pixel 3 XL with 128GB Memory Cell Phone (Unlocked) - Not Pink"
79,5 out of 5 stars,"(58)
58 product ratings - Google Pixel 3 Pixel 3 XL 64GB CDMA + GSM Unlocked 4G LTE Android Smartphone"
80,5 out of 5 stars,"(1)
1 product ratings - Apple iPhone 7 32GB Factory Unlocked 4G LTE iOS WiFi Smartphone"
81,5 out of 5 stars,"(1)
1 product ratings - Caterpillar CAT B26 (Factory Unlocked) Waterproof Rugged GSM ONLY DUAL SIM NEW"
82,4.5 out of 5 stars,"(1)
1 product ratings - Apple iPhone 8 64GB GSM Factory Unlocked Smartphone"
83,4.5 out of 5 stars,"(4)
4 product ratings - Google - Pixel 3 XL with 128GB Memory Cell Phone (Unlocked) - Just Black"
84,4.5 out of 5 stars,"(117)
117 product ratings - Apple iPhone 7 Plus - 128GB - Jet Black (ATT) A1784 (GSM)"
85,4.5 out of 5 stars,"(45)
45 product ratings - TESTED BLACK CDMA + GSM UNLOCKED APPLE iPhone 11, 128GB A2111 MWLE2LL/A J245T"
86,4.5 out of 5 stars,"(14)
14 product ratings - Samsung Galaxy Z Flip 256GB Mirror Black Unlocked **FREE Accessories & Shipping*"
87,4.5 out of 5 stars,"(200)
200 product ratings - FOUR TESTED GSM UNLOCKED SPACE GRAY APPLE iPhone 8, 64GB A1905 PHONES R385P"
88,4.5 out of 5 stars,"(17)
17 product ratings - Apple iPhone 8 64GB Unlocked Smartphone AT&T Verizon T-Mobile Factory Unlocked"
89,4.5 out of 5 stars,"(19)
19 product ratings - MINT Samsung Galaxy A71 5G UW SM-A716V - 128GB - Prism Bricks Black (Verizon)"
90,5 out of 5 stars,"(20)
20 product ratings - Apple iPhone XR - 64GB - White (T-Mobile) A1984 (CDMA + GSM)"
91,4.5 out of 5 stars,"(9)
9 product ratings - CAT S60 - 32GB - Black (Unlocked) Smartphone (Dual SIM)"
92,4.5 out of 5 stars,"(174)
174 product ratings - Apple iPhone 8 64GB Unlocked A1905 GSM - Space Gray - Used - Excellent Condition"
93,5 out of 5 stars,"(216)
216 product ratings - Apple iPhone X - Silver (64 GB) UNLOCKED"
94,4.5 out of 5 stars,"(33)
33 product ratings - LG Stylo 6 Unlocked Worldwide 64GB/3GBRam/13MP Camera(Brand New)"
95,4.5 out of 5 stars,"(5)
5 product ratings - Google Pixel 3 XL 64GB Unlocked - Used - White"
96,5 out of 5 stars,"(126)
126 product ratings - Apple iPhone XR - 64GB - White (Unlocked) A1984 (CDMA + GSM)"
97,5 out of 5 stars,"(4)
4 product ratings - Samsung S21 Ultra * UNLOCKED & MINT * Extras Included"
98,5 out of 5 stars,"(8)
8 product ratings - TESTED GRAY CDMA + GSM UNLOCKED APPLE iPhone 11 PRO, 256GB A2160 MW9G2LL/A J60T"
99,4.5 out of 5 stars,"(11)
11 product ratings - Apple iPhone XS - 256GB - Gold (GSM Unlocked)"
100,4.5 out of 5 stars,"(23)
23 product ratings - Samsung Galaxy A21 Carrier Unlocked 32GB-4G Single Sim Worldwide (Brand New)"
101,4.5 out of 5 stars,"(98)
98 product ratings - READ DESCRIPTION Google Pixel 1st Gen (Unlocked) Smartphone Android 155"
102,4.5 out of 5 stars,"(33)
33 product ratings - Apple iPhone SE 64GB - Space Gray (Unlocked Sprint) A1723 (CDMA + GSM) MLMH2LL/A"
103,4.5 out of 5 stars,"(24)
24 product ratings - Apple iPhone 11 Pro Max - 256GB - Silver (Unlocked) A2161 (CDMA + GSM)"
104,4.5 out of 5 stars,"(22)
22 product ratings - UNLOCKED Sony Xperia XA2 Ultra 32GB Black Smartphone 4K Vid+23MP Cam Black B"
105,4.5 out of 5 stars,"(13)
13 product ratings - Google Pixel 1 Pixel XL 1 Gen Unlocked Android Smartphone GSM + CDMA 32,128, GB"
106,5 out of 5 stars,"(94)
94 product ratings - TESTED BLACK CDMA + GSM UNLOCKED APPLE iPhone XR, 64GB A1984 MT3K2LL/A J190T"
107,5 out of 5 stars,"(57)
57 product ratings - Apple iPhone 8 Plus 64GB Factory Unlocked AT&T Verizon T-Mobile Unlocked"
108,4.5 out of 5 stars,"(40)
40 product ratings - [SEALED] BlackBerry Evolve 64GB Black GSM Unlocked Dual SIM International Model"
109,4.5 out of 5 stars,"(59)
59 product ratings - Apple iPhone 7 Plus - 32GB - A1784 - Gold (Unlocked)"
110,4.5 out of 5 stars,"(98)
98 product ratings - Apple iPhone 7 Plus - 32GB - Rose Gold (T-Mobile) (Unlocked)"
111,4.5 out of 5 stars,"(58)
58 product ratings - Apple iPhone 7 Plus - A1784 - 128GB - Gold (Unlocked)"
112,4.5 out of 5 stars,"(1)
1 product ratings - Apple iPhone 7 32GB Unlocked Smartphone AT&T Verizon T-Mobile Factory Unlocked"
113,5 out of 5 stars,"(257)
257 product ratings - **NEW** SAMSUNG GALAXY S10 SM-G973U1 - 128GB - Prism Black (Unlocked)"
114,4.5 out of 5 stars,"(43)
43 product ratings - Google - Pixel 3 with 64GB Memory Cell Phone (Unlocked) - Not Pink - New SEALED"
115,4.5 out of 5 stars,"(15)
15 product ratings - Apple iPhone 7 Unlocked 32GB Black - AT&T T-Mobile Verizon GSM Unlocked"
116,5 out of 5 stars,"(4)
4 product ratings - Google - Pixel 3 XL with 128GB Memory Cell Phone (Unlocked) - Not Pink"
117,5 out of 5 stars,"(58)
58 product ratings - Google Pixel 3 Pixel 3 XL 64GB CDMA + GSM Unlocked 4G LTE Android Smartphone"
118,5 out of 5 stars,"(1)
1 product ratings - Apple iPhone 7 32GB Factory Unlocked 4G LTE iOS WiFi Smartphone"
119,4.5 out of 5 stars,"(1)
1 product ratings - Caterpillar CAT B26 (Factory Unlocked) Waterproof Rugged GSM ONLY DUAL SIM NEW"
120,4.5 out of 5 stars,"(1)
1 product ratings - Apple iPhone 8 64GB GSM Factory Unlocked Smartphone"
121,4.5 out of 5 stars,"(4)
4 product ratings - Google - Pixel 3 XL with 128GB Memory Cell Phone (Unlocked) - Just Black"
122,4.5 out of 5 stars,"(117)
117 product ratings - Apple iPhone 7 Plus - 128GB - Jet Black (ATT) A1784 (GSM)"
123,4.5 out of 5 stars,"(45)
45 product ratings - TESTED BLACK CDMA + GSM UNLOCKED APPLE iPhone 11, 128GB A2111 MWLE2LL/A J245T"
124,4.5 out of 5 stars,"(14)
14 product ratings - Samsung Galaxy Z Flip 256GB Mirror Black Unlocked **FREE Accessories & Shipping*"
125,4.5 out of 5 stars,"(200)
200 product ratings - FOUR TESTED GSM UNLOCKED SPACE GRAY APPLE iPhone 8, 64GB A1905 PHONES R385P"
126,4.5 out of 5 stars,"(17)
17 product ratings - Apple iPhone 8 64GB Unlocked Smartphone AT&T Verizon T-Mobile Factory Unlocked"
127,5 out of 5 stars,"(19)
19 product ratings - MINT Samsung Galaxy A71 5G UW SM-A716V - 128GB - Prism Bricks Black (Verizon)"
128,4.5 out of 5 stars,"(20)
20 product ratings - Apple iPhone XR - 64GB - White (T-Mobile) A1984 (CDMA + GSM)"
129,4.5 out of 5 stars,"(9)
9 product ratings - CAT S60 - 32GB - Black (Unlocked) Smartphone (Dual SIM)"
130,5 out of 5 stars,"(174)
174 product ratings - Apple iPhone 8 64GB Unlocked A1905 GSM - Space Gray - Used - Excellent Condition"
131,4.5 out of 5 stars,"(216)
216 product ratings - Apple iPhone X - Silver (64 GB) UNLOCKED"
132,4.5 out of 5 stars,"(33)
33 product ratings - LG Stylo 6 Unlocked Worldwide 64GB/3GBRam/13MP Camera(Brand New)"
133,5 out of 5 stars,"(5)
5 product ratings - Google Pixel 3 XL 64GB Unlocked - Used - White"
134,5 out of 5 stars,"(126)
126 product ratings - Apple iPhone XR - 64GB - White (Unlocked) A1984 (CDMA + GSM)"
135,5 out of 5 stars,"(4)
4 product ratings - Samsung S21 Ultra * UNLOCKED & MINT * Extras Included"
136,4.5 out of 5 stars,"(8)
8 product ratings - TESTED GRAY CDMA + GSM UNLOCKED APPLE iPhone 11 PRO, 256GB A2160 MW9G2LL/A J60T"
137,4.5 out of 5 stars,"(11)
11 product ratings - Apple iPhone XS - 256GB - Gold (GSM Unlocked)"
138,4.5 out of 5 stars,"(23)
23 product ratings - Samsung Galaxy A21 Carrier Unlocked 32GB-4G Single Sim Worldwide (Brand New)"
139,4.5 out of 5 stars,"(98)
98 product ratings - READ DESCRIPTION Google Pixel 1st Gen (Unlocked) Smartphone Android 155"
140,4.5 out of 5 stars,"(33)
33 product ratings - Apple iPhone SE 64GB - Space Gray (Unlocked Sprint) A1723 (CDMA + GSM) MLMH2LL/A"
141,4.5 out of 5 stars,"(24)
24 product ratings - Apple iPhone 11 Pro Max - 256GB - Silver (Unlocked) A2161 (CDMA + GSM)"
142,4.5 out of 5 stars,"(22)
22 product ratings - UNLOCKED Sony Xperia XA2 Ultra 32GB Black Smartphone 4K Vid+23MP Cam Black B"
143,5 out of 5 stars,"(13)
13 product ratings - Google Pixel 1 Pixel XL 1 Gen Unlocked Android Smartphone GSM + CDMA 32,128, GB"
144,5 out of 5 stars,"(94)
94 product ratings - TESTED BLACK CDMA + GSM UNLOCKED APPLE iPhone XR, 64GB A1984 MT3K2LL/A J190T"
145,4.5 out of 5 stars,"(57)
57 product ratings - Apple iPhone 8 Plus 64GB Factory Unlocked AT&T Verizon T-Mobile Unlocked"
146,4.5 out of 5 stars,"(40)
40 product ratings - [SEALED] BlackBerry Evolve 64GB Black GSM Unlocked Dual SIM International Model"
147,4.5 out of 5 stars,"(59)
59 product ratings - Apple iPhone 7 Plus - 32GB - A1784 - Gold (Unlocked)"
148,4.5 out of 5 stars,"(98)
98 product ratings - Apple iPhone 7 Plus - 32GB - Rose Gold (T-Mobile) (Unlocked)"
149,4.5 out of 5 stars,"(58)
58 product ratings - Apple iPhone 7 Plus - A1784 - 128GB - Gold (Unlocked)"
150,5 out of 5 stars,"(1)
1 product ratings - Apple iPhone 7 32GB Unlocked Smartphone AT&T Verizon T-Mobile Factory Unlocked"
151,4.5 out of 5 stars,"(257)
257 product ratings - **NEW** SAMSUNG GALAXY S10 SM-G973U1 - 128GB - Prism Black (Unlocked)"
152,4.5 out of 5 stars,"(43)
43 product ratings - Google - Pixel 3 with 64GB Memory Cell Phone (Unlocked) - Not Pink - New SEALED"
153,5 out of 5 stars,"(15)
15 product ratings - Apple iPhone 7 Unlocked 32GB Black - AT&T T-Mobile Verizon GSM Unlocked"
154,5 out of 5 stars,"(4)
4 product ratings - Google - Pixel 3 XL with 128GB Memory Cell Phone (Unlocked) - Not Pink"
155,5 out of 5 stars,"(58)
58 product ratings - Google Pixel 3 Pixel 3 XL 64GB CDMA + GSM Unlocked 4G LTE Android Smartphone"
156,4.5 out of 5 stars,"(1)
1 product ratings - Apple iPhone 7 32GB Factory Unlocked 4G LTE iOS WiFi Smartphone"
157,4.5 out of 5 stars,"(1)
1 product ratings - Caterpillar CAT B26 (Factory Unlocked) Waterproof Rugged GSM ONLY DUAL SIM NEW"
158,4.5 out of 5 stars,"(1)
1 product ratings - Apple iPhone 8 64GB GSM Factory Unlocked Smartphone"
159,4.5 out of 5 stars,"(4)
4 product ratings - Google - Pixel 3 XL with 128GB Memory Cell Phone (Unlocked) - Just Black"
160,4.5 out of 5 stars,"(117)
117 product ratings - Apple iPhone 7 Plus - 128GB - Jet Black (ATT) A1784 (GSM)"
161,4.5 out of 5 stars,"(45)
45 product ratings - TESTED BLACK CDMA + GSM UNLOCKED APPLE iPhone 11, 128GB A2111 MWLE2LL/A J245T"
162,4.5 out of 5 stars,"(14)
14 product ratings - Samsung Galaxy Z Flip 256GB Mirror Black Unlocked **FREE Accessories & Shipping*"
163,4.5 out of 5 stars,"(200)
200 product ratings - FOUR TESTED GSM UNLOCKED SPACE GRAY APPLE iPhone 8, 64GB A1905 PHONES R385P"
164,5 out of 5 stars,"(17)
17 product ratings - Apple iPhone 8 64GB Unlocked Smartphone AT&T Verizon T-Mobile Factory Unlocked"
165,4.5 out of 5 stars,"(19)
19 product ratings - MINT Samsung Galaxy A71 5G UW SM-A716V - 128GB - Prism Bricks Black (Verizon)"
166,4.5 out of 5 stars,"(20)
20 product ratings - Apple iPhone XR - 64GB - White (T-Mobile) A1984 (CDMA + GSM)"
167,5 out of 5 stars,"(9)
9 product ratings - CAT S60 - 32GB - Black (Unlocked) Smartphone (Dual SIM)"
168,4.5 out of 5 stars,"(174)
174 product ratings - Apple iPhone 8 64GB Unlocked A1905 GSM - Space Gray - Used - Excellent Condition"
169,4.5 out of 5 stars,"(216)
216 product ratings - Apple iPhone X - Silver (64 GB) UNLOCKED"
170,5 out of 5 stars,"(33)
33 product ratings - LG Stylo 6 Unlocked Worldwide 64GB/3GBRam/13MP Camera(Brand New)"
171,5 out of 5 stars,"(5)
5 product ratings - Google Pixel 3 XL 64GB Unlocked - Used - White"
172,5 out of 5 stars,"(126)
126 product ratings - Apple iPhone XR - 64GB - White (Unlocked) A1984 (CDMA + GSM)"
173,4.5 out of 5 stars,"(4)
4 product ratings - Samsung S21 Ultra * UNLOCKED & MINT * Extras Included"
174,4.5 out of 5 stars,"(8)
8 product ratings - TESTED GRAY CDMA + GSM UNLOCKED APPLE iPhone 11 PRO, 256GB A2160 MW9G2LL/A J60T"
175,4.5 out of 5 stars,"(11)
11 product ratings - Apple iPhone XS - 256GB - Gold (GSM Unlocked)"
176,4.5 out of 5 stars,"(23)
23 product ratings - Samsung Galaxy A21 Carrier Unlocked 32GB-4G Single Sim Worldwide (Brand New)"
177,4.5 out of 5 stars,"(98)
98 product ratings - READ DESCRIPTION Google Pixel 1st Gen (Unlocked) Smartphone Android 155"
178,4.5 out of 5 stars,"(33)
33 product ratings - Apple iPhone SE 64GB - Space Gray (Unlocked Sprint) A1723 (CDMA + GSM) MLMH2LL/A"
179,4.5 out of 5 stars,"(24)
24 product ratings - Apple iPhone 11 Pro Max - 256GB - Silver (Unlocked) A2161 (CDMA + GSM)"
180,5 out of 5 stars,"(22)
22 product ratings - UNLOCKED Sony Xperia XA2 Ultra 32GB Black Smartphone 4K Vid+23MP Cam Black B"
181,5 out of 5 stars,"(13)
13 product ratings - Google Pixel 1 Pixel XL 1 Gen Unlocked Android Smartphone GSM + CDMA 32,128, GB"
182,4.5 out of 5 stars,"(94)
94 product ratings - TESTED BLACK CDMA + GSM UNLOCKED APPLE iPhone XR, 64GB A1984 MT3K2LL/A J190T"
183,4.5 out of 5 stars,"(57)
57 product ratings - Apple iPhone 8 Plus 64GB Factory Unlocked AT&T Verizon T-Mobile Unlocked"
184,4.5 out of 5 stars,"(40)
40 product ratings - [SEALED] BlackBerry Evolve 64GB Black GSM Unlocked Dual SIM International Model"
185,4.5 out of 5 stars,"(59)
59 product ratings - Apple iPhone 7 Plus - 32GB - A1784 - Gold (Unlocked)"
186,4.5 out of 5 stars,"(98)
98 product ratings - Apple iPhone 7 Plus - 32GB - Rose Gold (T-Mobile) (Unlocked)"
187,5 out of 5 stars,"(58)
58 product ratings - Apple iPhone 7 Plus - A1784 - 128GB - Gold (Unlocked)"
188,4.5 out of 5 stars,"(1)
1 product ratings - Apple iPhone 7 32GB Unlocked Smartphone AT&T Verizon T-Mobile Factory Unlocked"
189,4.5 out of 5 stars,"(257)
257 product ratings - **NEW** SAMSUNG GALAXY S10 SM-G973U1 - 128GB - Prism Black (Unlocked)"
190,5 out of 5 stars,"(43)
43 product ratings - Google - Pixel 3 with 64GB Memory Cell Phone (Unlocked) - Not Pink - New SEALED"
191,5 out of 5 stars,"(15)
15 product ratings - Apple iPhone 7 Unlocked 32GB Black - AT&T T-Mobile Verizon GSM Unlocked"
192,5 out of 5 stars,"(4)
4 product ratings - Google - Pixel 3 XL with 128GB Memory Cell Phone (Unlocked) - Not Pink"
193,4.5 out of 5 stars,"(58)
58 product ratings - Google Pixel 3 Pixel 3 XL 64GB CDMA + GSM Unlocked 4G LTE Android Smartphone"
194,4.5 out of 5 stars,"(1)
1 product ratings - Apple iPhone 7 32GB Factory Unlocked 4G LTE iOS WiFi Smartphone"
195,4.5 out of 5 stars,"(1)
1 product ratings - Caterpillar CAT B26 (Factory Unlocked) Waterproof Rugged GSM ONLY DUAL SIM NEW"
196,4.5 out of 5 stars,"(1)
1 product ratings - Apple iPhone 8 64GB GSM Factory Unlocked Smartphone"
197,4.5 out of 5 stars,"(4)
4 product ratings - Google - Pixel 3 XL with 128GB Memory Cell Phone (Unlocked) - Just Black"
198,4.5 out of 5 stars,"(117)
117 product ratings - Apple iPhone 7 Plus - 128GB - Jet Black (ATT) A1784 (GSM)"
199,4.5 out of 5 stars,"(45)
45 product ratings - TESTED BLACK CDMA + GSM UNLOCKED APPLE iPhone 11, 128GB A2111 MWLE2LL/A J245T"
200,4.5 out of 5 stars,"(14)
14 product ratings - Samsung Galaxy Z Flip 256GB Mirror Black Unlocked **FREE Accessories & Shipping*"
201,5 out of 5 stars,"(200)
200 product ratings - FOUR TESTED GSM UNLOCKED SPACE GRAY APPLE iPhone 8, 64GB A1905 PHONES R385P"
202,4.5 out of 5 stars,"(17)
17 product ratings - Apple iPhone 8 64GB Unlocked Smartphone AT&T Verizon T-Mobile Factory Unlocked"
203,4.5 out of 5 stars,"(19)
19 product ratings - MINT Samsung Galaxy A71 5G UW SM-A716V - 128GB - Prism Bricks Black (Verizon)"
204,5 out of 5 stars,"(20)
20 product ratings - Apple iPhone XR - 64GB - White (T-Mobile) A1984 (CDMA + GSM)"
205,4.5 out of 5 stars,"(9)
9 product ratings - CAT S60 - 32GB - Black (Unlocked) Smartphone (Dual SIM)"
206,4.5 out of 5 stars,"(174)
174 product ratings - Apple iPhone 8 64GB Unlocked A1905 GSM - Space Gray - Used - Excellent Condition"
207,5 out of 5 stars,"(216)
216 product ratings - Apple iPhone X - Silver (64 GB) UNLOCKED"
208,5 out of 5 stars,"(33)
33 product ratings - LG Stylo 6 Unlocked Worldwide 64GB/3GBRam/13MP Camera(Brand New)"
209,5 out of 5 stars,"(5)
5 product ratings - Google Pixel 3 XL 64GB Unlocked - Used - White"
210,4.5 out of 5 stars,"(126)
126 product ratings - Apple iPhone XR - 64GB - White (Unlocked) A1984 (CDMA + GSM)"
211,4.5 out of 5 stars,"(4)
4 product ratings - Samsung S21 Ultra * UNLOCKED & MINT * Extras Included"
212,4.5 out of 5 stars,"(8)
8 product ratings - TESTED GRAY CDMA + GSM UNLOCKED APPLE iPhone 11 PRO, 256GB A2160 MW9G2LL/A J60T"
213,4.5 out of 5 stars,"(11)
11 product ratings - Apple iPhone XS - 256GB - Gold (GSM Unlocked)"
214,4.5 out of 5 stars,"(23)
23 product ratings - Samsung Galaxy A21 Carrier Unlocked 32GB-4G Single Sim Worldwide (Brand New)"
215,4.5 out of 5 stars,"(98)
98 product ratings - READ DESCRIPTION Google Pixel 1st Gen (Unlocked) Smartphone Android 155"
216,4.5 out of 5 stars,"(33)
33 product ratings - Apple iPhone SE 64GB - Space Gray (Unlocked Sprint) A1723 (CDMA + GSM) MLMH2LL/A"
217,5 out of 5 stars,"(24)
24 product ratings - Apple iPhone 11 Pro Max - 256GB - Silver (Unlocked) A2161 (CDMA + GSM)"
218,5 out of 5 stars,"(22)
22 product ratings - UNLOCKED Sony Xperia XA2 Ultra 32GB Black Smartphone 4K Vid+23MP Cam Black B"
219,4.5 out of 5 stars,"(13)
13 product ratings - Google Pixel 1 Pixel XL 1 Gen Unlocked Android Smartphone GSM + CDMA 32,128, GB"
220,4.5 out of 5 stars,"(94)
94 product ratings - TESTED BLACK CDMA + GSM UNLOCKED APPLE iPhone XR, 64GB A1984 MT3K2LL/A J190T"
221,4.5 out of 5 stars,"(57)
57 product ratings - Apple iPhone 8 Plus 64GB Factory Unlocked AT&T Verizon T-Mobile Unlocked"
222,4.5 out of 5 stars,"(40)
40 product ratings - [SEALED] BlackBerry Evolve 64GB Black GSM Unlocked Dual SIM International Model"
223,4.5 out of 5 stars,"(59)
59 product ratings - Apple iPhone 7 Plus - 32GB - A1784 - Gold (Unlocked)"
224,5 out of 5 stars,"(98)
98 product ratings - Apple iPhone 7 Plus - 32GB - Rose Gold (T-Mobile) (Unlocked)"
225,4.5 out of 5 stars,"(58)
58 product ratings - Apple iPhone 7 Plus - A1784 - 128GB - Gold (Unlocked)"
226,4.5 out of 5 stars,"(1)
1 product ratings - Apple iPhone 7 32GB Unlocked Smartphone AT&T Verizon T-Mobile Factory Unlocked"
227,5 out of 5 stars,"(257)
257 product ratings - **NEW** SAMSUNG GALAXY S10 SM-G973U1 - 128GB - Prism Black (Unlocked)"
228,5 out of 5 stars,"(43)
43 product ratings - Google - Pixel 3 with 64GB Memory Cell Phone (Unlocked) - Not Pink - New SEALED"
229,5 out of 5 stars,"(15)
15 product ratings - Apple iPhone 7 Unlocked 32GB Black - AT&T T-Mobile Verizon GSM Unlocked"
230,4.5 out of 5 stars,"(4)
4 product ratings - Google - Pixel 3 XL with 128GB Memory Cell Phone (Unlocked) - Not Pink"
231,4.5 out of 5 stars,"(58)
58 product ratings - Google Pixel 3 Pixel 3 XL 64GB CDMA + GSM Unlocked 4G LTE Android Smartphone"
232,4.5 out of 5 stars,"(1)
1 product ratings - Apple iPhone 7 32GB Factory Unlocked 4G LTE iOS WiFi Smartphone"
233,4.5 out of 5 stars,"(1)
1 product ratings - Caterpillar CAT B26 (Factory Unlocked) Waterproof Rugged GSM ONLY DUAL SIM NEW"
234,4.5 out of 5 stars,"(1)
1 product ratings - Apple iPhone 8 64GB GSM Factory Unlocked Smartphone"
235,4.5 out of 5 stars,"(4)
4 product ratings - Google - Pixel 3 XL with 128GB Memory Cell Phone (Unlocked) - Just Black"
236,4.5 out of 5 stars,"(117)
117 product ratings - Apple iPhone 7 Plus - 128GB - Jet Black (ATT) A1784 (GSM)"
237,4.5 out of 5 stars,"(45)
45 product ratings - TESTED BLACK CDMA + GSM UNLOCKED APPLE iPhone 11, 128GB A2111 MWLE2LL/A J245T"
238,5 out of 5 stars,"(14)
14 product ratings - Samsung Galaxy Z Flip 256GB Mirror Black Unlocked **FREE Accessories & Shipping*"
239,4.5 out of 5 stars,"(200)
200 product ratings - FOUR TESTED GSM UNLOCKED SPACE GRAY APPLE iPhone 8, 64GB A1905 PHONES R385P"
240,4.5 out of 5 stars,"(17)
17 product ratings - Apple iPhone 8 64GB Unlocked Smartphone AT&T Verizon T-Mobile Factory Unlocked"
241,5 out of 5 stars,"(19)
19 product ratings - MINT Samsung Galaxy A71 5G UW SM-A716V - 128GB - Prism Bricks Black (Verizon)"
242,4.5 out of 5 stars,"(20)
20 product ratings - Apple iPhone XR - 64GB - White (T-Mobile) A1984 (CDMA + GSM)"
243,4.5 out of 5 stars,"(9)
9 product ratings - CAT S60 - 32GB - Black (Unlocked) Smartphone (Dual SIM)"
244,5 out of 5 stars,"(174)
174 product ratings - Apple iPhone 8 64GB Unlocked A1905 GSM - Space Gray - Used - Excellent Condition"
245,5 out of 5 stars,"(216)
216 product ratings - Apple iPhone X - Silver (64 GB) UNLOCKED"
246,5 out of 5 stars,"(33)
33 product ratings - LG Stylo 6 Unlocked Worldwide 64GB/3GBRam/13MP Camera(Brand New)"
247,4.5 out of 5 stars,"(5)
5 product ratings - Google Pixel 3 XL 64GB Unlocked - Used - White"
248,4.5 out of 5 stars,"(126)
126 product ratings - Apple iPhone XR - 64GB - White (Unlocked) A1984 (CDMA + GSM)"
249,4.5 out of 5 stars,"(4)
4 product ratings - Samsung S21 Ultra * UNLOCKED & MINT * Extras Included"
250,4.5 out of 5 stars,"(8)
8 product ratings - TESTED GRAY CDMA + GSM UNLOCKED APPLE iPhone 11 PRO, 256GB A2160 MW9G2LL/A J60T"
251,4.5 out of 5 stars,"(11)
11 product ratings - Apple iPhone XS - 256GB - Gold (GSM Unlocked)"
252,4.5 out of 5 stars,"(23)
23 product ratings - Samsung Galaxy A21 Carrier Unlocked 32GB-4G Single Sim Worldwide (Brand New)"
253,4.5 out of 5 stars,"(98)
98 product ratings - READ DESCRIPTION Google Pixel 1st Gen (Unlocked) Smartphone Android 155"
254,5 out of 5 stars,"(33)
33 product ratings - Apple iPhone SE 64GB - Space Gray (Unlocked Sprint) A1723 (CDMA + GSM) MLMH2LL/A"
255,5 out of 5 stars,"(24)
24 product ratings - Apple iPhone 11 Pro Max - 256GB - Silver (Unlocked) A2161 (CDMA + GSM)"
256,4.5 out of 5 stars,"(22)
22 product ratings - UNLOCKED Sony Xperia XA2 Ultra 32GB Black Smartphone 4K Vid+23MP Cam Black B"
257,4.5 out of 5 stars,"(13)
13 product ratings - Google Pixel 1 Pixel XL 1 Gen Unlocked Android Smartphone GSM + CDMA 32,128, GB"
258,4.5 out of 5 stars,"(94)
94 product ratings - TESTED BLACK CDMA + GSM UNLOCKED APPLE iPhone XR, 64GB A1984 MT3K2LL/A J190T"
259,4.5 out of 5 stars,"(57)
57 product ratings - Apple iPhone 8 Plus 64GB Factory Unlocked AT&T Verizon T-Mobile Unlocked"
260,4.5 out of 5 stars,"(40)
40 product ratings - [SEALED] BlackBerry Evolve 64GB Black GSM Unlocked Dual SIM International Model"
261,5 out of 5 stars,"(59)
59 product ratings - Apple iPhone 7 Plus - 32GB - A1784 - Gold (Unlocked)"
262,4.5 out of 5 stars,"(98)
98 product ratings - Apple iPhone 7 Plus - 32GB - Rose Gold (T-Mobile) (Unlocked)"
263,4.5 out of 5 stars,"(58)
58 product ratings - Apple iPhone 7 Plus - A1784 - 128GB - Gold (Unlocked)"
264,5 out of 5 stars,"(1)
1 product ratings - Apple iPhone 7 32GB Unlocked Smartphone AT&T Verizon T-Mobile Factory Unlocked"
265,5 out of 5 stars,"(257)
257 product ratings - **NEW** SAMSUNG GALAXY S10 SM-G973U1 - 128GB - Prism Black (Unlocked)"
266,5 out of 5 stars,"(43)
43 product ratings - Google - Pixel 3 with 64GB Memory Cell Phone (Unlocked) - Not Pink - New SEALED"
267,4.5 out of 5 stars,"(15)
15 product ratings - Apple iPhone 7 Unlocked 32GB Black - AT&T T-Mobile Verizon GSM Unlocked"
268,4.5 out of 5 stars,"(4)
4 product ratings - Google - Pixel 3 XL with 128GB Memory Cell Phone (Unlocked) - Not Pink"
269,4.5 out of 5 stars,"(58)
58 product ratings - Google Pixel 3 Pixel 3 XL 64GB CDMA + GSM Unlocked 4G LTE Android Smartphone"
270,4.5 out of 5 stars,"(1)
1 product ratings - Apple iPhone 7 32GB Factory Unlocked 4G LTE iOS WiFi Smartphone"
271,4.5 out of 5 stars,"(1)
1 product ratings - Caterpillar CAT B26 (Factory Unlocked) Waterproof Rugged GSM ONLY DUAL SIM NEW"
272,4.5 out of 5 stars,"(1)
1 product ratings - Apple iPhone 8 64GB GSM Factory Unlocked Smartphone"
273,4.5 out of 5 stars,"(4)
4 product ratings - Google - Pixel 3 XL with 128GB Memory Cell Phone (Unlocked) - Just Black"
274,4.5 out of 5 stars,"(117)
117 product ratings - Apple iPhone 7 Plus - 128GB - Jet Black (ATT) A1784 (GSM)"
275,5 out of 5 stars,"(45)
45 product ratings - TESTED BLACK CDMA + GSM UNLOCKED APPLE iPhone 11, 128GB A2111 MWLE2LL/A J245T"
276,4.5 out of 5 stars,"(14)
14 product ratings - Samsung Galaxy Z Flip 256GB Mirror Black Unlocked **FREE Accessories & Shipping*"
277,4.5 out of 5 stars,"(200)
200 product ratings - FOUR TESTED GSM UNLOCKED SPACE GRAY APPLE iPhone 8, 64GB A1905 PHONES R385P"
278,5 out of 5 stars,"(17)
17 product ratings - Apple iPhone 8 64GB Unlocked Smartphone AT&T Verizon T-Mobile Factory Unlocked"
279,4.5 out of 5 stars,"(19)
19 product ratings - MINT Samsung Galaxy A71 5G UW SM-A716V - 128GB - Prism Bricks Black (Verizon)"
280,4.5 out of 5 stars,"(20)
20 product ratings - Apple iPhone XR - 64GB - White (T-Mobile) A1984 (CDMA + GSM)"
281,5 out of 5 stars,"(9)
9 product ratings - CAT S60 - 32GB - Black (Unlocked) Smartphone (Dual SIM)"
282,5 out of 5 stars,"(174)
174 product ratings - Apple iPhone 8 64GB Unlocked A1905 GSM - Space Gray - Used - Excellent Condition"
283,5 out of 5 stars,"(216)
216 product ratings - Apple iPhone X - Silver (64 GB) UNLOCKED"
284,4.5 out of 5 stars,"(33)
33 product ratings - LG Stylo 6 Unlocked Worldwide 64GB/3GBRam/13MP Camera(Brand New)"
285,4.5 out of 5 stars,"(5)
5 product ratings - Google Pixel 3 XL 64GB Unlocked - Used - White"
286,4.5 out of 5 stars,"(126)
126 product ratings - Apple iPhone XR - 64GB - White (Unlocked) A1984 (CDMA + GSM)"
287,4.5 out of 5 stars,"(4)
4 product ratings - Samsung S21 Ultra * UNLOCKED & MINT * Extras Included"
288,4.5 out of 5 stars,"(8)
8 product ratings - TESTED GRAY CDMA + GSM UNLOCKED APPLE iPhone 11 PRO, 256GB A2160 MW9G2LL/A J60T"
289,4.5 out of 5 stars,"(11)
11 product ratings - Apple iPhone XS - 256GB - Gold (GSM Unlocked)"
290,4.5 out of 5 stars,"(23)
23 product ratings - Samsung Galaxy A21 Carrier Unlocked 32GB-4G Single Sim Worldwide (Brand New)"
291,5 out of 5 stars,"(98)
98 product ratings - READ DESCRIPTION Google Pixel 1st Gen (Unlocked) Smartphone Android 155"
292,5 out of 5 stars,"(33)
33 product ratings - Apple iPhone SE 64GB - Space Gray (Unlocked Sprint) A1723 (CDMA + GSM) MLMH2LL/A"
293,4.5 out of 5 stars,"(24)
24 product ratings - Apple iPhone 11 Pro Max - 256GB - Silver (Unlocked) A2161 (CDMA + GSM)"
294,4.5 out of 5 stars,"(22)
22 product ratings - UNLOCKED Sony Xperia XA2 Ultra 32GB Black Smartphone 4K Vid+23MP Cam Black B"
295,4.5 out of 5 stars,"(13)
13 product ratings - Google Pixel 1 Pixel XL 1 Gen Unlocked Android Smartphone GSM + CDMA 32,128, GB"
296,4.5 out of 5 stars,"(94)
94 product ratings - TESTED BLACK CDMA + GSM UNLOCKED APPLE iPhone XR, 64GB A1984 MT3K2LL/A J190T"
297,4.5 out of 5 stars,"(57)
57 product ratings - Apple iPhone 8 Plus 64GB Factory Unlocked AT&T Verizon T-Mobile Unlocked"
298,5 out of 5 stars,"(40)
40 product ratings - [SEALED] BlackBerry Evolve 64GB Black GSM Unlocked Dual SIM International Model"
299,4.5 out of 5 stars,"(59)
59 product ratings - Apple iPhone 7 Plus - 32GB - A1784 - Gold (Unlocked)"
300,4.5 out of 5 stars,"(98)
98 product ratings - Apple iPhone 7 Plus - 32GB - Rose Gold (T-Mobile) (Unlocked)"
301,5 out of 5 stars,"(58)
58 product ratings - Apple iPhone 7 Plus - A1784 - 128GB - Gold (Unlocked)"
302,5 out of 5 stars,"(1)
1 product ratings - Apple iPhone 7 32GB Unlocked Smartphone AT&T Verizon T-Mobile Factory Unlocked"
303,5 out of 5 stars,"(257)
257 product ratings - **NEW** SAMSUNG GALAXY S10 SM-G973U1 - 128GB - Prism Black (Unlocked)"
304,4.5 out of 5 stars,"(43)
43 product ratings - Google - Pixel 3 with 64GB Memory Cell Phone (Unlocked) - Not Pink - New SEALED"
305,4.5 out of 5 stars,"(15)
15 product ratings - Apple iPhone 7 Unlocked 32GB Black - AT&T T-Mobile Verizon GSM Unlocked"
306,4.5 out of 5 stars,"(4)
4 product ratings - Google - Pixel 3 XL with 128GB Memory Cell Phone (Unlocked) - Not Pink"
307,4.5 out of 5 stars,"(58)
58 product ratings - Google Pixel 3 Pixel 3 XL 64GB CDMA + GSM Unlocked 4G LTE Android Smartphone"
308,4.5 out of 5 stars,"(1)
1 product ratings - Apple iPhone 7 32GB Factory Unlocked 4G LTE iOS WiFi Smartphone"
309,4.5 out of 5 stars,"(1)
1 product ratings - Caterpillar CAT B26 (Factory Unlocked) Waterproof Rugged GSM ONLY DUAL SIM NEW"
310,4.5 out of 5 stars,"(1)
1 product ratings - Apple iPhone 8 64GB GSM Factory Unlocked Smartphone"
311,4.5 out of 5 stars,"(4)
4 product ratings - Google - Pixel 3 XL with 128GB Memory Cell Phone (Unlocked) - Just Black"
312,5 out of 5 stars,"(117)
117 product ratings - Apple iPhone 7 Plus - 128GB - Jet Black (ATT) A1784 (GSM)"
313,4.5 out of 5 stars,"(45)
45 product ratings - TESTED BLACK CDMA + GSM UNLOCKED APPLE iPhone 11, 128GB A2111 MWLE2LL/A J245T"
314,4.5 out of 5 stars,"(14)
14 product ratings - Samsung Galaxy Z Flip 256GB Mirror Black Unlocked **FREE Accessories & Shipping*"
315,5 out of 5 stars,"(200)
200 product ratings - FOUR TESTED GSM UNLOCKED SPACE GRAY APPLE iPhone 8, 64GB A1905 PHONES R385P"
316,4.5 out of 5 stars,"(17)
17 product ratings - Apple iPhone 8 64GB Unlocked Smartphone AT&T Verizon T-Mobile Factory Unlocked"
317,4.5 out of 5 stars,"(19)
19 product ratings - MINT Samsung Galaxy A71 5G UW SM-A716V - 128GB - Prism Bricks Black (Verizon)"
318,5 out of 5 stars,"(20)
20 product ratings - Apple iPhone XR - 64GB - White (T-Mobile) A1984 (CDMA + GSM)"
319,5 out of 5 stars,"(9)
9 product ratings - CAT S60 - 32GB - Black (Unlocked) Smartphone (Dual SIM)"
320,5 out of 5 stars,"(174)
174 product ratings - Apple iPhone 8 64GB Unlocked A1905 GSM - Space Gray - Used - Excellent Condition"
321,4.5 out of 5 stars,"(216)
216 product ratings - Apple iPhone X - Silver (64 GB) UNLOCKED"
322,4.5 out of 5 stars,"(33)
33 product ratings - LG Stylo 6 Unlocked Worldwide 64GB/3GBRam/13MP Camera(Brand New)"
323,4.5 out of 5 stars,"(5)
5 product ratings - Google Pixel 3 XL 64GB Unlocked - Used - White"
324,4.5 out of 5 stars,"(126)
126 product ratings - Apple iPhone XR - 64GB - White (Unlocked) A1984 (CDMA + GSM)"
325,4.5 out of 5 stars,"(4)
4 product ratings - Samsung S21 Ultra * UNLOCKED & MINT * Extras Included"
326,4.5 out of 5 stars,"(8)
8 product ratings - TESTED GRAY CDMA + GSM UNLOCKED APPLE iPhone 11 PRO, 256GB A2160 MW9G2LL/A J60T"
327,4.5 out of 5 stars,"(11)
11 product ratings - Apple iPhone XS - 256GB - Gold (GSM Unlocked)"
328,5 out of 5 stars,"(23)
23 product ratings - Samsung Galaxy A21 Carrier Unlocked 32GB-4G Single Sim Worldwide (Brand New)"
329,5 out of 5 stars,"(98)
98 product ratings - READ DESCRIPTION Google Pixel 1st Gen (Unlocked) Smartphone Android 155"
330,4.5 out of 5 stars,"(33)
33 product ratings - Apple iPhone SE 64GB - Space Gray (Unlocked Sprint) A1723 (CDMA + GSM) MLMH2LL/A"
331,4.5 out of 5 stars,"(24)
24 product ratings - Apple iPhone 11 Pro Max - 256GB - Silver (Unlocked) A2161 (CDMA + GSM)"
332,4.5 out of 5 stars,"(22)
22 product ratings - UNLOCKED Sony Xperia XA2 Ultra 32GB Black Smartphone 4K Vid+23MP Cam Black B"
333,4.5 out of 5 stars,"(13)
13 product ratings - Google Pixel 1 Pixel XL 1 Gen Unlocked Android Smartphone GSM + CDMA 32,128, GB"
334,4.5 out of 5 stars,"(94)
94 product ratings - TESTED BLACK CDMA + GSM UNLOCKED APPLE iPhone XR, 64GB A1984 MT3K2LL/A J190T"
335,5 out of 5 stars,"(57)
57 product ratings - Apple iPhone 8 Plus 64GB Factory Unlocked AT&T Verizon T-Mobile Unlocked"
336,4.5 out of 5 stars,"(40)
40 product ratings - [SEALED] BlackBerry Evolve 64GB Black GSM Unlocked Dual SIM International Model"
337,4.5 out of 5 stars,"(59)
59 product ratings - Apple iPhone 7 Plus - 32GB - A1784 - Gold (Unlocked)"
338,5 out of 5 stars,"(98)
98 product ratings - Apple iPhone 7 Plus - 32GB - Rose Gold (T-Mobile) (Unlocked)"
339,5 out of 5 stars,"(58)
58 product ratings - Apple iPhone 7 Plus - A1784 - 128GB - Gold (Unlocked)"
340,5 out of 5 stars,"(1)
1 product ratings - Apple iPhone 7 32GB Unlocked Smartphone AT&T Verizon T-Mobile Factory Unlocked"
341,4.5 out of 5 stars,"(257)
257 product ratings - **NEW** SAMSUNG GALAXY S10 SM-G973U1 - 128GB - Prism Black (Unlocked)"
342,4.5 out of 5 stars,"(43)
43 product ratings - Google - Pixel 3 with 64GB Memory Cell Phone (Unlocked) - Not Pink - New SEALED"
343,4.5 out of 5 stars,"(15)
15 product ratings - Apple iPhone 7 Unlocked 32GB Black - AT&T T-Mobile Verizon GSM Unlocked"
344,4.5 out of 5 stars,"(4)
4 product ratings - Google - Pixel 3 XL with 128GB Memory Cell Phone (Unlocked) - Not Pink"
345,4.5 out of 5 stars,"(58)
58 product ratings - Google Pixel 3 Pixel 3 XL 64GB CDMA + GSM Unlocked 4G LTE Android Smartphone"
346,4.5 out of 5 stars,"(1)
1 product ratings - Apple iPhone 7 32GB Factory Unlocked 4G LTE iOS WiFi Smartphone"
347,4.5 out of 5 stars,"(1)
1 product ratings - Caterpillar CAT B26 (Factory Unlocked) Waterproof Rugged GSM ONLY DUAL SIM NEW"
348,4.5 out of 5 stars,"(1)
1 product ratings - Apple iPhone 8 64GB GSM Factory Unlocked Smartphone"
349,5 out of 5 stars,"(4)
4 product ratings - Google - Pixel 3 XL with 128GB Memory Cell Phone (Unlocked) - Just Black"
350,4.5 out of 5 stars,"(117)
117 product ratings - Apple iPhone 7 Plus - 128GB - Jet Black (ATT) A1784 (GSM)"
351,4.5 out of 5 stars,"(45)
45 product ratings - TESTED BLACK CDMA + GSM UNLOCKED APPLE iPhone 11, 128GB A2111 MWLE2LL/A J245T"
352,5 out of 5 stars,"(14)
14 product ratings - Samsung Galaxy Z Flip 256GB Mirror Black Unlocked **FREE Accessories & Shipping*"
353,4.5 out of 5 stars,"(200)
200 product ratings - FOUR TESTED GSM UNLOCKED SPACE GRAY APPLE iPhone 8, 64GB A1905 PHONES R385P"
354,4.5 out of 5 stars,"(17)
17 product ratings - Apple iPhone 8 64GB Unlocked Smartphone AT&T Verizon T-Mobile Factory Unlocked"
355,5 out of 5 stars,"(19)
19 product ratings - MINT Samsung Galaxy A71 5G UW SM-A716V - 128GB - Prism Bricks Black (Verizon)"
356,5 out of 5 stars,"(20)
20 product ratings - Apple iPhone XR - 64GB - White (T-Mobile) A1984 (CDMA + GSM)"
357,5 out of 5 stars,"(9)
9 product ratings - CAT S60 - 32GB - Black (Unlocked) Smartphone (Dual SIM)"
358,4.5 out of 5 stars,"(174)
174 product ratings - Apple iPhone 8 64GB Unlocked A1905 GSM - Space Gray - Used - Excellent Condition"
359,4.5 out of 5 stars,"(216)
216 product ratings - Apple iPhone X - Silver (64 GB) UNLOCKED"
360,4.5 out of 5 stars,"(33)
33 product ratings - LG Stylo 6 Unlocked Worldwide 64GB/3GBRam/13MP Camera(Brand New)"
361,4.5 out of 5 stars,"(5)
5 product ratings - Google Pixel 3 XL 64GB Unlocked - Used - White"
362,4.5 out of 5 stars,"(126)
126 product ratings - Apple iPhone XR - 64GB - White (Unlocked) A1984 (CDMA + GSM)"
363,4.5 out of 5 stars,"(4)
4 product ratings - Samsung S21 Ultra * UNLOCKED & MINT * Extras Included"
364,4.5 out of 5 stars,"(8)
8 product ratings - TESTED GRAY CDMA + GSM UNLOCKED APPLE iPhone 11 PRO, 256GB A2160 MW9G2LL/A J60T"
365,5 out of 5 stars,"(11)
11 product ratings - Apple iPhone XS - 256GB - Gold (GSM Unlocked)"
366,5 out of 5 stars,"(23)
23 product ratings - Samsung Galaxy A21 Carrier Unlocked 32GB-4G Single Sim Worldwide (Brand New)"
367,4.5 out of 5 stars,"(98)
98 product ratings - READ DESCRIPTION Google Pixel 1st Gen (Unlocked) Smartphone Android 155"
368,4.5 out of 5 stars,"(33)
33 product ratings - Apple iPhone SE 64GB - Space Gray (Unlocked Sprint) A1723 (CDMA + GSM) MLMH2LL/A"
369,4.5 out of 5 stars,"(24)
24 product ratings - Apple iPhone 11 Pro Max - 256GB - Silver (Unlocked) A2161 (CDMA + GSM)"
370,4.5 out of 5 stars,"(22)
22 product ratings - UNLOCKED Sony Xperia XA2 Ultra 32GB Black Smartphone 4K Vid+23MP Cam Black B"
371,4.5 out of 5 stars,"(13)
13 product ratings - Google Pixel 1 Pixel XL 1 Gen Unlocked Android Smartphone GSM + CDMA 32,128, GB"
372,5 out of 5 stars,"(94)
94 product ratings - TESTED BLACK CDMA + GSM UNLOCKED APPLE iPhone XR, 64GB A1984 MT3K2LL/A J190T"
373,4.5 out of 5 stars,"(57)
57 product ratings - Apple iPhone 8 Plus 64GB Factory Unlocked AT&T Verizon T-Mobile Unlocked"
374,4.5 out of 5 stars,"(40)
40 product ratings - [SEALED] BlackBerry Evolve 64GB Black GSM Unlocked Dual SIM International Model"
375,5 out of 5 stars,"(59)
59 product ratings - Apple iPhone 7 Plus - 32GB - A1784 - Gold (Unlocked)"
376,5 out of 5 stars,"(98)
98 product ratings - Apple iPhone 7 Plus - 32GB - Rose Gold (T-Mobile) (Unlocked)"
377,5 out of 5 stars,"(58)
58 product ratings - Apple iPhone 7 Plus - A1784 - 128GB - Gold (Unlocked)"
378,4.5 out of 5 stars,"(1)
1 product ratings - Apple iPhone 7 32GB Unlocked Smartphone AT&T Verizon T-Mobile Factory Unlocked"
379,4.5 out of 5 stars,"(257)
257 product ratings - **NEW** SAMSUNG GALAXY S10 SM-G973U1 - 128GB - Prism Black (Unlocked)"
380,4.5 out of 5 stars,"(43)
43 product ratings - Google - Pixel 3 with 64GB Memory Cell Phone (Unlocked) - Not Pink - New SEALED"
381,4.5 out of 5 stars,"(15)
15 product ratings - Apple iPhone 7 Unlocked 32GB Black - AT&T T-Mobile Verizon GSM Unlocked"
382,4.5 out of 5 stars,"(4)
4 product ratings - Google - Pixel 3 XL with 128GB Memory Cell Phone (Unlocked) - Not Pink"
383,4.5 out of 5 stars,"(58)
58 product ratings - Google Pixel 3 Pixel 3 XL 64GB CDMA + GSM Unlocked 4G LTE Android Smartphone"
384,4.5 out of 5 stars,"(1)
1 product ratings - Apple iPhone 7 32GB Factory Unlocked 4G LTE iOS WiFi Smartphone"
385,4.5 out of 5 stars,"(1)
1 product ratings - Caterpillar CAT B26 (Factory Unlocked) Waterproof Rugged GSM ONLY DUAL SIM NEW"
386,5 out of 5 stars,"(1)
1 product ratings - Apple iPhone 8 64GB GSM Factory Unlocked Smartphone"
387,4.5 out of 5 stars,"(4)
4 product ratings - Google - Pixel 3 XL with 128GB Memory Cell Phone (Unlocked) - Just Black"
388,4.5 out of 5 stars,"(117)
117 product ratings - Apple iPhone 7 Plus - 128GB - Jet Black (ATT) A1784 (GSM)"
389,5 out of 5 stars,"(45)
45 product ratings - TESTED BLACK CDMA + GSM UNLOCKED APPLE iPhone 11, 128GB A2111 MWLE2LL/A J245T"
390,4.5 out of 5 stars,"(14)
14 product ratings - Samsung Galaxy Z Flip 256GB Mirror Black Unlocked **FREE Accessories & Shipping*"
391,4.5 out of 5 stars,"(200)
200 product ratings - FOUR TESTED GSM UNLOCKED SPACE GRAY APPLE iPhone 8, 64GB A1905 PHONES R385P"
392,5 out of 5 stars,"(17)
17 product ratings - Apple iPhone 8 64GB Unlocked Smartphone AT&T Verizon T-Mobile Factory Unlocked"
393,5 out of 5 stars,"(19)
19 product ratings - MINT Samsung Galaxy A71 5G UW SM-A716V - 128GB - Prism Bricks Black (Verizon)"
394,5 out of 5 stars,"(20)
20 product ratings - Apple iPhone XR - 64GB - White (T-Mobile) A1984 (CDMA + GSM)"
395,4.5 out of 5 stars,"(9)
9 product ratings - CAT S60 - 32GB - Black (Unlocked) Smartphone (Dual SIM)"
396,4.5 out of 5 stars,"(174)
174 product ratings - Apple iPhone 8 64GB Unlocked A1905 GSM - Space Gray - Used - Excellent Condition"
397,4.5 out of 5 stars,"(216)
216 product ratings - Apple iPhone X - Silver (64 GB) UNLOCKED"
398,4.5 out of 5 stars,"(33)
33 product ratings - LG Stylo 6 Unlocked Worldwide 64GB/3GBRam/13MP Camera(Brand New)"
399,4.5 out of 5 stars,"(5)
5 product ratings - Google Pixel 3 XL 64GB Unlocked - Used - White"
400,4.5 out of 5 stars,"(126)
126 product ratings - Apple iPhone XR - 64GB - White (Unlocked) A1984 (CDMA + GSM)"
401,4.5 out of 5 stars,"(4)
4 product ratings - Samsung S21 Ultra * UNLOCKED & MINT * Extras Included"
402,5 out of 5 stars,"(8)
8 product ratings - TESTED GRAY CDMA + GSM UNLOCKED APPLE iPhone 11 PRO, 256GB A2160 MW9G2LL/A J60T"
403,5 out of 5 stars,"(11)
11 product ratings - Apple iPhone XS - 256GB - Gold (GSM Unlocked)"
404,4.5 out of 5 stars,"(23)
23 product ratings - Samsung Galaxy A21 Carrier Unlocked 32GB-4G Single Sim Worldwide (Brand New)"
405,4.5 out of 5 stars,"(98)
98 product ratings - READ DESCRIPTION Google Pixel 1st Gen (Unlocked) Smartphone Android 155"
406,4.5 out of 5 stars,"(33)
33 product ratings - Apple iPhone SE 64GB - Space Gray (Unlocked Sprint) A1723 (CDMA + GSM) MLMH2LL/A"
407,4.5 out of 5 stars,"(24)
24 product ratings - Apple iPhone 11 Pro Max - 256GB - Silver (Unlocked) A2161 (CDMA + GSM)"
408,4.5 out of 5 stars,"(22)
22 product ratings - UNLOCKED Sony Xperia XA2 Ultra 32GB Black Smartphone 4K Vid+23MP Cam Black B"
409,5 out of 5 stars,"(13)
13 product ratings - Google Pixel 1 Pixel XL 1 Gen Unlocked Android Smartphone GSM + CDMA 32,128, GB"
410,4.5 out of 5 stars,"(94)
94 product ratings - TESTED BLACK CDMA + GSM UNLOCKED APPLE iPhone XR, 64GB A1984 MT3K2LL/A J190T"
411,4.5 out of 5 stars,"(57)
57 product ratings - Apple iPhone 8 Plus 64GB Factory Unlocked AT&T Verizon T-Mobile Unlocked"
412,5 out of 5 stars,"(40)
40 product ratings - [SEALED] BlackBerry Evolve 64GB Black GSM Unlocked Dual SIM International Model"
413,5 out of 5 stars,"(59)
59 product ratings - Apple iPhone 7 Plus - 32GB - A1784 - Gold (Unlocked)"
414,5 out of 5 stars,"(98)
98 product ratings - Apple iPhone 7 Plus - 32GB - Rose Gold (T-Mobile) (Unlocked)"
415,4.5 out of 5 stars,"(58)
58 product ratings - Apple iPhone 7 Plus - A1784 - 128GB - Gold (Unlocked)"
416,4.5 out of 5 stars,"(1)
1 product ratings - Apple iPhone 7 32GB Unlocked Smartphone AT&T Verizon T-Mobile Factory Unlocked"
417,4.5 out of 5 stars,"(257)
257 product ratings - **NEW** SAMSUNG GALAXY S10 SM-G973U1 - 128GB - Prism Black (Unlocked)"
418,4.5 out of 5 stars,"(43)
43 product ratings - Google - Pixel 3 with 64GB Memory Cell Phone (Unlocked) - Not Pink - New SEALED"
419,4.5 out of 5 stars,"(15)
15 product ratings - Apple iPhone 7 Unlocked 32GB Black - AT&T T-Mobile Verizon GSM Unlocked"
420,4.5 out of 5 stars,"(4)
4 product ratings - Google - Pixel 3 XL with 128GB Memory Cell Phone (Unlocked) - Not Pink"
421,4.5 out of 5 stars,"(58)
58 product ratings - Google Pixel 3 Pixel 3 XL 64GB CDMA + GSM Unlocked 4G LTE Android Smartphone"
422,4.5 out of 5 stars,"(1)
1 product ratings - Apple iPhone 7 32GB Factory Unlocked 4G LTE iOS WiFi Smartphone"
423,5 out of 5 stars,"(1)
1 product ratings - Caterpillar CAT B26 (Factory Unlocked) Waterproof Rugged GSM ONLY DUAL SIM NEW"
424,4.5 out of 5 stars,"(1)
1 product ratings - Apple iPhone 8 64GB GSM Factory Unlocked Smartphone"
425,4.5 out of 5 stars,"(4)
4 product ratings - Google - Pixel 3 XL with 128GB Memory Cell Phone (Unlocked) - Just Black"
426,5 out of 5 stars,"(117)
117 product ratings - Apple iPhone 7 Plus - 128GB - Jet Black (ATT) A1784 (GSM)"
427,4.5 out of 5 stars,"(45)
45 product ratings - TESTED BLACK CDMA + GSM UNLOCKED APPLE iPhone 11, 128GB A2111 MWLE2LL/A J245T"
428,4.5 out of 5 stars,"(14)
14 product ratings - Samsung Galaxy Z Flip 256GB Mirror Black Unlocked **FREE Accessories & Shipping*"
429,5 out of 5 stars,"(200)
200 product ratings - FOUR TESTED GSM UNLOCKED SPACE GRAY APPLE iPhone 8, 64GB A1905 PHONES R385P"
430,5 out of 5 stars,"(17)
17 product ratings - Apple iPhone 8 64GB Unlocked Smartphone AT&T Verizon T-Mobile Factory Unlocked"
431,5 out of 5 stars,"(19)
19 product ratings - MINT Samsung Galaxy A71 5G UW SM-A716V - 128GB - Prism Bricks Black (Verizon)"
432,4.5 out of 5 stars,"(20)
20 product ratings - Apple iPhone XR - 64GB - White (T-Mobile) A1984 (CDMA + GSM)"
433,4.5 out of 5 stars,"(9)
9 product ratings - CAT S60 - 32GB - Black (Unlocked) Smartphone (Dual SIM)"
434,4.5 out of 5 stars,"(174)
174 product ratings - Apple iPhone 8 64GB Unlocked A1905 GSM - Space Gray - Used - Excellent Condition"
435,4.5 out of 5 stars,"(216)
216 product ratings - Apple iPhone X - Silver (64 GB) UNLOCKED"
436,4.5 out of 5 stars,"(33)
33 product ratings - LG Stylo 6 Unlocked Worldwide 64GB/3GBRam/13MP Camera(Brand New)"
437,4.5 out of 5 stars,"(5)
5 product ratings - Google Pixel 3 XL 64GB Unlocked - Used - White"
438,4.5 out of 5 stars,"(126)
126 product ratings - Apple iPhone XR - 64GB - White (Unlocked) A1984 (CDMA + GSM)"
439,5 out of 5 stars,"(4)
4 product ratings - Samsung S21 Ultra * UNLOCKED & MINT * Extras Included"
440,5 out of 5 stars,"(8)
8 product ratings - TESTED GRAY CDMA + GSM UNLOCKED APPLE iPhone 11 PRO, 256GB A2160 MW9G2LL/A J60T"
441,4.5 out of 5 stars,"(11)
11 product ratings - Apple iPhone XS - 256GB - Gold (GSM Unlocked)"
442,4.5 out of 5 stars,"(23)
23 product ratings - Samsung Galaxy A21 Carrier Unlocked 32GB-4G Single Sim Worldwide (Brand New)"
443,4.5 out of 5 stars,"(98)
98 product ratings - READ DESCRIPTION Google Pixel 1st Gen (Unlocked) Smartphone Android 155"
444,4.5 out of 5 stars,"(33)
33 product ratings - Apple iPhone SE 64GB - Space Gray (Unlocked Sprint) A1723 (CDMA + GSM) MLMH2LL/A"
445,4.5 out of 5 stars,"(24)
24 product ratings - Apple iPhone 11 Pro Max - 256GB - Silver (Unlocked) A2161 (CDMA + GSM)"
446,5 out of 5 stars,"(22)
22 product ratings - UNLOCKED Sony Xperia XA2 Ultra 32GB Black Smartphone 4K Vid+23MP Cam Black B"
447,4.5 out of 5 stars,"(13)
13 product ratings - Google Pixel 1 Pixel XL 1 Gen Unlocked Android Smartphone GSM + CDMA 32,128, GB"
448,4.5 out of 5 stars,"(94)
94 product ratings - TESTED BLACK CDMA + GSM UNLOCKED APPLE iPhone XR, 64GB A1984 MT3K2LL/A J190T"
449,5 out of 5 stars,"(57)
57 product ratings - Apple iPhone 8 Plus 64GB Factory Unlocked AT&T Verizon T-Mobile Unlocked"
450,5 out of 5 stars,"(40)
40 product ratings - [SEALED] BlackBerry Evolve 64GB Black GSM Unlocked Dual SIM International Model"
451,5 out of 5 stars,"(59)
59 product ratings - Apple iPhone 7 Plus - 32GB - A1784 - Gold (Unlocked)"
452,4.5 out of 5 stars,"(98)
98 product ratings - Apple iPhone 7 Plus - 32GB - Rose Gold (T-Mobile) (Unlocked)"
453,4.5 out of 5 stars,"(58)
58 product ratings - Apple iPhone 7 Plus - A1784 - 128GB - Gold (Unlocked)"
454,4.5 out of 5 stars,"(1)
1 product ratings - Apple iPhone 7 32GB Unlocked Smartphone AT&T Verizon T-Mobile Factory Unlocked"
455,4.5 out of 5 stars,"(257)
257 product ratings - **NEW** SAMSUNG GALAXY S10 SM-G973U1 - 128GB - Prism Black (Unlocked)"
456,4.5 out of 5 stars,"(43)
43 product ratings - Google - Pixel 3 with 64GB Memory Cell Phone (Unlocked) - Not Pink - New SEALED"
457,4.5 out of 5 stars,"(15)
15 product ratings - Apple iPhone 7 Unlocked 32GB Black - AT&T T-Mobile Verizon GSM Unlocked"
458,4.5 out of 5 stars,"(4)
4 product ratings - Google - Pixel 3 XL with 128GB Memory Cell Phone (Unlocked) - Not Pink"
459,4.5 out of 5 stars,"(58)
58 product ratings - Google Pixel 3 Pixel 3 XL 64GB CDMA + GSM Unlocked 4G LTE Android Smartphone"
460,5 out of 5 stars,"(1)
1 product ratings - Apple iPhone 7 32GB Factory Unlocked 4G LTE iOS WiFi Smartphone"
461,4.5 out of 5 stars,"(1)
1 product ratings - Caterpillar CAT B26 (Factory Unlocked) Waterproof Rugged GSM ONLY DUAL SIM NEW"
462,4.5 out of 5 stars,"(1)
1 product ratings - Apple iPhone 8 64GB GSM Factory Unlocked Smartphone"
463,5 out of 5 stars,"(4)
4 product ratings - Google - Pixel 3 XL with 128GB Memory Cell Phone (Unlocked) - Just Black"
464,4.5 out of 5 stars,"(117)
117 product ratings - Apple iPhone 7 Plus - 128GB - Jet Black (ATT) A1784 (GSM)"
465,4.5 out of 5 stars,"(45)
45 product ratings - TESTED BLACK CDMA + GSM UNLOCKED APPLE iPhone 11, 128GB A2111 MWLE2LL/A J245T"
466,5 out of 5 stars,"(14)
14 product ratings - Samsung Galaxy Z Flip 256GB Mirror Black Unlocked **FREE Accessories & Shipping*"
467,5 out of 5 stars,"(200)
200 product ratings - FOUR TESTED GSM UNLOCKED SPACE GRAY APPLE iPhone 8, 64GB A1905 PHONES R385P"
468,5 out of 5 stars,"(17)
17 product ratings - Apple iPhone 8 64GB Unlocked Smartphone AT&T Verizon T-Mobile Factory Unlocked"
469,4.5 out of 5 stars,"(19)
19 product ratings - MINT Samsung Galaxy A71 5G UW SM-A716V - 128GB - Prism Bricks Black (Verizon)"
470,4.5 out of 5 stars,"(20)
20 product ratings - Apple iPhone XR - 64GB - White (T-Mobile) A1984 (CDMA + GSM)"
471,4.5 out of 5 stars,"(9)
9 product ratings - CAT S60 - 32GB - Black (Unlocked) Smartphone (Dual SIM)"
472,4.5 out of 5 stars,"(174)
174 product ratings - Apple iPhone 8 64GB Unlocked A1905 GSM - Space Gray - Used - Excellent Condition"
473,4.5 out of 5 stars,"(216)
216 product ratings - Apple iPhone X - Silver (64 GB) UNLOCKED"
474,4.5 out of 5 stars,"(33)
33 product ratings - LG Stylo 6 Unlocked Worldwide 64GB/3GBRam/13MP Camera(Brand New)"
475,4.5 out of 5 stars,"(5)
5 product ratings - Google Pixel 3 XL 64GB Unlocked - Used - White"
476,5 out of 5 stars,"(126)
126 product ratings - Apple iPhone XR - 64GB - White (Unlocked) A1984 (CDMA + GSM)"
477,5 out of 5 stars,"(4)
4 product ratings - Samsung S21 Ultra * UNLOCKED & MINT * Extras Included"
478,4.5 out of 5 stars,"(8)
8 product ratings - TESTED GRAY CDMA + GSM UNLOCKED APPLE iPhone 11 PRO, 256GB A2160 MW9G2LL/A J60T"
479,4.5 out of 5 stars,"(11)
11 product ratings - Apple iPhone XS - 256GB - Gold (GSM Unlocked)"
480,4.5 out of 5 stars,"(23)
23 product ratings - Samsung Galaxy A21 Carrier Unlocked 32GB-4G Single Sim Worldwide (Brand New)"
481,4.5 out of 5 stars,"(98)
98 product ratings - READ DESCRIPTION Google Pixel 1st Gen (Unlocked) Smartphone Android 155"
482,4.5 out of 5 stars,"(33)
33 product ratings - Apple iPhone SE 64GB - Space Gray (Unlocked Sprint) A1723 (CDMA + GSM) MLMH2LL/A"
483,5 out of 5 stars,"(24)
24 product ratings - Apple iPhone 11 Pro Max - 256GB - Silver (Unlocked) A2161 (CDMA + GSM)"
484,4.5 out of 5 stars,"(22)
22 product ratings - UNLOCKED Sony Xperia XA2 Ultra 32GB Black Smartphone 4K Vid+23MP Cam Black B"
485,4.5 out of 5 stars,"(13)
13 product ratings - Google Pixel 1 Pixel XL 1 Gen Unlocked Android Smartphone GSM + CDMA 32,128, GB"
486,5 out of 5 stars,"(94)
94 product ratings - TESTED BLACK CDMA + GSM UNLOCKED APPLE iPhone XR, 64GB A1984 MT3K2LL/A J190T"
487,5 out of 5 stars,"(57)
57 product ratings - Apple iPhone 8 Plus 64GB Factory Unlocked AT&T Verizon T-Mobile Unlocked"
488,5 out of 5 stars,"(40)
40 product ratings - [SEALED] BlackBerry Evolve 64GB Black GSM Unlocked Dual SIM International Model"
489,4.5 out of 5 stars,"(59)
59 product ratings - Apple iPhone 7 Plus - 32GB - A1784 - Gold (Unlocked)"
490,4.5 out of 5 stars,"(98)
98 product ratings - Apple iPhone 7 Plus - 32GB - Rose Gold (T-Mobile) (Unlocked)"
491,4.5 out of 5 stars,"(58)
58 product ratings - Apple iPhone 7 Plus - A1784 - 128GB - Gold (Unlocked)"
492,4.5 out of 5 stars,"(1)
1 product ratings - Apple iPhone 7 32GB Unlocked Smartphone AT&T Verizon T-Mobile Factory Unlocked"
493,4.5 out of 5 stars,"(257)
257 product ratings - **NEW** SAMSUNG GALAXY S10 SM-G973U1 - 128GB - Prism Black (Unlocked)"
494,4.5 out of 5 stars,"(43)
43 product ratings - Google - Pixel 3 with 64GB Memory Cell Phone (Unlocked) - Not Pink - New SEALED"
495,4.5 out of 5 stars,"(15)
15 product ratings - Apple iPhone 7 Unlocked 32GB Black - AT&T T-Mobile Verizon GSM Unlocked"
496,4.5 out of 5 stars,"(4)
4 product ratings - Google - Pixel 3 XL with 128GB Memory Cell Phone (Unlocked) - Not Pink"
497,5 out of 5 stars,"(58)
58 product ratings - Google Pixel 3 Pixel 3 XL 64GB CDMA + GSM Unlocked 4G LTE Android Smartphone"
498,4.5 out of 5 stars,"(1)
1 product ratings - Apple iPhone 7 32GB Factory Unlocked 4G LTE iOS WiFi Smartphone"
499,4.5 out of 5 stars,"(1)
1 product ratings - Caterpillar CAT B26 (Factory Unlocked) Waterproof Rugged GSM ONLY DUAL SIM NEW"
500,5 out of 5 stars,"(1)
1 product ratings - Apple iPhone 8 64GB GSM Factory Unlocked Smartphone"
501,4.5 out of 5 stars,"(4)
4 product ratings - Google - Pixel 3 XL with 128GB Memory Cell Phone (Unlocked) - Just Black"
502,4.5 out of 5 stars,"(117)
117 product ratings - Apple iPhone 7 Plus - 128GB - Jet Black (ATT) A1784 (GSM)"
503,5 out of 5 stars,"(45)
45 product ratings - TESTED BLACK CDMA + GSM UNLOCKED APPLE iPhone 11, 128GB A2111 MWLE2LL/A J245T"
504,5 out of 5 stars,"(14)
14 product ratings - Samsung Galaxy Z Flip 256GB Mirror Black Unlocked **FREE Accessories & Shipping*"
505,5 out of 5 stars,"(200)
200 product ratings - FOUR TESTED GSM UNLOCKED SPACE GRAY APPLE iPhone 8, 64GB A1905 PHONES R385P"
506,4.5 out of 5 stars,"(17)
17 product ratings - Apple iPhone 8 64GB Unlocked Smartphone AT&T Verizon T-Mobile Factory Unlocked"
507,4.5 out of 5 stars,"(19)
19 product ratings - MINT Samsung Galaxy A71 5G UW SM-A716V - 128GB - Prism Bricks Black (Verizon)"
508,4.5 out of 5 stars,"(20)
20 product ratings - Apple iPhone XR - 64GB - White (T-Mobile) A1984 (CDMA + GSM)"
509,4.5 out of 5 stars,"(9)
9 product ratings - CAT S60 - 32GB - Black (Unlocked) Smartphone (Dual SIM)"
510,4.5 out of 5 stars,"(174)
174 product ratings - Apple iPhone 8 64GB Unlocked A1905 GSM - Space Gray - Used - Excellent Condition"
511,4.5 out of 5 stars,"(216)
216 product ratings - Apple iPhone X - Silver (64 GB) UNLOCKED"
512,4.5 out of 5 stars,"(33)
33 product ratings - LG Stylo 6 Unlocked Worldwide 64GB/3GBRam/13MP Camera(Brand New)"
513,5 out of 5 stars,"(5)
5 product ratings - Google Pixel 3 XL 64GB Unlocked - Used - White"
514,5 out of 5 stars,"(126)
126 product ratings - Apple iPhone XR - 64GB - White (Unlocked) A1984 (CDMA + GSM)"
515,4.5 out of 5 stars,"(4)
4 product ratings - Samsung S21 Ultra * UNLOCKED & MINT * Extras Included"
516,4.5 out of 5 stars,"(8)
8 product ratings - TESTED GRAY CDMA + GSM UNLOCKED APPLE iPhone 11 PRO, 256GB A2160 MW9G2LL/A J60T"
517,4.5 out of 5 stars,"(11)
11 product ratings - Apple iPhone XS - 256GB - Gold (GSM Unlocked)"
518,4.5 out of 5 stars,"(23)
23 product ratings - Samsung Galaxy A21 Carrier Unlocked 32GB-4G Single Sim Worldwide (Brand New)"
519,4.5 out of 5 stars,"(98)
98 product ratings - READ DESCRIPTION Google Pixel 1st Gen (Unlocked) Smartphone Android 155"
520,5 out of 5 stars,"(33)
33 product ratings - Apple iPhone SE 64GB - Space Gray (Unlocked Sprint) A1723 (CDMA + GSM) MLMH2LL/A"
521,4.5 out of 5 stars,"(24)
24 product ratings - Apple iPhone 11 Pro Max - 256GB - Silver (Unlocked) A2161 (CDMA + GSM)"
522,4.5 out of 5 stars,"(22)
22 product ratings - UNLOCKED Sony Xperia XA2 Ultra 32GB Black Smartphone 4K Vid+23MP Cam Black B"
523,5 out of 5 stars,"(13)
13 product ratings - Google Pixel 1 Pixel XL 1 Gen Unlocked Android Smartphone GSM + CDMA 32,128, GB"
524,5 out of 5 stars,"(94)
94 product ratings - TESTED BLACK CDMA + GSM UNLOCKED APPLE iPhone XR, 64GB A1984 MT3K2LL/A J190T"
525,5 out of 5 stars,"(57)
57 product ratings - Apple iPhone 8 Plus 64GB Factory Unlocked AT&T Verizon T-Mobile Unlocked"
526,4.5 out of 5 stars,"(40)
40 product ratings - [SEALED] BlackBerry Evolve 64GB Black GSM Unlocked Dual SIM International Model"
527,4.5 out of 5 stars,"(59)
59 product ratings - Apple iPhone 7 Plus - 32GB - A1784 - Gold (Unlocked)"
528,4.5 out of 5 stars,"(98)
98 product ratings - Apple iPhone 7 Plus - 32GB - Rose Gold (T-Mobile) (Unlocked)"
529,4.5 out of 5 stars,"(58)
58 product ratings - Apple iPhone 7 Plus - A1784 - 128GB - Gold (Unlocked)"
530,4.5 out of 5 stars,"(1)
1 product ratings - Apple iPhone 7 32GB Unlocked Smartphone AT&T Verizon T-Mobile Factory Unlocked"
531,4.5 out of 5 stars,"(257)
257 product ratings - **NEW** SAMSUNG GALAXY S10 SM-G973U1 - 128GB - Prism Black (Unlocked)"
532,4.5 out of 5 stars,"(43)
43 product ratings - Google - Pixel 3 with 64GB Memory Cell Phone (Unlocked) - Not Pink - New SEALED"
533,4.5 out of 5 stars,"(15)
15 product ratings - Apple iPhone 7 Unlocked 32GB Black - AT&T T-Mobile Verizon GSM Unlocked"
534,5 out of 5 stars,"(4)
4 product ratings - Google - Pixel 3 XL with 128GB Memory Cell Phone (Unlocked) - Not Pink"
535,4.5 out of 5 stars,"(58)
58 product ratings - Google Pixel 3 Pixel 3 XL 64GB CDMA + GSM Unlocked 4G LTE Android Smartphone"
536,4.5 out of 5 stars,"(1)
1 product ratings - Apple iPhone 7 32GB Factory Unlocked 4G LTE iOS WiFi Smartphone"
537,5 out of 5 stars,"(1)
1 product ratings - Caterpillar CAT B26 (Factory Unlocked) Waterproof Rugged GSM ONLY DUAL SIM NEW"
538,4.5 out of 5 stars,"(1)
1 product ratings - Apple iPhone 8 64GB GSM Factory Unlocked Smartphone"
539,4.5 out of 5 stars,"(4)
4 product ratings - Google - Pixel 3 XL with 128GB Memory Cell Phone (Unlocked) - Just Black"
540,5 out of 5 stars,"(117)
117 product ratings - Apple iPhone 7 Plus - 128GB - Jet Black (ATT) A1784 (GSM)"
541,5 out of 5 stars,"(45)
45 product ratings - TESTED BLACK CDMA + GSM UNLOCKED APPLE iPhone 11, 128GB A2111 MWLE2LL/A J245T"
542,5 out of 5 stars,"(14)
14 product ratings - Samsung Galaxy Z Flip 256GB Mirror Black Unlocked **FREE Accessories & Shipping*"
543,4.5 out of 5 stars,"(200)
200 product ratings - FOUR TESTED GSM UNLOCKED SPACE GRAY APPLE iPhone 8, 64GB A1905 PHONES R385P"
544,4.5 out of 5 stars,"(17)
17 product ratings - Apple iPhone 8 64GB Unlocked Smartphone AT&T Verizon T-Mobile Factory Unlocked"
545,4.5 out of 5 stars,"(19)
19 product ratings - MINT Samsung Galaxy A71 5G UW SM-A716V - 128GB - Prism Bricks Black (Verizon)"
546,4.5 out of 5 stars,"(20)
20 product ratings - Apple iPhone XR - 64GB - White (T-Mobile) A1984 (CDMA + GSM)"
547,4.5 out of 5 stars,"(9)
9 product ratings - CAT S60 - 32GB - Black (Unlocked) Smartphone (Dual SIM)"
548,4.5 out of 5 stars,"(174)
174 product ratings - Apple iPhone 8 64GB Unlocked A1905 GSM - Space Gray - Used - Excellent Condition"
549,4.5 out of 5 stars,"(216)
216 product ratings - Apple iPhone X - Silver (64 GB) UNLOCKED"
550,5 out of 5 stars,"(33)
33 product ratings - LG Stylo 6 Unlocked Worldwide 64GB/3GBRam/13MP Camera(Brand New)"
551,5 out of 5 stars,"(5)
5 product ratings - Google Pixel 3 XL 64GB Unlocked - Used - White"
552,4.5 out of 5 stars,"(126)
126 product ratings - Apple iPhone XR - 64GB - White (Unlocked) A1984 (CDMA + GSM)"
553,4.5 out of 5 stars,"(4)
4 product ratings - Samsung S21 Ultra * UNLOCKED & MINT * Extras Included"
554,4.5 out of 5 stars,"(8)
8 product ratings - TESTED GRAY CDMA + GSM UNLOCKED APPLE iPhone 11 PRO, 256GB A2160 MW9G2LL/A J60T"
555,4.5 out of 5 stars,"(11)
11 product ratings - Apple iPhone XS - 256GB - Gold (GSM Unlocked)"
556,4.5 out of 5 stars,"(23)
23 product ratings - Samsung Galaxy A21 Carrier Unlocked 32GB-4G Single Sim Worldwide (Brand New)"
557,5 out of 5 stars,"(98)
98 product ratings - READ DESCRIPTION Google Pixel 1st Gen (Unlocked) Smartphone Android 155"
558,4.5 out of 5 stars,"(33)
33 product ratings - Apple iPhone SE 64GB - Space Gray (Unlocked Sprint) A1723 (CDMA + GSM) MLMH2LL/A"
559,4.5 out of 5 stars,"(24)
24 product ratings - Apple iPhone 11 Pro Max - 256GB - Silver (Unlocked) A2161 (CDMA + GSM)"
560,5 out of 5 stars,"(22)
22 product ratings - UNLOCKED Sony Xperia XA2 Ultra 32GB Black Smartphone 4K Vid+23MP Cam Black B"
561,5 out of 5 stars,"(13)
13 product ratings - Google Pixel 1 Pixel XL 1 Gen Unlocked Android Smartphone GSM + CDMA 32,128, GB"
562,5 out of 5 stars,"(94)
94 product ratings - TESTED BLACK CDMA + GSM UNLOCKED APPLE iPhone XR, 64GB A1984 MT3K2LL/A J190T"
563,4.5 out of 5 stars,"(57)
57 product ratings - Apple iPhone 8 Plus 64GB Factory Unlocked AT&T Verizon T-Mobile Unlocked"
564,4.5 out of 5 stars,"(40)
40 product ratings - [SEALED] BlackBerry Evolve 64GB Black GSM Unlocked Dual SIM International Model"
565,4.5 out of 5 stars,"(59)
59 product ratings - Apple iPhone 7 Plus - 32GB - A1784 - Gold (Unlocked)"
566,4.5 out of 5 stars,"(98)
98 product ratings - Apple iPhone 7 Plus - 32GB - Rose Gold (T-Mobile) (Unlocked)"
567,4.5 out of 5 stars,"(58)
58 product ratings - Apple iPhone 7 Plus - A1784 - 128GB - Gold (Unlocked)"
568,4.5 out of 5 stars,"(1)
1 product ratings - Apple iPhone 7 32GB Unlocked Smartphone AT&T Verizon T-Mobile Factory Unlocked"
569,4.5 out of 5 stars,"(257)
257 product ratings - **NEW** SAMSUNG GALAXY S10 SM-G973U1 - 128GB - Prism Black (Unlocked)"
570,4.5 out of 5 stars,"(43)
43 product ratings - Google - Pixel 3 with 64GB Memory Cell Phone (Unlocked) - Not Pink - New SEALED"
571,5 out of 5 stars,"(15)
15 product ratings - Apple iPhone 7 Unlocked 32GB Black - AT&T T-Mobile Verizon GSM Unlocked"
572,4.5 out of 5 stars,"(4)
4 product ratings - Google - Pixel 3 XL with 128GB Memory Cell Phone (Unlocked) - Not Pink"
573,4.5 out of 5 stars,"(58)
58 product ratings - Google Pixel 3 Pixel 3 XL 64GB CDMA + GSM Unlocked 4G LTE Android Smartphone"
574,5 out of 5 stars,"(1)
1 product ratings - Apple iPhone 7 32GB Factory Unlocked 4G LTE iOS WiFi Smartphone"
575,4.5 out of 5 stars,"(1)
1 product ratings - Caterpillar CAT B26 (Factory Unlocked) Waterproof Rugged GSM ONLY DUAL SIM NEW"
576,4.5 out of 5 stars,"(1)
1 product ratings - Apple iPhone 8 64GB GSM Factory Unlocked Smartphone"
577,5 out of 5 stars,"(4)
4 product ratings - Google - Pixel 3 XL with 128GB Memory Cell Phone (Unlocked) - Just Black"
578,5 out of 5 stars,"(117)
117 product ratings - Apple iPhone 7 Plus - 128GB - Jet Black (ATT) A1784 (GSM)"
579,5 out of 5 stars,"(45)
45 product ratings - TESTED BLACK CDMA + GSM UNLOCKED APPLE iPhone 11, 128GB A2111 MWLE2LL/A J245T"
580,4.5 out of 5 stars,"(14)
14 product ratings - Samsung Galaxy Z Flip 256GB Mirror Black Unlocked **FREE Accessories & Shipping*"
581,4.5 out of 5 stars,"(200)
200 product ratings - FOUR TESTED GSM UNLOCKED SPACE GRAY APPLE iPhone 8, 64GB A1905 PHONES R385P"
582,4.5 out of 5 stars,"(17)
17 product ratings - Apple iPhone 8 64GB Unlocked Smartphone AT&T Verizon T-Mobile Factory Unlocked"
583,4.5 out of 5 stars,"(19)
19 product ratings - MINT Samsung Galaxy A71 5G UW SM-A716V - 128GB - Prism Bricks Black (Verizon)"
584,4.5 out of 5 stars,"(20)
20 product ratings - Apple iPhone XR - 64GB - White (T-Mobile) A1984 (CDMA + GSM)"
585,4.5 out of 5 stars,"(9)
9 product ratings - CAT S60 - 32GB - Black (Unlocked) Smartphone (Dual SIM)"
586,4.5 out of 5 stars,"(174)
174 product ratings - Apple iPhone 8 64GB Unlocked A1905 GSM - Space Gray - Used - Excellent Condition"
587,5 out of 5 stars,"(216)
216 product ratings - Apple iPhone X - Silver (64 GB) UNLOCKED"
588,5 out of 5 stars,"(33)
33 product ratings - LG Stylo 6 Unlocked Worldwide 64GB/3GBRam/13MP Camera(Brand New)"
589,4.5 out of 5 stars,"(5)
5 product ratings - Google Pixel 3 XL 64GB Unlocked - Used - White"
590,4.5 out of 5 stars,"(126)
126 product ratings - Apple iPhone XR - 64GB - White (Unlocked) A1984 (CDMA + GSM)"
591,4.5 out of 5 stars,"(4)
4 product ratings - Samsung S21 Ultra * UNLOCKED & MINT * Extras Included"
592,4.5 out of 5 stars,"(8)
8 product ratings - TESTED GRAY CDMA + GSM UNLOCKED APPLE iPhone 11 PRO, 256GB A2160 MW9G2LL/A J60T"
593,4.5 out of 5 stars,"(11)
11 product ratings - Apple iPhone XS - 256GB - Gold (GSM Unlocked)"
594,5 out of 5 stars,"(23)
23 product ratings - Samsung Galaxy A21 Carrier Unlocked 32GB-4G Single Sim Worldwide (Brand New)"
595,4.5 out of 5 stars,"(98)
98 product ratings - READ DESCRIPTION Google Pixel 1st Gen (Unlocked) Smartphone Android 155"
596,4.5 out of 5 stars,"(33)
33 product ratings - Apple iPhone SE 64GB - Space Gray (Unlocked Sprint) A1723 (CDMA + GSM) MLMH2LL/A"
597,5 out of 5 stars,"(24)
24 product ratings - Apple iPhone 11 Pro Max - 256GB - Silver (Unlocked) A2161 (CDMA + GSM)"
598,5 out of 5 stars,"(22)
22 product ratings - UNLOCKED Sony Xperia XA2 Ultra 32GB Black Smartphone 4K Vid+23MP Cam Black B"
599,5 out of 5 stars,"(13)
13 product ratings - Google Pixel 1 Pixel XL 1 Gen Unlocked Android Smartphone GSM + CDMA 32,128, GB"
600,4.5 out of 5 stars,"(94)
94 product ratings - TESTED BLACK CDMA + GSM UNLOCKED APPLE iPhone XR, 64GB A1984 MT3K2LL/A J190T"
601,4.5 out of 5 stars,"(57)
57 product ratings - Apple iPhone 8 Plus 64GB Factory Unlocked AT&T Verizon T-Mobile Unlocked"
602,4.5 out of 5 stars,"(40)
40 product ratings - [SEALED] BlackBerry Evolve 64GB Black GSM Unlocked Dual SIM International Model"
603,4.5 out of 5 stars,"(59)
59 product ratings - Apple iPhone 7 Plus - 32GB - A1784 - Gold (Unlocked)"
604,4.5 out of 5 stars,"(98)
98 product ratings - Apple iPhone 7 Plus - 32GB - Rose Gold (T-Mobile) (Unlocked)"
605,4.5 out of 5 stars,"(58)
58 product ratings - Apple iPhone 7 Plus - A1784 - 128GB - Gold (Unlocked)"
606,4.5 out of 5 stars,"(1)
1 product ratings - Apple iPhone 7 32GB Unlocked Smartphone AT&T Verizon T-Mobile Factory Unlocked"
607,4.5 out of 5 stars,"(257)
257 product ratings - **NEW** SAMSUNG GALAXY S10 SM-G973U1 - 128GB - Prism Black (Unlocked)"
608,5 out of 5 stars,"(43)
43 product ratings - Google - Pixel 3 with 64GB Memory Cell Phone (Unlocked) - Not Pink - New SEALED"
609,4.5 out of 5 stars,"(15)
15 product ratings - Apple iPhone 7 Unlocked 32GB Black - AT&T T-Mobile Verizon GSM Unlocked"
610,4.5 out of 5 stars,"(4)
4 product ratings - Google - Pixel 3 XL with 128GB Memory Cell Phone (Unlocked) - Not Pink"
611,5 out of 5 stars,"(58)
58 product ratings - Google Pixel 3 Pixel 3 XL 64GB CDMA + GSM Unlocked 4G LTE Android Smartphone"
612,4.5 out of 5 stars,"(1)
1 product ratings - Apple iPhone 7 32GB Factory Unlocked 4G LTE iOS WiFi Smartphone"
613,4.5 out of 5 stars,"(1)
1 product ratings - Caterpillar CAT B26 (Factory Unlocked) Waterproof Rugged GSM ONLY DUAL SIM NEW"
614,5 out of 5 stars,"(1)
1 product ratings - Apple iPhone 8 64GB GSM Factory Unlocked Smartphone"
615,5 out of 5 stars,"(4)
4 product ratings - Google - Pixel 3 XL with 128GB Memory Cell Phone (Unlocked) - Just Black"
616,5 out of 5 stars,"(117)
117 product ratings - Apple iPhone 7 Plus - 128GB - Jet Black (ATT) A1784 (GSM)"
617,4.5 out of 5 stars,"(45)
45 product ratings - TESTED BLACK CDMA + GSM UNLOCKED APPLE iPhone 11, 128GB A2111 MWLE2LL/A J245T"
618,4.5 out of 5 stars,"(14)
14 product ratings - Samsung Galaxy Z Flip 256GB Mirror Black Unlocked **FREE Accessories & Shipping*"
619,4.5 out of 5 stars,"(200)
200 product ratings - FOUR TESTED GSM UNLOCKED SPACE GRAY APPLE iPhone 8, 64GB A1905 PHONES R385P"
620,4.5 out of 5 stars,"(17)
17 product ratings - Apple iPhone 8 64GB Unlocked Smartphone AT&T Verizon T-Mobile Factory Unlocked"
621,4.5 out of 5 stars,"(19)
19 product ratings - MINT Samsung Galaxy A71 5G UW SM-A716V - 128GB - Prism Bricks Black (Verizon)"
622,4.5 out of 5 stars,"(20)
20 product ratings - Apple iPhone XR - 64GB - White (T-Mobile) A1984 (CDMA + GSM)"
623,4.5 out of 5 stars,"(9)
9 product ratings - CAT S60 - 32GB - Black (Unlocked) Smartphone (Dual SIM)"
624,5 out of 5 stars,"(174)
174 product ratings - Apple iPhone 8 64GB Unlocked A1905 GSM - Space Gray - Used - Excellent Condition"
625,5 out of 5 stars,"(216)
216 product ratings - Apple iPhone X - Silver (64 GB) UNLOCKED"
626,4.5 out of 5 stars,"(33)
33 product ratings - LG Stylo 6 Unlocked Worldwide 64GB/3GBRam/13MP Camera(Brand New)"
627,4.5 out of 5 stars,"(5)
5 product ratings - Google Pixel 3 XL 64GB Unlocked - Used - White"
628,4.5 out of 5 stars,"(126)
126 product ratings - Apple iPhone XR - 64GB - White (Unlocked) A1984 (CDMA + GSM)"
629,4.5 out of 5 stars,"(4)
4 product ratings - Samsung S21 Ultra * UNLOCKED & MINT * Extras Included"
630,4.5 out of 5 stars,"(8)
8 product ratings - TESTED GRAY CDMA + GSM UNLOCKED APPLE iPhone 11 PRO, 256GB A2160 MW9G2LL/A J60T"
631,5 out of 5 stars,"(11)
11 product ratings - Apple iPhone XS - 256GB - Gold (GSM Unlocked)"
632,4.5 out of 5 stars,"(23)
23 product ratings - Samsung Galaxy A21 Carrier Unlocked 32GB-4G Single Sim Worldwide (Brand New)"
633,4.5 out of 5 stars,"(98)
98 product ratings - READ DESCRIPTION Google Pixel 1st Gen (Unlocked) Smartphone Android 155"
634,5 out of 5 stars,"(33)
33 product ratings - Apple iPhone SE 64GB - Space Gray (Unlocked Sprint) A1723 (CDMA + GSM) MLMH2LL/A"
635,5 out of 5 stars,"(24)
24 product ratings - Apple iPhone 11 Pro Max - 256GB - Silver (Unlocked) A2161 (CDMA + GSM)"
636,5 out of 5 stars,"(22)
22 product ratings - UNLOCKED Sony Xperia XA2 Ultra 32GB Black Smartphone 4K Vid+23MP Cam Black B"
637,4.5 out of 5 stars,"(13)
13 product ratings - Google Pixel 1 Pixel XL 1 Gen Unlocked Android Smartphone GSM + CDMA 32,128, GB"
638,4.5 out of 5 stars,"(94)
94 product ratings - TESTED BLACK CDMA + GSM UNLOCKED APPLE iPhone XR, 64GB A1984 MT3K2LL/A J190T"
639,4.5 out of 5 stars,"(57)
57 product ratings - Apple iPhone 8 Plus 64GB Factory Unlocked AT&T Verizon T-Mobile Unlocked"
640,4.5 out of 5 stars,"(40)
40 product ratings - [SEALED] BlackBerry Evolve 64GB Black GSM Unlocked Dual SIM International Model"
641,4.5 out of 5 stars,"(59)
59 product ratings - Apple iPhone 7 Plus - 32GB - A1784 - Gold (Unlocked)"
642,4.5 out of 5 stars,"(98)
98 product ratings - Apple iPhone 7 Plus - 32GB - Rose Gold (T-Mobile) (Unlocked)"
643,4.5 out of 5 stars,"(58)
58 product ratings - Apple iPhone 7 Plus - A1784 - 128GB - Gold (Unlocked)"
644,4.5 out of 5 stars,"(1)
1 product ratings - Apple iPhone 7 32GB Unlocked Smartphone AT&T Verizon T-Mobile Factory Unlocked"
645,5 out of 5 stars,"(257)
257 product ratings - **NEW** SAMSUNG GALAXY S10 SM-G973U1 - 128GB - Prism Black (Unlocked)"
646,4.5 out of 5 stars,"(43)
43 product ratings - Google - Pixel 3 with 64GB Memory Cell Phone (Unlocked) - Not Pink - New SEALED"
647,4.5 out of 5 stars,"(15)
15 product ratings - Apple iPhone 7 Unlocked 32GB Black - AT&T T-Mobile Verizon GSM Unlocked"
648,5 out of 5 stars,"(4)
4 product ratings - Google - Pixel 3 XL with 128GB Memory Cell Phone (Unlocked) - Not Pink"
649,4.5 out of 5 stars,"(58)
58 product ratings - Google Pixel 3 Pixel 3 XL 64GB CDMA + GSM Unlocked 4G LTE Android Smartphone"
650,4.5 out of 5 stars,"(1)
1 product ratings - Apple iPhone 7 32GB Factory Unlocked 4G LTE iOS WiFi Smartphone"
651,5 out of 5 stars,"(1)
1 product ratings - Caterpillar CAT B26 (Factory Unlocked) Waterproof Rugged GSM ONLY DUAL SIM NEW"
652,5 out of 5 stars,"(1)
1 product ratings - Apple iPhone 8 64GB GSM Factory Unlocked Smartphone"
653,5 out of 5 stars,"(4)
4 product ratings - Google - Pixel 3 XL with 128GB Memory Cell Phone (Unlocked) - Just Black"
654,4.5 out of 5 stars,"(117)
117 product ratings - Apple iPhone 7 Plus - 128GB - Jet Black (ATT) A1784 (GSM)"
655,4.5 out of 5 stars,"(45)
45 product ratings - TESTED BLACK CDMA + GSM UNLOCKED APPLE iPhone 11, 128GB A2111 MWLE2LL/A J245T"
656,4.5 out of 5 stars,"(14)
14 product ratings - Samsung Galaxy Z Flip 256GB Mirror Black Unlocked **FREE Accessories & Shipping*"
657,4.5 out of 5 stars,"(200)
200 product ratings - FOUR TESTED GSM UNLOCKED SPACE GRAY APPLE iPhone 8, 64GB A1905 PHONES R385P"
658,4.5 out of 5 stars,"(17)
17 product ratings - Apple iPhone 8 64GB Unlocked Smartphone AT&T Verizon T-Mobile Factory Unlocked"
659,4.5 out of 5 stars,"(19)
19 product ratings - MINT Samsung Galaxy A71 5G UW SM-A716V - 128GB - Prism Bricks Black (Verizon)"
660,4.5 out of 5 stars,"(20)
20 product ratings - Apple iPhone XR - 64GB - White (T-Mobile) A1984 (CDMA + GSM)"
661,5 out of 5 stars,"(9)
9 product ratings - CAT S60 - 32GB - Black (Unlocked) Smartphone (Dual SIM)"
662,5 out of 5 stars,"(174)
174 product ratings - Apple iPhone 8 64GB Unlocked A1905 GSM - Space Gray - Used - Excellent Condition"
663,4.5 out of 5 stars,"(216)
216 product ratings - Apple iPhone X - Silver (64 GB) UNLOCKED"
664,4.5 out of 5 stars,"(33)
33 product ratings - LG Stylo 6 Unlocked Worldwide 64GB/3GBRam/13MP Camera(Brand New)"
665,4.5 out of 5 stars,"(5)
5 product ratings - Google Pixel 3 XL 64GB Unlocked - Used - White"
666,4.5 out of 5 stars,"(126)
126 product ratings - Apple iPhone XR - 64GB - White (Unlocked) A1984 (CDMA + GSM)"
667,4.5 out of 5 stars,"(4)
4 product ratings - Samsung S21 Ultra * UNLOCKED & MINT * Extras Included"
668,5 out of 5 stars,"(8)
8 product ratings - TESTED GRAY CDMA + GSM UNLOCKED APPLE iPhone 11 PRO, 256GB A2160 MW9G2LL/A J60T"
669,4.5 out of 5 stars,"(11)
11 product ratings - Apple iPhone XS - 256GB - Gold (GSM Unlocked)"
670,4.5 out of 5 stars,"(23)
23 product ratings - Samsung Galaxy A21 Carrier Unlocked 32GB-4G Single Sim Worldwide (Brand New)"
671,5 out of 5 stars,"(98)
98 product ratings - READ DESCRIPTION Google Pixel 1st Gen (Unlocked) Smartphone Android 155"
672,5 out of 5 stars,"(33)
33 product ratings - Apple iPhone SE 64GB - Space Gray (Unlocked Sprint) A1723 (CDMA + GSM) MLMH2LL/A"
673,5 out of 5 stars,"(24)
24 product ratings - Apple iPhone 11 Pro Max - 256GB - Silver (Unlocked) A2161 (CDMA + GSM)"
674,4.5 out of 5 stars,"(22)
22 product ratings - UNLOCKED Sony Xperia XA2 Ultra 32GB Black Smartphone 4K Vid+23MP Cam Black B"
675,4.5 out of 5 stars,"(13)
13 product ratings - Google Pixel 1 Pixel XL 1 Gen Unlocked Android Smartphone GSM + CDMA 32,128, GB"
676,4.5 out of 5 stars,"(94)
94 product ratings - TESTED BLACK CDMA + GSM UNLOCKED APPLE iPhone XR, 64GB A1984 MT3K2LL/A J190T"
677,4.5 out of 5 stars,"(57)
57 product ratings - Apple iPhone 8 Plus 64GB Factory Unlocked AT&T Verizon T-Mobile Unlocked"
678,4.5 out of 5 stars,"(40)
40 product ratings - [SEALED] BlackBerry Evolve 64GB Black GSM Unlocked Dual SIM International Model"
679,4.5 out of 5 stars,"(59)
59 product ratings - Apple iPhone 7 Plus - 32GB - A1784 - Gold (Unlocked)"
680,4.5 out of 5 stars,"(98)
98 product ratings - Apple iPhone 7 Plus - 32GB - Rose Gold (T-Mobile) (Unlocked)"
681,4.5 out of 5 stars,"(58)
58 product ratings - Apple iPhone 7 Plus - A1784 - 128GB - Gold (Unlocked)"
682,5 out of 5 stars,"(1)
1 product ratings - Apple iPhone 7 32GB Unlocked Smartphone AT&T Verizon T-Mobile Factory Unlocked"
683,4.5 out of 5 stars,"(257)
257 product ratings - **NEW** SAMSUNG GALAXY S10 SM-G973U1 - 128GB - Prism Black (Unlocked)"
684,4.5 out of 5 stars,"(43)
43 product ratings - Google - Pixel 3 with 64GB Memory Cell Phone (Unlocked) - Not Pink - New SEALED"
685,5 out of 5 stars,"(15)
15 product ratings - Apple iPhone 7 Unlocked 32GB Black - AT&T T-Mobile Verizon GSM Unlocked"
686,4.5 out of 5 stars,"(4)
4 product ratings - Google - Pixel 3 XL with 128GB Memory Cell Phone (Unlocked) - Not Pink"
687,4.5 out of 5 stars,"(58)
58 product ratings - Google Pixel 3 Pixel 3 XL 64GB CDMA + GSM Unlocked 4G LTE Android Smartphone"
688,5 out of 5 stars,"(1)
1 product ratings - Apple iPhone 7 32GB Factory Unlocked 4G LTE iOS WiFi Smartphone"
689,5 out of 5 stars,"(1)
1 product ratings - Caterpillar CAT B26 (Factory Unlocked) Waterproof Rugged GSM ONLY DUAL SIM NEW"
690,5 out of 5 stars,"(1)
1 product ratings - Apple iPhone 8 64GB GSM Factory Unlocked Smartphone"
691,4.5 out of 5 stars,"(4)
4 product ratings - Google - Pixel 3 XL with 128GB Memory Cell Phone (Unlocked) - Just Black"
692,4.5 out of 5 stars,"(117)
117 product ratings - Apple iPhone 7 Plus - 128GB - Jet Black (ATT) A1784 (GSM)"
693,4.5 out of 5 stars,"(45)
45 product ratings - TESTED BLACK CDMA + GSM UNLOCKED APPLE iPhone 11, 128GB A2111 MWLE2LL/A J245T"
694,4.5 out of 5 stars,"(14)
14 product ratings - Samsung Galaxy Z Flip 256GB Mirror Black Unlocked **FREE Accessories & Shipping*"
695,4.5 out of 5 stars,"(200)
200 product ratings - FOUR TESTED GSM UNLOCKED SPACE GRAY APPLE iPhone 8, 64GB A1905 PHONES R385P"
696,4.5 out of 5 stars,"(17)
17 product ratings - Apple iPhone 8 64GB Unlocked Smartphone AT&T Verizon T-Mobile Factory Unlocked"
697,4.5 out of 5 stars,"(19)
19 product ratings - MINT Samsung Galaxy A71 5G UW SM-A716V - 128GB - Prism Bricks Black (Verizon)"
698,5 out of 5 stars,"(20)
20 product ratings - Apple iPhone XR - 64GB - White (T-Mobile) A1984 (CDMA + GSM)"
699,5 out of 5 stars,"(9)
9 product ratings - CAT S60 - 32GB - Black (Unlocked) Smartphone (Dual SIM)"
700,4.5 out of 5 stars,"(174)
174 product ratings - Apple iPhone 8 64GB Unlocked A1905 GSM - Space Gray - Used - Excellent Condition"
701,4.5 out of 5 stars,"(216)
216 product ratings - Apple iPhone X - Silver (64 GB) UNLOCKED"
702,4.5 out of 5 stars,"(33)
33 product ratings - LG Stylo 6 Unlocked Worldwide 64GB/3GBRam/13MP Camera(Brand New)"
703,4.5 out of 5 stars,"(5)
5 product ratings - Google Pixel 3 XL 64GB Unlocked - Used - White"
704,4.5 out of 5 stars,"(126)
126 product ratings - Apple iPhone XR - 64GB - White (Unlocked) A1984 (CDMA + GSM)"
705,5 out of 5 stars,"(4)
4 product ratings - Samsung S21 Ultra * UNLOCKED & MINT * Extras Included"
706,4.5 out of 5 stars,"(8)
8 product ratings - TESTED GRAY CDMA + GSM UNLOCKED APPLE iPhone 11 PRO, 256GB A2160 MW9G2LL/A J60T"
707,4.5 out of 5 stars,"(11)
11 product ratings - Apple iPhone XS - 256GB - Gold (GSM Unlocked)"
708,5 out of 5 stars,"(23)
23 product ratings - Samsung Galaxy A21 Carrier Unlocked 32GB-4G Single Sim Worldwide (Brand New)"
709,5 out of 5 stars,"(98)
98 product ratings - READ DESCRIPTION Google Pixel 1st Gen (Unlocked) Smartphone Android 155"
710,5 out of 5 stars,"(33)
33 product ratings - Apple iPhone SE 64GB - Space Gray (Unlocked Sprint) A1723 (CDMA + GSM) MLMH2LL/A"
711,4.5 out of 5 stars,"(24)
24 product ratings - Apple iPhone 11 Pro Max - 256GB - Silver (Unlocked) A2161 (CDMA + GSM)"
712,4.5 out of 5 stars,"(22)
22 product ratings - UNLOCKED Sony Xperia XA2 Ultra 32GB Black Smartphone 4K Vid+23MP Cam Black B"
713,4.5 out of 5 stars,"(13)
13 product ratings - Google Pixel 1 Pixel XL 1 Gen Unlocked Android Smartphone GSM + CDMA 32,128, GB"
714,4.5 out of 5 stars,"(94)
94 product ratings - TESTED BLACK CDMA + GSM UNLOCKED APPLE iPhone XR, 64GB A1984 MT3K2LL/A J190T"
715,4.5 out of 5 stars,"(57)
57 product ratings - Apple iPhone 8 Plus 64GB Factory Unlocked AT&T Verizon T-Mobile Unlocked"
716,4.5 out of 5 stars,"(40)
40 product ratings - [SEALED] BlackBerry Evolve 64GB Black GSM Unlocked Dual SIM International Model"
717,4.5 out of 5 stars,"(59)
59 product ratings - Apple iPhone 7 Plus - 32GB - A1784 - Gold (Unlocked)"
718,4.5 out of 5 stars,"(98)
98 product ratings - Apple iPhone 7 Plus - 32GB - Rose Gold (T-Mobile) (Unlocked)"
719,5 out of 5 stars,"(58)
58 product ratings - Apple iPhone 7 Plus - A1784 - 128GB - Gold (Unlocked)"
720,4.5 out of 5 stars,"(1)
1 product ratings - Apple iPhone 7 32GB Unlocked Smartphone AT&T Verizon T-Mobile Factory Unlocked"
721,4.5 out of 5 stars,"(257)
257 product ratings - **NEW** SAMSUNG GALAXY S10 SM-G973U1 - 128GB - Prism Black (Unlocked)"
722,5 out of 5 stars,"(43)
43 product ratings - Google - Pixel 3 with 64GB Memory Cell Phone (Unlocked) - Not Pink - New SEALED"
723,4.5 out of 5 stars,"(15)
15 product ratings - Apple iPhone 7 Unlocked 32GB Black - AT&T T-Mobile Verizon GSM Unlocked"
724,4.5 out of 5 stars,"(4)
4 product ratings - Google - Pixel 3 XL with 128GB Memory Cell Phone (Unlocked) - Not Pink"
725,5 out of 5 stars,"(58)
58 product ratings - Google Pixel 3 Pixel 3 XL 64GB CDMA + GSM Unlocked 4G LTE Android Smartphone"
726,5 out of 5 stars,"(1)
1 product ratings - Apple iPhone 7 32GB Factory Unlocked 4G LTE iOS WiFi Smartphone"
727,5 out of 5 stars,"(1)
1 product ratings - Caterpillar CAT B26 (Factory Unlocked) Waterproof Rugged GSM ONLY DUAL SIM NEW"
728,4.5 out of 5 stars,"(1)
1 product ratings - Apple iPhone 8 64GB GSM Factory Unlocked Smartphone"
729,4.5 out of 5 stars,"(4)
4 product ratings - Google - Pixel 3 XL with 128GB Memory Cell Phone (Unlocked) - Just Black"
730,4.5 out of 5 stars,"(117)
117 product ratings - Apple iPhone 7 Plus - 128GB - Jet Black (ATT) A1784 (GSM)"
731,4.5 out of 5 stars,"(45)
45 product ratings - TESTED BLACK CDMA + GSM UNLOCKED APPLE iPhone 11, 128GB A2111 MWLE2LL/A J245T"
732,4.5 out of 5 stars,"(14)
14 product ratings - Samsung Galaxy Z Flip 256GB Mirror Black Unlocked **FREE Accessories & Shipping*"
733,4.5 out of 5 stars,"(200)
200 product ratings - FOUR TESTED GSM UNLOCKED SPACE GRAY APPLE iPhone 8, 64GB A1905 PHONES R385P"
734,4.5 out of 5 stars,"(17)
17 product ratings - Apple iPhone 8 64GB Unlocked Smartphone AT&T Verizon T-Mobile Factory Unlocked"
735,5 out of 5 stars,"(19)
19 product ratings - MINT Samsung Galaxy A71 5G UW SM-A716V - 128GB - Prism Bricks Black (Verizon)"
736,5 out of 5 stars,"(20)
20 product ratings - Apple iPhone XR - 64GB - White (T-Mobile) A1984 (CDMA + GSM)"
737,4.5 out of 5 stars,"(9)
9 product ratings - CAT S60 - 32GB - Black (Unlocked) Smartphone (Dual SIM)"
738,4.5 out of 5 stars,"(174)
174 product ratings - Apple iPhone 8 64GB Unlocked A1905 GSM - Space Gray - Used - Excellent Condition"
739,4.5 out of 5 stars,"(216)
216 product ratings - Apple iPhone X - Silver (64 GB) UNLOCKED"
740,4.5 out of 5 stars,"(33)
33 product ratings - LG Stylo 6 Unlocked Worldwide 64GB/3GBRam/13MP Camera(Brand New)"
741,4.5 out of 5 stars,"(5)
5 product ratings - Google Pixel 3 XL 64GB Unlocked - Used - White"
742,5 out of 5 stars,"(126)
126 product ratings - Apple iPhone XR - 64GB - White (Unlocked) A1984 (CDMA + GSM)"
743,4.5 out of 5 stars,"(4)
4 product ratings - Samsung S21 Ultra * UNLOCKED & MINT * Extras Included"
744,5 out of 5 stars,"(8)
8 product ratings - TESTED GRAY CDMA + GSM UNLOCKED APPLE iPhone 11 PRO, 256GB A2160 MW9G2LL/A J60T"
745,5 out of 5 stars,"(11)
11 product ratings - Apple iPhone XS - 256GB - Gold (GSM Unlocked)"
746,5 out of 5 stars,"(23)
23 product ratings - Samsung Galaxy A21 Carrier Unlocked 32GB-4G Single Sim Worldwide (Brand New)"
747,4.5 out of 5 stars,"(98)
98 product ratings - READ DESCRIPTION Google Pixel 1st Gen (Unlocked) Smartphone Android 155"
748,4.5 out of 5 stars,"(33)
33 product ratings - Apple iPhone SE 64GB - Space Gray (Unlocked Sprint) A1723 (CDMA + GSM) MLMH2LL/A"
749,4.5 out of 5 stars,"(24)
24 product ratings - Apple iPhone 11 Pro Max - 256GB - Silver (Unlocked) A2161 (CDMA + GSM)"
750,4.5 out of 5 stars,"(22)
22 product ratings - UNLOCKED Sony Xperia XA2 Ultra 32GB Black Smartphone 4K Vid+23MP Cam Black B"
751,4.5 out of 5 stars,"(13)
13 product ratings - Google Pixel 1 Pixel XL 1 Gen Unlocked Android Smartphone GSM + CDMA 32,128, GB"
752,4.5 out of 5 stars,"(94)
94 product ratings - TESTED BLACK CDMA + GSM UNLOCKED APPLE iPhone XR, 64GB A1984 MT3K2LL/A J190T"
753,4.5 out of 5 stars,"(57)
57 product ratings - Apple iPhone 8 Plus 64GB Factory Unlocked AT&T Verizon T-Mobile Unlocked"
754,4.5 out of 5 stars,"(40)
40 product ratings - [SEALED] BlackBerry Evolve 64GB Black GSM Unlocked Dual SIM International Model"
755,5 out of 5 stars,"(59)
59 product ratings - Apple iPhone 7 Plus - 32GB - A1784 - Gold (Unlocked)"
756,4.5 out of 5 stars,"(98)
98 product ratings - Apple iPhone 7 Plus - 32GB - Rose Gold (T-Mobile) (Unlocked)"
757,4.5 out of 5 stars,"(58)
58 product ratings - Apple iPhone 7 Plus - A1784 - 128GB - Gold (Unlocked)"
758,5 out of 5 stars,"(1)
1 product ratings - Apple iPhone 7 32GB Unlocked Smartphone AT&T Verizon T-Mobile Factory Unlocked"
759,4.5 out of 5 stars,"(257)
257 product ratings - **NEW** SAMSUNG GALAXY S10 SM-G973U1 - 128GB - Prism Black (Unlocked)"
