,ebay4,review&rating
0,4.5 out of 5 stars,"(43)
43 product ratings - Google - Pixel 3 with 64GB Memory Cell Phone (Unlocked) - Not Pink - New SEALED"
1,4.5 out of 5 stars,"(15)
15 product ratings - Apple iPhone 7 Unlocked 32GB Black - AT&T T-Mobile Verizon GSM Unlocked"
2,5 out of 5 stars,"(4)
4 product ratings - Google - Pixel 3 XL with 128GB Memory Cell Phone (Unlocked) - Not Pink"
3,4.5 out of 5 stars,"(58)
58 product ratings - Google Pixel 3 Pixel 3 XL 64GB CDMA + GSM Unlocked 4G LTE Android Smartphone"
4,4.5 out of 5 stars,"(17)
17 product ratings - Apple iPhone 8 64GB Unlocked Smartphone AT&T Verizon T-Mobile Factory Unlocked"
5,5 out of 5 stars,"(1)
1 product ratings - Apple iPhone 7 32GB Factory Unlocked 4G LTE iOS WiFi Smartphone"
6,5 out of 5 stars,"(1)
1 product ratings - Caterpillar CAT B26 (Factory Unlocked) Waterproof Rugged GSM ONLY DUAL SIM NEW"
7,5 out of 5 stars,"(1)
1 product ratings - Apple iPhone 8 64GB GSM Factory Unlocked Smartphone"
8,4.5 out of 5 stars,"(4)
4 product ratings - Google - Pixel 3 XL with 128GB Memory Cell Phone (Unlocked) - Just Black"
9,4.5 out of 5 stars,"(117)
117 product ratings - Apple iPhone 7 Plus - 128GB - Jet Black (ATT) A1784 (GSM)"
10,4.5 out of 5 stars,"(45)
45 product ratings - TESTED BLACK CDMA + GSM UNLOCKED APPLE iPhone 11, 128GB A2111 MWLE2LL/A J245T"
11,4.5 out of 5 stars,"(14)
14 product ratings - Samsung Galaxy Z Flip 256GB Mirror Black Unlocked **FREE Accessories & Shipping*"
12,4.5 out of 5 stars,"(19)
19 product ratings - MINT Samsung Galaxy A71 5G UW SM-A716V - 128GB - Prism Bricks Black (Verizon)"
13,4.5 out of 5 stars,"(57)
57 product ratings - Apple iPhone 8 Plus 64GB Factory Unlocked AT&T Verizon T-Mobile Unlocked"
14,4.5 out of 5 stars,"(200)
200 product ratings - FOUR TESTED GSM UNLOCKED SPACE GRAY APPLE iPhone 8, 64GB A1905 PHONES R385P"
15,4.5 out of 5 stars,"(20)
20 product ratings - Apple iPhone XR - 64GB - White (T-Mobile) A1984 (CDMA + GSM)"
16,5 out of 5 stars,"(126)
126 product ratings - Apple iPhone XR - 64GB - White (Unlocked) A1984 (CDMA + GSM)"
17,4.5 out of 5 stars,"(9)
9 product ratings - CAT S60 - 32GB - Black (Unlocked) Smartphone (Dual SIM)"
18,4.5 out of 5 stars,"(174)
174 product ratings - Apple iPhone 8 64GB Unlocked A1905 GSM - Space Gray - Used - Excellent Condition"
19,5 out of 5 stars,"(216)
216 product ratings - Apple iPhone X - Silver (64 GB) UNLOCKED"
20,4.5 out of 5 stars,"(33)
33 product ratings - LG Stylo 6 Unlocked Worldwide 64GB/3GBRam/13MP Camera(Brand New)"
21,4.5 out of 5 stars,"(5)
5 product ratings - Google Pixel 3 XL 64GB Unlocked - Used - White"
22,5 out of 5 stars,"(4)
4 product ratings - Samsung S21 Ultra * UNLOCKED & MINT * Extras Included"
23,5 out of 5 stars,"(8)
8 product ratings - TESTED GRAY CDMA + GSM UNLOCKED APPLE iPhone 11 PRO, 256GB A2160 MW9G2LL/A J60T"
24,5 out of 5 stars,"(11)
11 product ratings - Apple iPhone XS - 256GB - Gold (GSM Unlocked)"
25,4.5 out of 5 stars,"(23)
23 product ratings - Samsung Galaxy A21 Carrier Unlocked 32GB-4G Single Sim Worldwide (Brand New)"
26,4.5 out of 5 stars,"(98)
98 product ratings - READ DESCRIPTION Google Pixel 1st Gen (Unlocked) Smartphone Android 155"
27,4.5 out of 5 stars,"(33)
33 product ratings - Apple iPhone SE 64GB - Space Gray (Unlocked Sprint) A1723 (CDMA + GSM) MLMH2LL/A"
28,4.5 out of 5 stars,"(24)
24 product ratings - Apple iPhone 11 Pro Max - 256GB - Silver (Unlocked) A2161 (CDMA + GSM)"
29,4.5 out of 5 stars,"(22)
22 product ratings - UNLOCKED Sony Xperia XA2 Ultra 32GB Black Smartphone 4K Vid+23MP Cam Black B"
30,4.5 out of 5 stars,"(13)
13 product ratings - Google Pixel 1 Pixel XL 1 Gen Unlocked Android Smartphone GSM + CDMA 32,128, GB"
31,4.5 out of 5 stars,"(1)
1 product ratings - Apple iPhone 7 32GB Unlocked Smartphone AT&T Verizon T-Mobile Factory Unlocked"
32,5 out of 5 stars,"(94)
94 product ratings - TESTED BLACK CDMA + GSM UNLOCKED APPLE iPhone XR, 64GB A1984 MT3K2LL/A J190T"
33,5 out of 5 stars,"(40)
40 product ratings - [SEALED] BlackBerry Evolve 64GB Black GSM Unlocked Dual SIM International Model"
34,4.5 out of 5 stars,"(59)
59 product ratings - Apple iPhone 7 Plus - 32GB - A1784 - Gold (Unlocked)"
35,4.5 out of 5 stars,"(98)
98 product ratings - Apple iPhone 7 Plus - 32GB - Rose Gold (T-Mobile) (Unlocked)"
36,4.5 out of 5 stars,"(58)
58 product ratings - Apple iPhone 7 Plus - A1784 - 128GB - Gold (Unlocked)"
37,4.5 out of 5 stars,"(43)
43 product ratings - Google - Pixel 3 with 64GB Memory Cell Phone (Unlocked) - Not Pink - New SEALED"
38,4.5 out of 5 stars,"(15)
15 product ratings - Apple iPhone 7 Unlocked 32GB Black - AT&T T-Mobile Verizon GSM Unlocked"
39,5 out of 5 stars,"(4)
4 product ratings - Google - Pixel 3 XL with 128GB Memory Cell Phone (Unlocked) - Not Pink"
40,4.5 out of 5 stars,"(58)
58 product ratings - Google Pixel 3 Pixel 3 XL 64GB CDMA + GSM Unlocked 4G LTE Android Smartphone"
41,4.5 out of 5 stars,"(17)
17 product ratings - Apple iPhone 8 64GB Unlocked Smartphone AT&T Verizon T-Mobile Factory Unlocked"
42,5 out of 5 stars,"(1)
1 product ratings - Apple iPhone 7 32GB Factory Unlocked 4G LTE iOS WiFi Smartphone"
43,5 out of 5 stars,"(1)
1 product ratings - Caterpillar CAT B26 (Factory Unlocked) Waterproof Rugged GSM ONLY DUAL SIM NEW"
44,5 out of 5 stars,"(1)
1 product ratings - Apple iPhone 8 64GB GSM Factory Unlocked Smartphone"
45,4.5 out of 5 stars,"(4)
4 product ratings - Google - Pixel 3 XL with 128GB Memory Cell Phone (Unlocked) - Just Black"
46,4.5 out of 5 stars,"(117)
117 product ratings - Apple iPhone 7 Plus - 128GB - Jet Black (ATT) A1784 (GSM)"
47,4.5 out of 5 stars,"(45)
45 product ratings - TESTED BLACK CDMA + GSM UNLOCKED APPLE iPhone 11, 128GB A2111 MWLE2LL/A J245T"
48,4.5 out of 5 stars,"(14)
14 product ratings - Samsung Galaxy Z Flip 256GB Mirror Black Unlocked **FREE Accessories & Shipping*"
49,4.5 out of 5 stars,"(19)
19 product ratings - MINT Samsung Galaxy A71 5G UW SM-A716V - 128GB - Prism Bricks Black (Verizon)"
50,4.5 out of 5 stars,"(57)
57 product ratings - Apple iPhone 8 Plus 64GB Factory Unlocked AT&T Verizon T-Mobile Unlocked"
51,4.5 out of 5 stars,"(200)
200 product ratings - FOUR TESTED GSM UNLOCKED SPACE GRAY APPLE iPhone 8, 64GB A1905 PHONES R385P"
52,4.5 out of 5 stars,"(20)
20 product ratings - Apple iPhone XR - 64GB - White (T-Mobile) A1984 (CDMA + GSM)"
53,5 out of 5 stars,"(126)
126 product ratings - Apple iPhone XR - 64GB - White (Unlocked) A1984 (CDMA + GSM)"
54,4.5 out of 5 stars,"(9)
9 product ratings - CAT S60 - 32GB - Black (Unlocked) Smartphone (Dual SIM)"
55,4.5 out of 5 stars,"(174)
174 product ratings - Apple iPhone 8 64GB Unlocked A1905 GSM - Space Gray - Used - Excellent Condition"
56,5 out of 5 stars,"(216)
216 product ratings - Apple iPhone X - Silver (64 GB) UNLOCKED"
57,4.5 out of 5 stars,"(33)
33 product ratings - LG Stylo 6 Unlocked Worldwide 64GB/3GBRam/13MP Camera(Brand New)"
58,4.5 out of 5 stars,"(5)
5 product ratings - Google Pixel 3 XL 64GB Unlocked - Used - White"
59,5 out of 5 stars,"(4)
4 product ratings - Samsung S21 Ultra * UNLOCKED & MINT * Extras Included"
60,5 out of 5 stars,"(8)
8 product ratings - TESTED GRAY CDMA + GSM UNLOCKED APPLE iPhone 11 PRO, 256GB A2160 MW9G2LL/A J60T"
61,5 out of 5 stars,"(11)
11 product ratings - Apple iPhone XS - 256GB - Gold (GSM Unlocked)"
62,4.5 out of 5 stars,"(23)
23 product ratings - Samsung Galaxy A21 Carrier Unlocked 32GB-4G Single Sim Worldwide (Brand New)"
63,4.5 out of 5 stars,"(98)
98 product ratings - READ DESCRIPTION Google Pixel 1st Gen (Unlocked) Smartphone Android 155"
64,4.5 out of 5 stars,"(33)
33 product ratings - Apple iPhone SE 64GB - Space Gray (Unlocked Sprint) A1723 (CDMA + GSM) MLMH2LL/A"
65,4.5 out of 5 stars,"(24)
24 product ratings - Apple iPhone 11 Pro Max - 256GB - Silver (Unlocked) A2161 (CDMA + GSM)"
66,4.5 out of 5 stars,"(22)
22 product ratings - UNLOCKED Sony Xperia XA2 Ultra 32GB Black Smartphone 4K Vid+23MP Cam Black B"
67,4.5 out of 5 stars,"(13)
13 product ratings - Google Pixel 1 Pixel XL 1 Gen Unlocked Android Smartphone GSM + CDMA 32,128, GB"
68,4.5 out of 5 stars,"(1)
1 product ratings - Apple iPhone 7 32GB Unlocked Smartphone AT&T Verizon T-Mobile Factory Unlocked"
69,5 out of 5 stars,"(94)
94 product ratings - TESTED BLACK CDMA + GSM UNLOCKED APPLE iPhone XR, 64GB A1984 MT3K2LL/A J190T"
70,5 out of 5 stars,"(40)
40 product ratings - [SEALED] BlackBerry Evolve 64GB Black GSM Unlocked Dual SIM International Model"
71,4.5 out of 5 stars,"(59)
59 product ratings - Apple iPhone 7 Plus - 32GB - A1784 - Gold (Unlocked)"
72,4.5 out of 5 stars,"(98)
98 product ratings - Apple iPhone 7 Plus - 32GB - Rose Gold (T-Mobile) (Unlocked)"
73,4.5 out of 5 stars,"(58)
58 product ratings - Apple iPhone 7 Plus - A1784 - 128GB - Gold (Unlocked)"
74,4.5 out of 5 stars,"(43)
43 product ratings - Google - Pixel 3 with 64GB Memory Cell Phone (Unlocked) - Not Pink - New SEALED"
75,4.5 out of 5 stars,"(15)
15 product ratings - Apple iPhone 7 Unlocked 32GB Black - AT&T T-Mobile Verizon GSM Unlocked"
76,5 out of 5 stars,"(4)
4 product ratings - Google - Pixel 3 XL with 128GB Memory Cell Phone (Unlocked) - Not Pink"
77,4.5 out of 5 stars,"(58)
58 product ratings - Google Pixel 3 Pixel 3 XL 64GB CDMA + GSM Unlocked 4G LTE Android Smartphone"
78,4.5 out of 5 stars,"(17)
17 product ratings - Apple iPhone 8 64GB Unlocked Smartphone AT&T Verizon T-Mobile Factory Unlocked"
79,5 out of 5 stars,"(1)
1 product ratings - Apple iPhone 7 32GB Factory Unlocked 4G LTE iOS WiFi Smartphone"
80,5 out of 5 stars,"(1)
1 product ratings - Caterpillar CAT B26 (Factory Unlocked) Waterproof Rugged GSM ONLY DUAL SIM NEW"
81,5 out of 5 stars,"(1)
1 product ratings - Apple iPhone 8 64GB GSM Factory Unlocked Smartphone"
82,4.5 out of 5 stars,"(4)
4 product ratings - Google - Pixel 3 XL with 128GB Memory Cell Phone (Unlocked) - Just Black"
83,4.5 out of 5 stars,"(117)
117 product ratings - Apple iPhone 7 Plus - 128GB - Jet Black (ATT) A1784 (GSM)"
84,4.5 out of 5 stars,"(45)
45 product ratings - TESTED BLACK CDMA + GSM UNLOCKED APPLE iPhone 11, 128GB A2111 MWLE2LL/A J245T"
85,4.5 out of 5 stars,"(14)
14 product ratings - Samsung Galaxy Z Flip 256GB Mirror Black Unlocked **FREE Accessories & Shipping*"
86,4.5 out of 5 stars,"(19)
19 product ratings - MINT Samsung Galaxy A71 5G UW SM-A716V - 128GB - Prism Bricks Black (Verizon)"
87,4.5 out of 5 stars,"(57)
57 product ratings - Apple iPhone 8 Plus 64GB Factory Unlocked AT&T Verizon T-Mobile Unlocked"
88,4.5 out of 5 stars,"(200)
200 product ratings - FOUR TESTED GSM UNLOCKED SPACE GRAY APPLE iPhone 8, 64GB A1905 PHONES R385P"
89,4.5 out of 5 stars,"(20)
20 product ratings - Apple iPhone XR - 64GB - White (T-Mobile) A1984 (CDMA + GSM)"
90,5 out of 5 stars,"(126)
126 product ratings - Apple iPhone XR - 64GB - White (Unlocked) A1984 (CDMA + GSM)"
91,4.5 out of 5 stars,"(9)
9 product ratings - CAT S60 - 32GB - Black (Unlocked) Smartphone (Dual SIM)"
92,4.5 out of 5 stars,"(174)
174 product ratings - Apple iPhone 8 64GB Unlocked A1905 GSM - Space Gray - Used - Excellent Condition"
93,5 out of 5 stars,"(216)
216 product ratings - Apple iPhone X - Silver (64 GB) UNLOCKED"
94,4.5 out of 5 stars,"(33)
33 product ratings - LG Stylo 6 Unlocked Worldwide 64GB/3GBRam/13MP Camera(Brand New)"
95,4.5 out of 5 stars,"(5)
5 product ratings - Google Pixel 3 XL 64GB Unlocked - Used - White"
96,5 out of 5 stars,"(4)
4 product ratings - Samsung S21 Ultra * UNLOCKED & MINT * Extras Included"
97,5 out of 5 stars,"(8)
8 product ratings - TESTED GRAY CDMA + GSM UNLOCKED APPLE iPhone 11 PRO, 256GB A2160 MW9G2LL/A J60T"
98,5 out of 5 stars,"(11)
11 product ratings - Apple iPhone XS - 256GB - Gold (GSM Unlocked)"
99,4.5 out of 5 stars,"(23)
23 product ratings - Samsung Galaxy A21 Carrier Unlocked 32GB-4G Single Sim Worldwide (Brand New)"
100,4.5 out of 5 stars,"(98)
98 product ratings - READ DESCRIPTION Google Pixel 1st Gen (Unlocked) Smartphone Android 155"
101,4.5 out of 5 stars,"(33)
33 product ratings - Apple iPhone SE 64GB - Space Gray (Unlocked Sprint) A1723 (CDMA + GSM) MLMH2LL/A"
102,4.5 out of 5 stars,"(24)
24 product ratings - Apple iPhone 11 Pro Max - 256GB - Silver (Unlocked) A2161 (CDMA + GSM)"
103,4.5 out of 5 stars,"(22)
22 product ratings - UNLOCKED Sony Xperia XA2 Ultra 32GB Black Smartphone 4K Vid+23MP Cam Black B"
104,4.5 out of 5 stars,"(13)
13 product ratings - Google Pixel 1 Pixel XL 1 Gen Unlocked Android Smartphone GSM + CDMA 32,128, GB"
105,4.5 out of 5 stars,"(1)
1 product ratings - Apple iPhone 7 32GB Unlocked Smartphone AT&T Verizon T-Mobile Factory Unlocked"
106,5 out of 5 stars,"(94)
94 product ratings - TESTED BLACK CDMA + GSM UNLOCKED APPLE iPhone XR, 64GB A1984 MT3K2LL/A J190T"
107,5 out of 5 stars,"(40)
40 product ratings - [SEALED] BlackBerry Evolve 64GB Black GSM Unlocked Dual SIM International Model"
108,4.5 out of 5 stars,"(59)
59 product ratings - Apple iPhone 7 Plus - 32GB - A1784 - Gold (Unlocked)"
109,4.5 out of 5 stars,"(98)
98 product ratings - Apple iPhone 7 Plus - 32GB - Rose Gold (T-Mobile) (Unlocked)"
110,4.5 out of 5 stars,"(58)
58 product ratings - Apple iPhone 7 Plus - A1784 - 128GB - Gold (Unlocked)"
111,4.5 out of 5 stars,"(43)
43 product ratings - Google - Pixel 3 with 64GB Memory Cell Phone (Unlocked) - Not Pink - New SEALED"
112,4.5 out of 5 stars,"(15)
15 product ratings - Apple iPhone 7 Unlocked 32GB Black - AT&T T-Mobile Verizon GSM Unlocked"
113,5 out of 5 stars,"(4)
4 product ratings - Google - Pixel 3 XL with 128GB Memory Cell Phone (Unlocked) - Not Pink"
114,4.5 out of 5 stars,"(58)
58 product ratings - Google Pixel 3 Pixel 3 XL 64GB CDMA + GSM Unlocked 4G LTE Android Smartphone"
115,4.5 out of 5 stars,"(17)
17 product ratings - Apple iPhone 8 64GB Unlocked Smartphone AT&T Verizon T-Mobile Factory Unlocked"
116,5 out of 5 stars,"(1)
1 product ratings - Apple iPhone 7 32GB Factory Unlocked 4G LTE iOS WiFi Smartphone"
117,5 out of 5 stars,"(1)
1 product ratings - Caterpillar CAT B26 (Factory Unlocked) Waterproof Rugged GSM ONLY DUAL SIM NEW"
118,5 out of 5 stars,"(1)
1 product ratings - Apple iPhone 8 64GB GSM Factory Unlocked Smartphone"
119,4.5 out of 5 stars,"(4)
4 product ratings - Google - Pixel 3 XL with 128GB Memory Cell Phone (Unlocked) - Just Black"
120,4.5 out of 5 stars,"(117)
117 product ratings - Apple iPhone 7 Plus - 128GB - Jet Black (ATT) A1784 (GSM)"
121,4.5 out of 5 stars,"(45)
45 product ratings - TESTED BLACK CDMA + GSM UNLOCKED APPLE iPhone 11, 128GB A2111 MWLE2LL/A J245T"
122,4.5 out of 5 stars,"(14)
14 product ratings - Samsung Galaxy Z Flip 256GB Mirror Black Unlocked **FREE Accessories & Shipping*"
123,4.5 out of 5 stars,"(19)
19 product ratings - MINT Samsung Galaxy A71 5G UW SM-A716V - 128GB - Prism Bricks Black (Verizon)"
124,4.5 out of 5 stars,"(57)
57 product ratings - Apple iPhone 8 Plus 64GB Factory Unlocked AT&T Verizon T-Mobile Unlocked"
125,4.5 out of 5 stars,"(200)
200 product ratings - FOUR TESTED GSM UNLOCKED SPACE GRAY APPLE iPhone 8, 64GB A1905 PHONES R385P"
126,4.5 out of 5 stars,"(20)
20 product ratings - Apple iPhone XR - 64GB - White (T-Mobile) A1984 (CDMA + GSM)"
127,5 out of 5 stars,"(126)
126 product ratings - Apple iPhone XR - 64GB - White (Unlocked) A1984 (CDMA + GSM)"
128,4.5 out of 5 stars,"(9)
9 product ratings - CAT S60 - 32GB - Black (Unlocked) Smartphone (Dual SIM)"
129,4.5 out of 5 stars,"(174)
174 product ratings - Apple iPhone 8 64GB Unlocked A1905 GSM - Space Gray - Used - Excellent Condition"
130,5 out of 5 stars,"(216)
216 product ratings - Apple iPhone X - Silver (64 GB) UNLOCKED"
131,4.5 out of 5 stars,"(33)
33 product ratings - LG Stylo 6 Unlocked Worldwide 64GB/3GBRam/13MP Camera(Brand New)"
132,4.5 out of 5 stars,"(5)
5 product ratings - Google Pixel 3 XL 64GB Unlocked - Used - White"
133,5 out of 5 stars,"(4)
4 product ratings - Samsung S21 Ultra * UNLOCKED & MINT * Extras Included"
134,5 out of 5 stars,"(8)
8 product ratings - TESTED GRAY CDMA + GSM UNLOCKED APPLE iPhone 11 PRO, 256GB A2160 MW9G2LL/A J60T"
135,5 out of 5 stars,"(11)
11 product ratings - Apple iPhone XS - 256GB - Gold (GSM Unlocked)"
136,4.5 out of 5 stars,"(23)
23 product ratings - Samsung Galaxy A21 Carrier Unlocked 32GB-4G Single Sim Worldwide (Brand New)"
137,4.5 out of 5 stars,"(98)
98 product ratings - READ DESCRIPTION Google Pixel 1st Gen (Unlocked) Smartphone Android 155"
138,4.5 out of 5 stars,"(33)
33 product ratings - Apple iPhone SE 64GB - Space Gray (Unlocked Sprint) A1723 (CDMA + GSM) MLMH2LL/A"
139,4.5 out of 5 stars,"(24)
24 product ratings - Apple iPhone 11 Pro Max - 256GB - Silver (Unlocked) A2161 (CDMA + GSM)"
140,4.5 out of 5 stars,"(22)
22 product ratings - UNLOCKED Sony Xperia XA2 Ultra 32GB Black Smartphone 4K Vid+23MP Cam Black B"
141,4.5 out of 5 stars,"(13)
13 product ratings - Google Pixel 1 Pixel XL 1 Gen Unlocked Android Smartphone GSM + CDMA 32,128, GB"
142,4.5 out of 5 stars,"(1)
1 product ratings - Apple iPhone 7 32GB Unlocked Smartphone AT&T Verizon T-Mobile Factory Unlocked"
143,5 out of 5 stars,"(94)
94 product ratings - TESTED BLACK CDMA + GSM UNLOCKED APPLE iPhone XR, 64GB A1984 MT3K2LL/A J190T"
144,5 out of 5 stars,"(40)
40 product ratings - [SEALED] BlackBerry Evolve 64GB Black GSM Unlocked Dual SIM International Model"
145,4.5 out of 5 stars,"(59)
59 product ratings - Apple iPhone 7 Plus - 32GB - A1784 - Gold (Unlocked)"
146,4.5 out of 5 stars,"(98)
98 product ratings - Apple iPhone 7 Plus - 32GB - Rose Gold (T-Mobile) (Unlocked)"
147,4.5 out of 5 stars,"(58)
58 product ratings - Apple iPhone 7 Plus - A1784 - 128GB - Gold (Unlocked)"
148,4.5 out of 5 stars,"(43)
43 product ratings - Google - Pixel 3 with 64GB Memory Cell Phone (Unlocked) - Not Pink - New SEALED"
149,4.5 out of 5 stars,"(15)
15 product ratings - Apple iPhone 7 Unlocked 32GB Black - AT&T T-Mobile Verizon GSM Unlocked"
150,5 out of 5 stars,"(4)
4 product ratings - Google - Pixel 3 XL with 128GB Memory Cell Phone (Unlocked) - Not Pink"
151,4.5 out of 5 stars,"(58)
58 product ratings - Google Pixel 3 Pixel 3 XL 64GB CDMA + GSM Unlocked 4G LTE Android Smartphone"
152,4.5 out of 5 stars,"(17)
17 product ratings - Apple iPhone 8 64GB Unlocked Smartphone AT&T Verizon T-Mobile Factory Unlocked"
153,5 out of 5 stars,"(1)
1 product ratings - Apple iPhone 7 32GB Factory Unlocked 4G LTE iOS WiFi Smartphone"
154,5 out of 5 stars,"(1)
1 product ratings - Caterpillar CAT B26 (Factory Unlocked) Waterproof Rugged GSM ONLY DUAL SIM NEW"
155,5 out of 5 stars,"(1)
1 product ratings - Apple iPhone 8 64GB GSM Factory Unlocked Smartphone"
156,4.5 out of 5 stars,"(4)
4 product ratings - Google - Pixel 3 XL with 128GB Memory Cell Phone (Unlocked) - Just Black"
157,4.5 out of 5 stars,"(117)
117 product ratings - Apple iPhone 7 Plus - 128GB - Jet Black (ATT) A1784 (GSM)"
158,4.5 out of 5 stars,"(45)
45 product ratings - TESTED BLACK CDMA + GSM UNLOCKED APPLE iPhone 11, 128GB A2111 MWLE2LL/A J245T"
159,4.5 out of 5 stars,"(14)
14 product ratings - Samsung Galaxy Z Flip 256GB Mirror Black Unlocked **FREE Accessories & Shipping*"
160,4.5 out of 5 stars,"(19)
19 product ratings - MINT Samsung Galaxy A71 5G UW SM-A716V - 128GB - Prism Bricks Black (Verizon)"
161,4.5 out of 5 stars,"(57)
57 product ratings - Apple iPhone 8 Plus 64GB Factory Unlocked AT&T Verizon T-Mobile Unlocked"
162,4.5 out of 5 stars,"(200)
200 product ratings - FOUR TESTED GSM UNLOCKED SPACE GRAY APPLE iPhone 8, 64GB A1905 PHONES R385P"
163,4.5 out of 5 stars,"(20)
20 product ratings - Apple iPhone XR - 64GB - White (T-Mobile) A1984 (CDMA + GSM)"
164,5 out of 5 stars,"(126)
126 product ratings - Apple iPhone XR - 64GB - White (Unlocked) A1984 (CDMA + GSM)"
165,4.5 out of 5 stars,"(9)
9 product ratings - CAT S60 - 32GB - Black (Unlocked) Smartphone (Dual SIM)"
166,4.5 out of 5 stars,"(174)
174 product ratings - Apple iPhone 8 64GB Unlocked A1905 GSM - Space Gray - Used - Excellent Condition"
167,5 out of 5 stars,"(216)
216 product ratings - Apple iPhone X - Silver (64 GB) UNLOCKED"
168,4.5 out of 5 stars,"(33)
33 product ratings - LG Stylo 6 Unlocked Worldwide 64GB/3GBRam/13MP Camera(Brand New)"
169,4.5 out of 5 stars,"(5)
5 product ratings - Google Pixel 3 XL 64GB Unlocked - Used - White"
170,5 out of 5 stars,"(4)
4 product ratings - Samsung S21 Ultra * UNLOCKED & MINT * Extras Included"
171,5 out of 5 stars,"(8)
8 product ratings - TESTED GRAY CDMA + GSM UNLOCKED APPLE iPhone 11 PRO, 256GB A2160 MW9G2LL/A J60T"
172,5 out of 5 stars,"(11)
11 product ratings - Apple iPhone XS - 256GB - Gold (GSM Unlocked)"
173,4.5 out of 5 stars,"(23)
23 product ratings - Samsung Galaxy A21 Carrier Unlocked 32GB-4G Single Sim Worldwide (Brand New)"
174,4.5 out of 5 stars,"(98)
98 product ratings - READ DESCRIPTION Google Pixel 1st Gen (Unlocked) Smartphone Android 155"
175,4.5 out of 5 stars,"(33)
33 product ratings - Apple iPhone SE 64GB - Space Gray (Unlocked Sprint) A1723 (CDMA + GSM) MLMH2LL/A"
176,4.5 out of 5 stars,"(24)
24 product ratings - Apple iPhone 11 Pro Max - 256GB - Silver (Unlocked) A2161 (CDMA + GSM)"
177,4.5 out of 5 stars,"(22)
22 product ratings - UNLOCKED Sony Xperia XA2 Ultra 32GB Black Smartphone 4K Vid+23MP Cam Black B"
178,4.5 out of 5 stars,"(13)
13 product ratings - Google Pixel 1 Pixel XL 1 Gen Unlocked Android Smartphone GSM + CDMA 32,128, GB"
179,4.5 out of 5 stars,"(1)
1 product ratings - Apple iPhone 7 32GB Unlocked Smartphone AT&T Verizon T-Mobile Factory Unlocked"
180,5 out of 5 stars,"(94)
94 product ratings - TESTED BLACK CDMA + GSM UNLOCKED APPLE iPhone XR, 64GB A1984 MT3K2LL/A J190T"
181,5 out of 5 stars,"(40)
40 product ratings - [SEALED] BlackBerry Evolve 64GB Black GSM Unlocked Dual SIM International Model"
182,4.5 out of 5 stars,"(59)
59 product ratings - Apple iPhone 7 Plus - 32GB - A1784 - Gold (Unlocked)"
183,4.5 out of 5 stars,"(98)
98 product ratings - Apple iPhone 7 Plus - 32GB - Rose Gold (T-Mobile) (Unlocked)"
184,4.5 out of 5 stars,"(58)
58 product ratings - Apple iPhone 7 Plus - A1784 - 128GB - Gold (Unlocked)"
185,4.5 out of 5 stars,"(43)
43 product ratings - Google - Pixel 3 with 64GB Memory Cell Phone (Unlocked) - Not Pink - New SEALED"
186,4.5 out of 5 stars,"(15)
15 product ratings - Apple iPhone 7 Unlocked 32GB Black - AT&T T-Mobile Verizon GSM Unlocked"
187,5 out of 5 stars,"(4)
4 product ratings - Google - Pixel 3 XL with 128GB Memory Cell Phone (Unlocked) - Not Pink"
188,4.5 out of 5 stars,"(58)
58 product ratings - Google Pixel 3 Pixel 3 XL 64GB CDMA + GSM Unlocked 4G LTE Android Smartphone"
189,4.5 out of 5 stars,"(17)
17 product ratings - Apple iPhone 8 64GB Unlocked Smartphone AT&T Verizon T-Mobile Factory Unlocked"
190,5 out of 5 stars,"(1)
1 product ratings - Apple iPhone 7 32GB Factory Unlocked 4G LTE iOS WiFi Smartphone"
191,5 out of 5 stars,"(1)
1 product ratings - Caterpillar CAT B26 (Factory Unlocked) Waterproof Rugged GSM ONLY DUAL SIM NEW"
192,5 out of 5 stars,"(1)
1 product ratings - Apple iPhone 8 64GB GSM Factory Unlocked Smartphone"
193,4.5 out of 5 stars,"(4)
4 product ratings - Google - Pixel 3 XL with 128GB Memory Cell Phone (Unlocked) - Just Black"
194,4.5 out of 5 stars,"(117)
117 product ratings - Apple iPhone 7 Plus - 128GB - Jet Black (ATT) A1784 (GSM)"
195,4.5 out of 5 stars,"(45)
45 product ratings - TESTED BLACK CDMA + GSM UNLOCKED APPLE iPhone 11, 128GB A2111 MWLE2LL/A J245T"
196,4.5 out of 5 stars,"(14)
14 product ratings - Samsung Galaxy Z Flip 256GB Mirror Black Unlocked **FREE Accessories & Shipping*"
197,4.5 out of 5 stars,"(19)
19 product ratings - MINT Samsung Galaxy A71 5G UW SM-A716V - 128GB - Prism Bricks Black (Verizon)"
198,4.5 out of 5 stars,"(57)
57 product ratings - Apple iPhone 8 Plus 64GB Factory Unlocked AT&T Verizon T-Mobile Unlocked"
199,4.5 out of 5 stars,"(200)
200 product ratings - FOUR TESTED GSM UNLOCKED SPACE GRAY APPLE iPhone 8, 64GB A1905 PHONES R385P"
200,4.5 out of 5 stars,"(20)
20 product ratings - Apple iPhone XR - 64GB - White (T-Mobile) A1984 (CDMA + GSM)"
201,5 out of 5 stars,"(126)
126 product ratings - Apple iPhone XR - 64GB - White (Unlocked) A1984 (CDMA + GSM)"
202,4.5 out of 5 stars,"(9)
9 product ratings - CAT S60 - 32GB - Black (Unlocked) Smartphone (Dual SIM)"
203,4.5 out of 5 stars,"(174)
174 product ratings - Apple iPhone 8 64GB Unlocked A1905 GSM - Space Gray - Used - Excellent Condition"
204,5 out of 5 stars,"(216)
216 product ratings - Apple iPhone X - Silver (64 GB) UNLOCKED"
205,4.5 out of 5 stars,"(33)
33 product ratings - LG Stylo 6 Unlocked Worldwide 64GB/3GBRam/13MP Camera(Brand New)"
206,4.5 out of 5 stars,"(5)
5 product ratings - Google Pixel 3 XL 64GB Unlocked - Used - White"
207,5 out of 5 stars,"(4)
4 product ratings - Samsung S21 Ultra * UNLOCKED & MINT * Extras Included"
208,5 out of 5 stars,"(8)
8 product ratings - TESTED GRAY CDMA + GSM UNLOCKED APPLE iPhone 11 PRO, 256GB A2160 MW9G2LL/A J60T"
209,5 out of 5 stars,"(11)
11 product ratings - Apple iPhone XS - 256GB - Gold (GSM Unlocked)"
210,4.5 out of 5 stars,"(23)
23 product ratings - Samsung Galaxy A21 Carrier Unlocked 32GB-4G Single Sim Worldwide (Brand New)"
211,4.5 out of 5 stars,"(98)
98 product ratings - READ DESCRIPTION Google Pixel 1st Gen (Unlocked) Smartphone Android 155"
212,4.5 out of 5 stars,"(33)
33 product ratings - Apple iPhone SE 64GB - Space Gray (Unlocked Sprint) A1723 (CDMA + GSM) MLMH2LL/A"
213,4.5 out of 5 stars,"(24)
24 product ratings - Apple iPhone 11 Pro Max - 256GB - Silver (Unlocked) A2161 (CDMA + GSM)"
214,4.5 out of 5 stars,"(22)
22 product ratings - UNLOCKED Sony Xperia XA2 Ultra 32GB Black Smartphone 4K Vid+23MP Cam Black B"
215,4.5 out of 5 stars,"(13)
13 product ratings - Google Pixel 1 Pixel XL 1 Gen Unlocked Android Smartphone GSM + CDMA 32,128, GB"
216,4.5 out of 5 stars,"(1)
1 product ratings - Apple iPhone 7 32GB Unlocked Smartphone AT&T Verizon T-Mobile Factory Unlocked"
217,5 out of 5 stars,"(94)
94 product ratings - TESTED BLACK CDMA + GSM UNLOCKED APPLE iPhone XR, 64GB A1984 MT3K2LL/A J190T"
218,5 out of 5 stars,"(40)
40 product ratings - [SEALED] BlackBerry Evolve 64GB Black GSM Unlocked Dual SIM International Model"
219,4.5 out of 5 stars,"(59)
59 product ratings - Apple iPhone 7 Plus - 32GB - A1784 - Gold (Unlocked)"
220,4.5 out of 5 stars,"(98)
98 product ratings - Apple iPhone 7 Plus - 32GB - Rose Gold (T-Mobile) (Unlocked)"
221,4.5 out of 5 stars,"(58)
58 product ratings - Apple iPhone 7 Plus - A1784 - 128GB - Gold (Unlocked)"
222,4.5 out of 5 stars,"(43)
43 product ratings - Google - Pixel 3 with 64GB Memory Cell Phone (Unlocked) - Not Pink - New SEALED"
223,4.5 out of 5 stars,"(15)
15 product ratings - Apple iPhone 7 Unlocked 32GB Black - AT&T T-Mobile Verizon GSM Unlocked"
224,5 out of 5 stars,"(4)
4 product ratings - Google - Pixel 3 XL with 128GB Memory Cell Phone (Unlocked) - Not Pink"
225,4.5 out of 5 stars,"(58)
58 product ratings - Google Pixel 3 Pixel 3 XL 64GB CDMA + GSM Unlocked 4G LTE Android Smartphone"
226,4.5 out of 5 stars,"(17)
17 product ratings - Apple iPhone 8 64GB Unlocked Smartphone AT&T Verizon T-Mobile Factory Unlocked"
227,5 out of 5 stars,"(1)
1 product ratings - Apple iPhone 7 32GB Factory Unlocked 4G LTE iOS WiFi Smartphone"
228,5 out of 5 stars,"(1)
1 product ratings - Caterpillar CAT B26 (Factory Unlocked) Waterproof Rugged GSM ONLY DUAL SIM NEW"
229,5 out of 5 stars,"(1)
1 product ratings - Apple iPhone 8 64GB GSM Factory Unlocked Smartphone"
230,4.5 out of 5 stars,"(4)
4 product ratings - Google - Pixel 3 XL with 128GB Memory Cell Phone (Unlocked) - Just Black"
231,4.5 out of 5 stars,"(117)
117 product ratings - Apple iPhone 7 Plus - 128GB - Jet Black (ATT) A1784 (GSM)"
232,4.5 out of 5 stars,"(45)
45 product ratings - TESTED BLACK CDMA + GSM UNLOCKED APPLE iPhone 11, 128GB A2111 MWLE2LL/A J245T"
233,4.5 out of 5 stars,"(14)
14 product ratings - Samsung Galaxy Z Flip 256GB Mirror Black Unlocked **FREE Accessories & Shipping*"
234,4.5 out of 5 stars,"(19)
19 product ratings - MINT Samsung Galaxy A71 5G UW SM-A716V - 128GB - Prism Bricks Black (Verizon)"
235,4.5 out of 5 stars,"(57)
57 product ratings - Apple iPhone 8 Plus 64GB Factory Unlocked AT&T Verizon T-Mobile Unlocked"
236,4.5 out of 5 stars,"(200)
200 product ratings - FOUR TESTED GSM UNLOCKED SPACE GRAY APPLE iPhone 8, 64GB A1905 PHONES R385P"
237,4.5 out of 5 stars,"(20)
20 product ratings - Apple iPhone XR - 64GB - White (T-Mobile) A1984 (CDMA + GSM)"
238,5 out of 5 stars,"(126)
126 product ratings - Apple iPhone XR - 64GB - White (Unlocked) A1984 (CDMA + GSM)"
239,4.5 out of 5 stars,"(9)
9 product ratings - CAT S60 - 32GB - Black (Unlocked) Smartphone (Dual SIM)"
240,4.5 out of 5 stars,"(174)
174 product ratings - Apple iPhone 8 64GB Unlocked A1905 GSM - Space Gray - Used - Excellent Condition"
241,5 out of 5 stars,"(216)
216 product ratings - Apple iPhone X - Silver (64 GB) UNLOCKED"
242,4.5 out of 5 stars,"(33)
33 product ratings - LG Stylo 6 Unlocked Worldwide 64GB/3GBRam/13MP Camera(Brand New)"
243,4.5 out of 5 stars,"(5)
5 product ratings - Google Pixel 3 XL 64GB Unlocked - Used - White"
244,5 out of 5 stars,"(4)
4 product ratings - Samsung S21 Ultra * UNLOCKED & MINT * Extras Included"
245,5 out of 5 stars,"(8)
8 product ratings - TESTED GRAY CDMA + GSM UNLOCKED APPLE iPhone 11 PRO, 256GB A2160 MW9G2LL/A J60T"
246,5 out of 5 stars,"(11)
11 product ratings - Apple iPhone XS - 256GB - Gold (GSM Unlocked)"
247,4.5 out of 5 stars,"(23)
23 product ratings - Samsung Galaxy A21 Carrier Unlocked 32GB-4G Single Sim Worldwide (Brand New)"
248,4.5 out of 5 stars,"(98)
98 product ratings - READ DESCRIPTION Google Pixel 1st Gen (Unlocked) Smartphone Android 155"
249,4.5 out of 5 stars,"(33)
33 product ratings - Apple iPhone SE 64GB - Space Gray (Unlocked Sprint) A1723 (CDMA + GSM) MLMH2LL/A"
250,4.5 out of 5 stars,"(24)
24 product ratings - Apple iPhone 11 Pro Max - 256GB - Silver (Unlocked) A2161 (CDMA + GSM)"
251,4.5 out of 5 stars,"(22)
22 product ratings - UNLOCKED Sony Xperia XA2 Ultra 32GB Black Smartphone 4K Vid+23MP Cam Black B"
252,4.5 out of 5 stars,"(13)
13 product ratings - Google Pixel 1 Pixel XL 1 Gen Unlocked Android Smartphone GSM + CDMA 32,128, GB"
253,4.5 out of 5 stars,"(1)
1 product ratings - Apple iPhone 7 32GB Unlocked Smartphone AT&T Verizon T-Mobile Factory Unlocked"
254,5 out of 5 stars,"(94)
94 product ratings - TESTED BLACK CDMA + GSM UNLOCKED APPLE iPhone XR, 64GB A1984 MT3K2LL/A J190T"
255,5 out of 5 stars,"(40)
40 product ratings - [SEALED] BlackBerry Evolve 64GB Black GSM Unlocked Dual SIM International Model"
256,4.5 out of 5 stars,"(59)
59 product ratings - Apple iPhone 7 Plus - 32GB - A1784 - Gold (Unlocked)"
257,4.5 out of 5 stars,"(98)
98 product ratings - Apple iPhone 7 Plus - 32GB - Rose Gold (T-Mobile) (Unlocked)"
258,4.5 out of 5 stars,"(58)
58 product ratings - Apple iPhone 7 Plus - A1784 - 128GB - Gold (Unlocked)"
259,4.5 out of 5 stars,"(43)
43 product ratings - Google - Pixel 3 with 64GB Memory Cell Phone (Unlocked) - Not Pink - New SEALED"
260,4.5 out of 5 stars,"(15)
15 product ratings - Apple iPhone 7 Unlocked 32GB Black - AT&T T-Mobile Verizon GSM Unlocked"
261,5 out of 5 stars,"(4)
4 product ratings - Google - Pixel 3 XL with 128GB Memory Cell Phone (Unlocked) - Not Pink"
262,4.5 out of 5 stars,"(58)
58 product ratings - Google Pixel 3 Pixel 3 XL 64GB CDMA + GSM Unlocked 4G LTE Android Smartphone"
263,4.5 out of 5 stars,"(17)
17 product ratings - Apple iPhone 8 64GB Unlocked Smartphone AT&T Verizon T-Mobile Factory Unlocked"
264,5 out of 5 stars,"(1)
1 product ratings - Apple iPhone 7 32GB Factory Unlocked 4G LTE iOS WiFi Smartphone"
265,5 out of 5 stars,"(1)
1 product ratings - Caterpillar CAT B26 (Factory Unlocked) Waterproof Rugged GSM ONLY DUAL SIM NEW"
266,5 out of 5 stars,"(1)
1 product ratings - Apple iPhone 8 64GB GSM Factory Unlocked Smartphone"
267,4.5 out of 5 stars,"(4)
4 product ratings - Google - Pixel 3 XL with 128GB Memory Cell Phone (Unlocked) - Just Black"
268,4.5 out of 5 stars,"(117)
117 product ratings - Apple iPhone 7 Plus - 128GB - Jet Black (ATT) A1784 (GSM)"
269,4.5 out of 5 stars,"(45)
45 product ratings - TESTED BLACK CDMA + GSM UNLOCKED APPLE iPhone 11, 128GB A2111 MWLE2LL/A J245T"
270,4.5 out of 5 stars,"(14)
14 product ratings - Samsung Galaxy Z Flip 256GB Mirror Black Unlocked **FREE Accessories & Shipping*"
271,4.5 out of 5 stars,"(19)
19 product ratings - MINT Samsung Galaxy A71 5G UW SM-A716V - 128GB - Prism Bricks Black (Verizon)"
272,4.5 out of 5 stars,"(57)
57 product ratings - Apple iPhone 8 Plus 64GB Factory Unlocked AT&T Verizon T-Mobile Unlocked"
273,4.5 out of 5 stars,"(200)
200 product ratings - FOUR TESTED GSM UNLOCKED SPACE GRAY APPLE iPhone 8, 64GB A1905 PHONES R385P"
274,4.5 out of 5 stars,"(20)
20 product ratings - Apple iPhone XR - 64GB - White (T-Mobile) A1984 (CDMA + GSM)"
275,5 out of 5 stars,"(126)
126 product ratings - Apple iPhone XR - 64GB - White (Unlocked) A1984 (CDMA + GSM)"
276,4.5 out of 5 stars,"(9)
9 product ratings - CAT S60 - 32GB - Black (Unlocked) Smartphone (Dual SIM)"
277,4.5 out of 5 stars,"(174)
174 product ratings - Apple iPhone 8 64GB Unlocked A1905 GSM - Space Gray - Used - Excellent Condition"
278,5 out of 5 stars,"(216)
216 product ratings - Apple iPhone X - Silver (64 GB) UNLOCKED"
279,4.5 out of 5 stars,"(33)
33 product ratings - LG Stylo 6 Unlocked Worldwide 64GB/3GBRam/13MP Camera(Brand New)"
280,4.5 out of 5 stars,"(5)
5 product ratings - Google Pixel 3 XL 64GB Unlocked - Used - White"
281,5 out of 5 stars,"(4)
4 product ratings - Samsung S21 Ultra * UNLOCKED & MINT * Extras Included"
282,5 out of 5 stars,"(8)
8 product ratings - TESTED GRAY CDMA + GSM UNLOCKED APPLE iPhone 11 PRO, 256GB A2160 MW9G2LL/A J60T"
283,5 out of 5 stars,"(11)
11 product ratings - Apple iPhone XS - 256GB - Gold (GSM Unlocked)"
284,4.5 out of 5 stars,"(23)
23 product ratings - Samsung Galaxy A21 Carrier Unlocked 32GB-4G Single Sim Worldwide (Brand New)"
285,4.5 out of 5 stars,"(98)
98 product ratings - READ DESCRIPTION Google Pixel 1st Gen (Unlocked) Smartphone Android 155"
286,4.5 out of 5 stars,"(33)
33 product ratings - Apple iPhone SE 64GB - Space Gray (Unlocked Sprint) A1723 (CDMA + GSM) MLMH2LL/A"
287,4.5 out of 5 stars,"(24)
24 product ratings - Apple iPhone 11 Pro Max - 256GB - Silver (Unlocked) A2161 (CDMA + GSM)"
288,4.5 out of 5 stars,"(22)
22 product ratings - UNLOCKED Sony Xperia XA2 Ultra 32GB Black Smartphone 4K Vid+23MP Cam Black B"
289,4.5 out of 5 stars,"(13)
13 product ratings - Google Pixel 1 Pixel XL 1 Gen Unlocked Android Smartphone GSM + CDMA 32,128, GB"
290,4.5 out of 5 stars,"(1)
1 product ratings - Apple iPhone 7 32GB Unlocked Smartphone AT&T Verizon T-Mobile Factory Unlocked"
291,5 out of 5 stars,"(94)
94 product ratings - TESTED BLACK CDMA + GSM UNLOCKED APPLE iPhone XR, 64GB A1984 MT3K2LL/A J190T"
292,5 out of 5 stars,"(40)
40 product ratings - [SEALED] BlackBerry Evolve 64GB Black GSM Unlocked Dual SIM International Model"
293,4.5 out of 5 stars,"(59)
59 product ratings - Apple iPhone 7 Plus - 32GB - A1784 - Gold (Unlocked)"
294,4.5 out of 5 stars,"(98)
98 product ratings - Apple iPhone 7 Plus - 32GB - Rose Gold (T-Mobile) (Unlocked)"
295,4.5 out of 5 stars,"(58)
58 product ratings - Apple iPhone 7 Plus - A1784 - 128GB - Gold (Unlocked)"
296,4.5 out of 5 stars,"(43)
43 product ratings - Google - Pixel 3 with 64GB Memory Cell Phone (Unlocked) - Not Pink - New SEALED"
297,4.5 out of 5 stars,"(15)
15 product ratings - Apple iPhone 7 Unlocked 32GB Black - AT&T T-Mobile Verizon GSM Unlocked"
298,5 out of 5 stars,"(4)
4 product ratings - Google - Pixel 3 XL with 128GB Memory Cell Phone (Unlocked) - Not Pink"
299,4.5 out of 5 stars,"(58)
58 product ratings - Google Pixel 3 Pixel 3 XL 64GB CDMA + GSM Unlocked 4G LTE Android Smartphone"
300,4.5 out of 5 stars,"(17)
17 product ratings - Apple iPhone 8 64GB Unlocked Smartphone AT&T Verizon T-Mobile Factory Unlocked"
301,5 out of 5 stars,"(1)
1 product ratings - Apple iPhone 7 32GB Factory Unlocked 4G LTE iOS WiFi Smartphone"
302,5 out of 5 stars,"(1)
1 product ratings - Caterpillar CAT B26 (Factory Unlocked) Waterproof Rugged GSM ONLY DUAL SIM NEW"
303,5 out of 5 stars,"(1)
1 product ratings - Apple iPhone 8 64GB GSM Factory Unlocked Smartphone"
304,4.5 out of 5 stars,"(4)
4 product ratings - Google - Pixel 3 XL with 128GB Memory Cell Phone (Unlocked) - Just Black"
305,4.5 out of 5 stars,"(117)
117 product ratings - Apple iPhone 7 Plus - 128GB - Jet Black (ATT) A1784 (GSM)"
306,4.5 out of 5 stars,"(45)
45 product ratings - TESTED BLACK CDMA + GSM UNLOCKED APPLE iPhone 11, 128GB A2111 MWLE2LL/A J245T"
307,4.5 out of 5 stars,"(14)
14 product ratings - Samsung Galaxy Z Flip 256GB Mirror Black Unlocked **FREE Accessories & Shipping*"
308,4.5 out of 5 stars,"(19)
19 product ratings - MINT Samsung Galaxy A71 5G UW SM-A716V - 128GB - Prism Bricks Black (Verizon)"
309,4.5 out of 5 stars,"(57)
57 product ratings - Apple iPhone 8 Plus 64GB Factory Unlocked AT&T Verizon T-Mobile Unlocked"
310,4.5 out of 5 stars,"(200)
200 product ratings - FOUR TESTED GSM UNLOCKED SPACE GRAY APPLE iPhone 8, 64GB A1905 PHONES R385P"
311,4.5 out of 5 stars,"(20)
20 product ratings - Apple iPhone XR - 64GB - White (T-Mobile) A1984 (CDMA + GSM)"
312,5 out of 5 stars,"(126)
126 product ratings - Apple iPhone XR - 64GB - White (Unlocked) A1984 (CDMA + GSM)"
313,4.5 out of 5 stars,"(9)
9 product ratings - CAT S60 - 32GB - Black (Unlocked) Smartphone (Dual SIM)"
314,4.5 out of 5 stars,"(174)
174 product ratings - Apple iPhone 8 64GB Unlocked A1905 GSM - Space Gray - Used - Excellent Condition"
315,5 out of 5 stars,"(216)
216 product ratings - Apple iPhone X - Silver (64 GB) UNLOCKED"
316,4.5 out of 5 stars,"(33)
33 product ratings - LG Stylo 6 Unlocked Worldwide 64GB/3GBRam/13MP Camera(Brand New)"
317,4.5 out of 5 stars,"(5)
5 product ratings - Google Pixel 3 XL 64GB Unlocked - Used - White"
318,5 out of 5 stars,"(4)
4 product ratings - Samsung S21 Ultra * UNLOCKED & MINT * Extras Included"
319,5 out of 5 stars,"(8)
8 product ratings - TESTED GRAY CDMA + GSM UNLOCKED APPLE iPhone 11 PRO, 256GB A2160 MW9G2LL/A J60T"
320,5 out of 5 stars,"(11)
11 product ratings - Apple iPhone XS - 256GB - Gold (GSM Unlocked)"
321,4.5 out of 5 stars,"(23)
23 product ratings - Samsung Galaxy A21 Carrier Unlocked 32GB-4G Single Sim Worldwide (Brand New)"
322,4.5 out of 5 stars,"(98)
98 product ratings - READ DESCRIPTION Google Pixel 1st Gen (Unlocked) Smartphone Android 155"
323,4.5 out of 5 stars,"(33)
33 product ratings - Apple iPhone SE 64GB - Space Gray (Unlocked Sprint) A1723 (CDMA + GSM) MLMH2LL/A"
324,4.5 out of 5 stars,"(24)
24 product ratings - Apple iPhone 11 Pro Max - 256GB - Silver (Unlocked) A2161 (CDMA + GSM)"
325,4.5 out of 5 stars,"(22)
22 product ratings - UNLOCKED Sony Xperia XA2 Ultra 32GB Black Smartphone 4K Vid+23MP Cam Black B"
326,4.5 out of 5 stars,"(13)
13 product ratings - Google Pixel 1 Pixel XL 1 Gen Unlocked Android Smartphone GSM + CDMA 32,128, GB"
327,4.5 out of 5 stars,"(1)
1 product ratings - Apple iPhone 7 32GB Unlocked Smartphone AT&T Verizon T-Mobile Factory Unlocked"
328,5 out of 5 stars,"(94)
94 product ratings - TESTED BLACK CDMA + GSM UNLOCKED APPLE iPhone XR, 64GB A1984 MT3K2LL/A J190T"
329,5 out of 5 stars,"(40)
40 product ratings - [SEALED] BlackBerry Evolve 64GB Black GSM Unlocked Dual SIM International Model"
330,4.5 out of 5 stars,"(59)
59 product ratings - Apple iPhone 7 Plus - 32GB - A1784 - Gold (Unlocked)"
331,4.5 out of 5 stars,"(98)
98 product ratings - Apple iPhone 7 Plus - 32GB - Rose Gold (T-Mobile) (Unlocked)"
332,4.5 out of 5 stars,"(58)
58 product ratings - Apple iPhone 7 Plus - A1784 - 128GB - Gold (Unlocked)"
333,4.5 out of 5 stars,"(43)
43 product ratings - Google - Pixel 3 with 64GB Memory Cell Phone (Unlocked) - Not Pink - New SEALED"
334,4.5 out of 5 stars,"(15)
15 product ratings - Apple iPhone 7 Unlocked 32GB Black - AT&T T-Mobile Verizon GSM Unlocked"
335,5 out of 5 stars,"(4)
4 product ratings - Google - Pixel 3 XL with 128GB Memory Cell Phone (Unlocked) - Not Pink"
336,4.5 out of 5 stars,"(58)
58 product ratings - Google Pixel 3 Pixel 3 XL 64GB CDMA + GSM Unlocked 4G LTE Android Smartphone"
337,4.5 out of 5 stars,"(17)
17 product ratings - Apple iPhone 8 64GB Unlocked Smartphone AT&T Verizon T-Mobile Factory Unlocked"
338,5 out of 5 stars,"(1)
1 product ratings - Apple iPhone 7 32GB Factory Unlocked 4G LTE iOS WiFi Smartphone"
339,5 out of 5 stars,"(1)
1 product ratings - Caterpillar CAT B26 (Factory Unlocked) Waterproof Rugged GSM ONLY DUAL SIM NEW"
340,5 out of 5 stars,"(1)
1 product ratings - Apple iPhone 8 64GB GSM Factory Unlocked Smartphone"
341,4.5 out of 5 stars,"(4)
4 product ratings - Google - Pixel 3 XL with 128GB Memory Cell Phone (Unlocked) - Just Black"
342,4.5 out of 5 stars,"(117)
117 product ratings - Apple iPhone 7 Plus - 128GB - Jet Black (ATT) A1784 (GSM)"
343,4.5 out of 5 stars,"(45)
45 product ratings - TESTED BLACK CDMA + GSM UNLOCKED APPLE iPhone 11, 128GB A2111 MWLE2LL/A J245T"
344,4.5 out of 5 stars,"(14)
14 product ratings - Samsung Galaxy Z Flip 256GB Mirror Black Unlocked **FREE Accessories & Shipping*"
345,4.5 out of 5 stars,"(19)
19 product ratings - MINT Samsung Galaxy A71 5G UW SM-A716V - 128GB - Prism Bricks Black (Verizon)"
346,4.5 out of 5 stars,"(57)
57 product ratings - Apple iPhone 8 Plus 64GB Factory Unlocked AT&T Verizon T-Mobile Unlocked"
347,4.5 out of 5 stars,"(200)
200 product ratings - FOUR TESTED GSM UNLOCKED SPACE GRAY APPLE iPhone 8, 64GB A1905 PHONES R385P"
348,4.5 out of 5 stars,"(20)
20 product ratings - Apple iPhone XR - 64GB - White (T-Mobile) A1984 (CDMA + GSM)"
349,5 out of 5 stars,"(126)
126 product ratings - Apple iPhone XR - 64GB - White (Unlocked) A1984 (CDMA + GSM)"
350,4.5 out of 5 stars,"(9)
9 product ratings - CAT S60 - 32GB - Black (Unlocked) Smartphone (Dual SIM)"
351,4.5 out of 5 stars,"(174)
174 product ratings - Apple iPhone 8 64GB Unlocked A1905 GSM - Space Gray - Used - Excellent Condition"
352,5 out of 5 stars,"(216)
216 product ratings - Apple iPhone X - Silver (64 GB) UNLOCKED"
353,4.5 out of 5 stars,"(33)
33 product ratings - LG Stylo 6 Unlocked Worldwide 64GB/3GBRam/13MP Camera(Brand New)"
354,4.5 out of 5 stars,"(5)
5 product ratings - Google Pixel 3 XL 64GB Unlocked - Used - White"
355,5 out of 5 stars,"(4)
4 product ratings - Samsung S21 Ultra * UNLOCKED & MINT * Extras Included"
356,5 out of 5 stars,"(8)
8 product ratings - TESTED GRAY CDMA + GSM UNLOCKED APPLE iPhone 11 PRO, 256GB A2160 MW9G2LL/A J60T"
357,5 out of 5 stars,"(11)
11 product ratings - Apple iPhone XS - 256GB - Gold (GSM Unlocked)"
358,4.5 out of 5 stars,"(23)
23 product ratings - Samsung Galaxy A21 Carrier Unlocked 32GB-4G Single Sim Worldwide (Brand New)"
359,4.5 out of 5 stars,"(98)
98 product ratings - READ DESCRIPTION Google Pixel 1st Gen (Unlocked) Smartphone Android 155"
360,4.5 out of 5 stars,"(33)
33 product ratings - Apple iPhone SE 64GB - Space Gray (Unlocked Sprint) A1723 (CDMA + GSM) MLMH2LL/A"
361,4.5 out of 5 stars,"(24)
24 product ratings - Apple iPhone 11 Pro Max - 256GB - Silver (Unlocked) A2161 (CDMA + GSM)"
362,4.5 out of 5 stars,"(22)
22 product ratings - UNLOCKED Sony Xperia XA2 Ultra 32GB Black Smartphone 4K Vid+23MP Cam Black B"
363,4.5 out of 5 stars,"(13)
13 product ratings - Google Pixel 1 Pixel XL 1 Gen Unlocked Android Smartphone GSM + CDMA 32,128, GB"
364,4.5 out of 5 stars,"(1)
1 product ratings - Apple iPhone 7 32GB Unlocked Smartphone AT&T Verizon T-Mobile Factory Unlocked"
365,5 out of 5 stars,"(94)
94 product ratings - TESTED BLACK CDMA + GSM UNLOCKED APPLE iPhone XR, 64GB A1984 MT3K2LL/A J190T"
366,5 out of 5 stars,"(40)
40 product ratings - [SEALED] BlackBerry Evolve 64GB Black GSM Unlocked Dual SIM International Model"
367,4.5 out of 5 stars,"(59)
59 product ratings - Apple iPhone 7 Plus - 32GB - A1784 - Gold (Unlocked)"
368,4.5 out of 5 stars,"(98)
98 product ratings - Apple iPhone 7 Plus - 32GB - Rose Gold (T-Mobile) (Unlocked)"
369,4.5 out of 5 stars,"(58)
58 product ratings - Apple iPhone 7 Plus - A1784 - 128GB - Gold (Unlocked)"
370,4.5 out of 5 stars,"(43)
43 product ratings - Google - Pixel 3 with 64GB Memory Cell Phone (Unlocked) - Not Pink - New SEALED"
371,4.5 out of 5 stars,"(15)
15 product ratings - Apple iPhone 7 Unlocked 32GB Black - AT&T T-Mobile Verizon GSM Unlocked"
372,5 out of 5 stars,"(4)
4 product ratings - Google - Pixel 3 XL with 128GB Memory Cell Phone (Unlocked) - Not Pink"
373,4.5 out of 5 stars,"(58)
58 product ratings - Google Pixel 3 Pixel 3 XL 64GB CDMA + GSM Unlocked 4G LTE Android Smartphone"
374,4.5 out of 5 stars,"(17)
17 product ratings - Apple iPhone 8 64GB Unlocked Smartphone AT&T Verizon T-Mobile Factory Unlocked"
375,5 out of 5 stars,"(1)
1 product ratings - Apple iPhone 7 32GB Factory Unlocked 4G LTE iOS WiFi Smartphone"
376,5 out of 5 stars,"(1)
1 product ratings - Caterpillar CAT B26 (Factory Unlocked) Waterproof Rugged GSM ONLY DUAL SIM NEW"
377,5 out of 5 stars,"(1)
1 product ratings - Apple iPhone 8 64GB GSM Factory Unlocked Smartphone"
378,4.5 out of 5 stars,"(4)
4 product ratings - Google - Pixel 3 XL with 128GB Memory Cell Phone (Unlocked) - Just Black"
379,4.5 out of 5 stars,"(117)
117 product ratings - Apple iPhone 7 Plus - 128GB - Jet Black (ATT) A1784 (GSM)"
380,4.5 out of 5 stars,"(45)
45 product ratings - TESTED BLACK CDMA + GSM UNLOCKED APPLE iPhone 11, 128GB A2111 MWLE2LL/A J245T"
381,4.5 out of 5 stars,"(14)
14 product ratings - Samsung Galaxy Z Flip 256GB Mirror Black Unlocked **FREE Accessories & Shipping*"
382,4.5 out of 5 stars,"(19)
19 product ratings - MINT Samsung Galaxy A71 5G UW SM-A716V - 128GB - Prism Bricks Black (Verizon)"
383,4.5 out of 5 stars,"(57)
57 product ratings - Apple iPhone 8 Plus 64GB Factory Unlocked AT&T Verizon T-Mobile Unlocked"
384,4.5 out of 5 stars,"(200)
200 product ratings - FOUR TESTED GSM UNLOCKED SPACE GRAY APPLE iPhone 8, 64GB A1905 PHONES R385P"
385,4.5 out of 5 stars,"(20)
20 product ratings - Apple iPhone XR - 64GB - White (T-Mobile) A1984 (CDMA + GSM)"
386,5 out of 5 stars,"(126)
126 product ratings - Apple iPhone XR - 64GB - White (Unlocked) A1984 (CDMA + GSM)"
387,4.5 out of 5 stars,"(9)
9 product ratings - CAT S60 - 32GB - Black (Unlocked) Smartphone (Dual SIM)"
388,4.5 out of 5 stars,"(174)
174 product ratings - Apple iPhone 8 64GB Unlocked A1905 GSM - Space Gray - Used - Excellent Condition"
389,5 out of 5 stars,"(216)
216 product ratings - Apple iPhone X - Silver (64 GB) UNLOCKED"
390,4.5 out of 5 stars,"(33)
33 product ratings - LG Stylo 6 Unlocked Worldwide 64GB/3GBRam/13MP Camera(Brand New)"
391,4.5 out of 5 stars,"(5)
5 product ratings - Google Pixel 3 XL 64GB Unlocked - Used - White"
392,5 out of 5 stars,"(4)
4 product ratings - Samsung S21 Ultra * UNLOCKED & MINT * Extras Included"
393,5 out of 5 stars,"(8)
8 product ratings - TESTED GRAY CDMA + GSM UNLOCKED APPLE iPhone 11 PRO, 256GB A2160 MW9G2LL/A J60T"
394,5 out of 5 stars,"(11)
11 product ratings - Apple iPhone XS - 256GB - Gold (GSM Unlocked)"
395,4.5 out of 5 stars,"(23)
23 product ratings - Samsung Galaxy A21 Carrier Unlocked 32GB-4G Single Sim Worldwide (Brand New)"
396,4.5 out of 5 stars,"(98)
98 product ratings - READ DESCRIPTION Google Pixel 1st Gen (Unlocked) Smartphone Android 155"
397,4.5 out of 5 stars,"(33)
33 product ratings - Apple iPhone SE 64GB - Space Gray (Unlocked Sprint) A1723 (CDMA + GSM) MLMH2LL/A"
398,4.5 out of 5 stars,"(24)
24 product ratings - Apple iPhone 11 Pro Max - 256GB - Silver (Unlocked) A2161 (CDMA + GSM)"
399,4.5 out of 5 stars,"(22)
22 product ratings - UNLOCKED Sony Xperia XA2 Ultra 32GB Black Smartphone 4K Vid+23MP Cam Black B"
400,4.5 out of 5 stars,"(13)
13 product ratings - Google Pixel 1 Pixel XL 1 Gen Unlocked Android Smartphone GSM + CDMA 32,128, GB"
401,4.5 out of 5 stars,"(1)
1 product ratings - Apple iPhone 7 32GB Unlocked Smartphone AT&T Verizon T-Mobile Factory Unlocked"
402,5 out of 5 stars,"(94)
94 product ratings - TESTED BLACK CDMA + GSM UNLOCKED APPLE iPhone XR, 64GB A1984 MT3K2LL/A J190T"
403,5 out of 5 stars,"(40)
40 product ratings - [SEALED] BlackBerry Evolve 64GB Black GSM Unlocked Dual SIM International Model"
404,4.5 out of 5 stars,"(59)
59 product ratings - Apple iPhone 7 Plus - 32GB - A1784 - Gold (Unlocked)"
405,4.5 out of 5 stars,"(98)
98 product ratings - Apple iPhone 7 Plus - 32GB - Rose Gold (T-Mobile) (Unlocked)"
406,4.5 out of 5 stars,"(58)
58 product ratings - Apple iPhone 7 Plus - A1784 - 128GB - Gold (Unlocked)"
407,4.5 out of 5 stars,"(43)
43 product ratings - Google - Pixel 3 with 64GB Memory Cell Phone (Unlocked) - Not Pink - New SEALED"
408,4.5 out of 5 stars,"(15)
15 product ratings - Apple iPhone 7 Unlocked 32GB Black - AT&T T-Mobile Verizon GSM Unlocked"
409,5 out of 5 stars,"(4)
4 product ratings - Google - Pixel 3 XL with 128GB Memory Cell Phone (Unlocked) - Not Pink"
410,4.5 out of 5 stars,"(58)
58 product ratings - Google Pixel 3 Pixel 3 XL 64GB CDMA + GSM Unlocked 4G LTE Android Smartphone"
411,4.5 out of 5 stars,"(17)
17 product ratings - Apple iPhone 8 64GB Unlocked Smartphone AT&T Verizon T-Mobile Factory Unlocked"
412,5 out of 5 stars,"(1)
1 product ratings - Apple iPhone 7 32GB Factory Unlocked 4G LTE iOS WiFi Smartphone"
413,5 out of 5 stars,"(1)
1 product ratings - Caterpillar CAT B26 (Factory Unlocked) Waterproof Rugged GSM ONLY DUAL SIM NEW"
414,5 out of 5 stars,"(1)
1 product ratings - Apple iPhone 8 64GB GSM Factory Unlocked Smartphone"
415,4.5 out of 5 stars,"(4)
4 product ratings - Google - Pixel 3 XL with 128GB Memory Cell Phone (Unlocked) - Just Black"
416,4.5 out of 5 stars,"(117)
117 product ratings - Apple iPhone 7 Plus - 128GB - Jet Black (ATT) A1784 (GSM)"
417,4.5 out of 5 stars,"(45)
45 product ratings - TESTED BLACK CDMA + GSM UNLOCKED APPLE iPhone 11, 128GB A2111 MWLE2LL/A J245T"
418,4.5 out of 5 stars,"(14)
14 product ratings - Samsung Galaxy Z Flip 256GB Mirror Black Unlocked **FREE Accessories & Shipping*"
419,4.5 out of 5 stars,"(19)
19 product ratings - MINT Samsung Galaxy A71 5G UW SM-A716V - 128GB - Prism Bricks Black (Verizon)"
420,4.5 out of 5 stars,"(57)
57 product ratings - Apple iPhone 8 Plus 64GB Factory Unlocked AT&T Verizon T-Mobile Unlocked"
421,4.5 out of 5 stars,"(200)
200 product ratings - FOUR TESTED GSM UNLOCKED SPACE GRAY APPLE iPhone 8, 64GB A1905 PHONES R385P"
422,4.5 out of 5 stars,"(20)
20 product ratings - Apple iPhone XR - 64GB - White (T-Mobile) A1984 (CDMA + GSM)"
423,5 out of 5 stars,"(126)
126 product ratings - Apple iPhone XR - 64GB - White (Unlocked) A1984 (CDMA + GSM)"
424,4.5 out of 5 stars,"(9)
9 product ratings - CAT S60 - 32GB - Black (Unlocked) Smartphone (Dual SIM)"
425,4.5 out of 5 stars,"(174)
174 product ratings - Apple iPhone 8 64GB Unlocked A1905 GSM - Space Gray - Used - Excellent Condition"
426,5 out of 5 stars,"(216)
216 product ratings - Apple iPhone X - Silver (64 GB) UNLOCKED"
427,4.5 out of 5 stars,"(33)
33 product ratings - LG Stylo 6 Unlocked Worldwide 64GB/3GBRam/13MP Camera(Brand New)"
428,4.5 out of 5 stars,"(5)
5 product ratings - Google Pixel 3 XL 64GB Unlocked - Used - White"
429,5 out of 5 stars,"(4)
4 product ratings - Samsung S21 Ultra * UNLOCKED & MINT * Extras Included"
430,5 out of 5 stars,"(8)
8 product ratings - TESTED GRAY CDMA + GSM UNLOCKED APPLE iPhone 11 PRO, 256GB A2160 MW9G2LL/A J60T"
431,5 out of 5 stars,"(11)
11 product ratings - Apple iPhone XS - 256GB - Gold (GSM Unlocked)"
432,4.5 out of 5 stars,"(23)
23 product ratings - Samsung Galaxy A21 Carrier Unlocked 32GB-4G Single Sim Worldwide (Brand New)"
433,4.5 out of 5 stars,"(98)
98 product ratings - READ DESCRIPTION Google Pixel 1st Gen (Unlocked) Smartphone Android 155"
434,4.5 out of 5 stars,"(33)
33 product ratings - Apple iPhone SE 64GB - Space Gray (Unlocked Sprint) A1723 (CDMA + GSM) MLMH2LL/A"
435,4.5 out of 5 stars,"(24)
24 product ratings - Apple iPhone 11 Pro Max - 256GB - Silver (Unlocked) A2161 (CDMA + GSM)"
436,4.5 out of 5 stars,"(22)
22 product ratings - UNLOCKED Sony Xperia XA2 Ultra 32GB Black Smartphone 4K Vid+23MP Cam Black B"
437,4.5 out of 5 stars,"(13)
13 product ratings - Google Pixel 1 Pixel XL 1 Gen Unlocked Android Smartphone GSM + CDMA 32,128, GB"
438,4.5 out of 5 stars,"(1)
1 product ratings - Apple iPhone 7 32GB Unlocked Smartphone AT&T Verizon T-Mobile Factory Unlocked"
439,5 out of 5 stars,"(94)
94 product ratings - TESTED BLACK CDMA + GSM UNLOCKED APPLE iPhone XR, 64GB A1984 MT3K2LL/A J190T"
440,5 out of 5 stars,"(40)
40 product ratings - [SEALED] BlackBerry Evolve 64GB Black GSM Unlocked Dual SIM International Model"
441,4.5 out of 5 stars,"(59)
59 product ratings - Apple iPhone 7 Plus - 32GB - A1784 - Gold (Unlocked)"
442,4.5 out of 5 stars,"(98)
98 product ratings - Apple iPhone 7 Plus - 32GB - Rose Gold (T-Mobile) (Unlocked)"
443,4.5 out of 5 stars,"(58)
58 product ratings - Apple iPhone 7 Plus - A1784 - 128GB - Gold (Unlocked)"
444,4.5 out of 5 stars,"(43)
43 product ratings - Google - Pixel 3 with 64GB Memory Cell Phone (Unlocked) - Not Pink - New SEALED"
445,4.5 out of 5 stars,"(15)
15 product ratings - Apple iPhone 7 Unlocked 32GB Black - AT&T T-Mobile Verizon GSM Unlocked"
446,5 out of 5 stars,"(4)
4 product ratings - Google - Pixel 3 XL with 128GB Memory Cell Phone (Unlocked) - Not Pink"
447,4.5 out of 5 stars,"(58)
58 product ratings - Google Pixel 3 Pixel 3 XL 64GB CDMA + GSM Unlocked 4G LTE Android Smartphone"
448,4.5 out of 5 stars,"(17)
17 product ratings - Apple iPhone 8 64GB Unlocked Smartphone AT&T Verizon T-Mobile Factory Unlocked"
449,5 out of 5 stars,"(1)
1 product ratings - Apple iPhone 7 32GB Factory Unlocked 4G LTE iOS WiFi Smartphone"
450,5 out of 5 stars,"(1)
1 product ratings - Caterpillar CAT B26 (Factory Unlocked) Waterproof Rugged GSM ONLY DUAL SIM NEW"
451,5 out of 5 stars,"(1)
1 product ratings - Apple iPhone 8 64GB GSM Factory Unlocked Smartphone"
452,4.5 out of 5 stars,"(4)
4 product ratings - Google - Pixel 3 XL with 128GB Memory Cell Phone (Unlocked) - Just Black"
453,4.5 out of 5 stars,"(117)
117 product ratings - Apple iPhone 7 Plus - 128GB - Jet Black (ATT) A1784 (GSM)"
454,4.5 out of 5 stars,"(45)
45 product ratings - TESTED BLACK CDMA + GSM UNLOCKED APPLE iPhone 11, 128GB A2111 MWLE2LL/A J245T"
455,4.5 out of 5 stars,"(14)
14 product ratings - Samsung Galaxy Z Flip 256GB Mirror Black Unlocked **FREE Accessories & Shipping*"
456,4.5 out of 5 stars,"(19)
19 product ratings - MINT Samsung Galaxy A71 5G UW SM-A716V - 128GB - Prism Bricks Black (Verizon)"
457,4.5 out of 5 stars,"(57)
57 product ratings - Apple iPhone 8 Plus 64GB Factory Unlocked AT&T Verizon T-Mobile Unlocked"
458,4.5 out of 5 stars,"(200)
200 product ratings - FOUR TESTED GSM UNLOCKED SPACE GRAY APPLE iPhone 8, 64GB A1905 PHONES R385P"
459,4.5 out of 5 stars,"(20)
20 product ratings - Apple iPhone XR - 64GB - White (T-Mobile) A1984 (CDMA + GSM)"
460,5 out of 5 stars,"(126)
126 product ratings - Apple iPhone XR - 64GB - White (Unlocked) A1984 (CDMA + GSM)"
461,4.5 out of 5 stars,"(9)
9 product ratings - CAT S60 - 32GB - Black (Unlocked) Smartphone (Dual SIM)"
462,4.5 out of 5 stars,"(174)
174 product ratings - Apple iPhone 8 64GB Unlocked A1905 GSM - Space Gray - Used - Excellent Condition"
463,5 out of 5 stars,"(216)
216 product ratings - Apple iPhone X - Silver (64 GB) UNLOCKED"
464,4.5 out of 5 stars,"(33)
33 product ratings - LG Stylo 6 Unlocked Worldwide 64GB/3GBRam/13MP Camera(Brand New)"
465,4.5 out of 5 stars,"(5)
5 product ratings - Google Pixel 3 XL 64GB Unlocked - Used - White"
466,5 out of 5 stars,"(4)
4 product ratings - Samsung S21 Ultra * UNLOCKED & MINT * Extras Included"
467,5 out of 5 stars,"(8)
8 product ratings - TESTED GRAY CDMA + GSM UNLOCKED APPLE iPhone 11 PRO, 256GB A2160 MW9G2LL/A J60T"
468,5 out of 5 stars,"(11)
11 product ratings - Apple iPhone XS - 256GB - Gold (GSM Unlocked)"
469,4.5 out of 5 stars,"(23)
23 product ratings - Samsung Galaxy A21 Carrier Unlocked 32GB-4G Single Sim Worldwide (Brand New)"
470,4.5 out of 5 stars,"(98)
98 product ratings - READ DESCRIPTION Google Pixel 1st Gen (Unlocked) Smartphone Android 155"
471,4.5 out of 5 stars,"(33)
33 product ratings - Apple iPhone SE 64GB - Space Gray (Unlocked Sprint) A1723 (CDMA + GSM) MLMH2LL/A"
472,4.5 out of 5 stars,"(24)
24 product ratings - Apple iPhone 11 Pro Max - 256GB - Silver (Unlocked) A2161 (CDMA + GSM)"
473,4.5 out of 5 stars,"(22)
22 product ratings - UNLOCKED Sony Xperia XA2 Ultra 32GB Black Smartphone 4K Vid+23MP Cam Black B"
474,4.5 out of 5 stars,"(13)
13 product ratings - Google Pixel 1 Pixel XL 1 Gen Unlocked Android Smartphone GSM + CDMA 32,128, GB"
475,4.5 out of 5 stars,"(1)
1 product ratings - Apple iPhone 7 32GB Unlocked Smartphone AT&T Verizon T-Mobile Factory Unlocked"
476,5 out of 5 stars,"(94)
94 product ratings - TESTED BLACK CDMA + GSM UNLOCKED APPLE iPhone XR, 64GB A1984 MT3K2LL/A J190T"
477,5 out of 5 stars,"(40)
40 product ratings - [SEALED] BlackBerry Evolve 64GB Black GSM Unlocked Dual SIM International Model"
478,4.5 out of 5 stars,"(59)
59 product ratings - Apple iPhone 7 Plus - 32GB - A1784 - Gold (Unlocked)"
479,4.5 out of 5 stars,"(98)
98 product ratings - Apple iPhone 7 Plus - 32GB - Rose Gold (T-Mobile) (Unlocked)"
480,4.5 out of 5 stars,"(58)
58 product ratings - Apple iPhone 7 Plus - A1784 - 128GB - Gold (Unlocked)"
481,4.5 out of 5 stars,"(43)
43 product ratings - Google - Pixel 3 with 64GB Memory Cell Phone (Unlocked) - Not Pink - New SEALED"
482,4.5 out of 5 stars,"(15)
15 product ratings - Apple iPhone 7 Unlocked 32GB Black - AT&T T-Mobile Verizon GSM Unlocked"
483,5 out of 5 stars,"(4)
4 product ratings - Google - Pixel 3 XL with 128GB Memory Cell Phone (Unlocked) - Not Pink"
484,4.5 out of 5 stars,"(58)
58 product ratings - Google Pixel 3 Pixel 3 XL 64GB CDMA + GSM Unlocked 4G LTE Android Smartphone"
485,4.5 out of 5 stars,"(17)
17 product ratings - Apple iPhone 8 64GB Unlocked Smartphone AT&T Verizon T-Mobile Factory Unlocked"
486,5 out of 5 stars,"(1)
1 product ratings - Apple iPhone 7 32GB Factory Unlocked 4G LTE iOS WiFi Smartphone"
487,5 out of 5 stars,"(1)
1 product ratings - Caterpillar CAT B26 (Factory Unlocked) Waterproof Rugged GSM ONLY DUAL SIM NEW"
488,5 out of 5 stars,"(1)
1 product ratings - Apple iPhone 8 64GB GSM Factory Unlocked Smartphone"
489,4.5 out of 5 stars,"(4)
4 product ratings - Google - Pixel 3 XL with 128GB Memory Cell Phone (Unlocked) - Just Black"
490,4.5 out of 5 stars,"(117)
117 product ratings - Apple iPhone 7 Plus - 128GB - Jet Black (ATT) A1784 (GSM)"
491,4.5 out of 5 stars,"(45)
45 product ratings - TESTED BLACK CDMA + GSM UNLOCKED APPLE iPhone 11, 128GB A2111 MWLE2LL/A J245T"
492,4.5 out of 5 stars,"(14)
14 product ratings - Samsung Galaxy Z Flip 256GB Mirror Black Unlocked **FREE Accessories & Shipping*"
493,4.5 out of 5 stars,"(19)
19 product ratings - MINT Samsung Galaxy A71 5G UW SM-A716V - 128GB - Prism Bricks Black (Verizon)"
494,4.5 out of 5 stars,"(57)
57 product ratings - Apple iPhone 8 Plus 64GB Factory Unlocked AT&T Verizon T-Mobile Unlocked"
495,4.5 out of 5 stars,"(200)
200 product ratings - FOUR TESTED GSM UNLOCKED SPACE GRAY APPLE iPhone 8, 64GB A1905 PHONES R385P"
496,4.5 out of 5 stars,"(20)
20 product ratings - Apple iPhone XR - 64GB - White (T-Mobile) A1984 (CDMA + GSM)"
497,5 out of 5 stars,"(126)
126 product ratings - Apple iPhone XR - 64GB - White (Unlocked) A1984 (CDMA + GSM)"
498,4.5 out of 5 stars,"(9)
9 product ratings - CAT S60 - 32GB - Black (Unlocked) Smartphone (Dual SIM)"
499,4.5 out of 5 stars,"(174)
174 product ratings - Apple iPhone 8 64GB Unlocked A1905 GSM - Space Gray - Used - Excellent Condition"
500,5 out of 5 stars,"(216)
216 product ratings - Apple iPhone X - Silver (64 GB) UNLOCKED"
501,4.5 out of 5 stars,"(33)
33 product ratings - LG Stylo 6 Unlocked Worldwide 64GB/3GBRam/13MP Camera(Brand New)"
502,4.5 out of 5 stars,"(5)
5 product ratings - Google Pixel 3 XL 64GB Unlocked - Used - White"
503,5 out of 5 stars,"(4)
4 product ratings - Samsung S21 Ultra * UNLOCKED & MINT * Extras Included"
504,5 out of 5 stars,"(8)
8 product ratings - TESTED GRAY CDMA + GSM UNLOCKED APPLE iPhone 11 PRO, 256GB A2160 MW9G2LL/A J60T"
505,5 out of 5 stars,"(11)
11 product ratings - Apple iPhone XS - 256GB - Gold (GSM Unlocked)"
506,4.5 out of 5 stars,"(23)
23 product ratings - Samsung Galaxy A21 Carrier Unlocked 32GB-4G Single Sim Worldwide (Brand New)"
507,4.5 out of 5 stars,"(98)
98 product ratings - READ DESCRIPTION Google Pixel 1st Gen (Unlocked) Smartphone Android 155"
508,4.5 out of 5 stars,"(33)
33 product ratings - Apple iPhone SE 64GB - Space Gray (Unlocked Sprint) A1723 (CDMA + GSM) MLMH2LL/A"
509,4.5 out of 5 stars,"(24)
24 product ratings - Apple iPhone 11 Pro Max - 256GB - Silver (Unlocked) A2161 (CDMA + GSM)"
510,4.5 out of 5 stars,"(22)
22 product ratings - UNLOCKED Sony Xperia XA2 Ultra 32GB Black Smartphone 4K Vid+23MP Cam Black B"
511,4.5 out of 5 stars,"(13)
13 product ratings - Google Pixel 1 Pixel XL 1 Gen Unlocked Android Smartphone GSM + CDMA 32,128, GB"
512,4.5 out of 5 stars,"(1)
1 product ratings - Apple iPhone 7 32GB Unlocked Smartphone AT&T Verizon T-Mobile Factory Unlocked"
513,5 out of 5 stars,"(94)
94 product ratings - TESTED BLACK CDMA + GSM UNLOCKED APPLE iPhone XR, 64GB A1984 MT3K2LL/A J190T"
514,5 out of 5 stars,"(40)
40 product ratings - [SEALED] BlackBerry Evolve 64GB Black GSM Unlocked Dual SIM International Model"
515,4.5 out of 5 stars,"(59)
59 product ratings - Apple iPhone 7 Plus - 32GB - A1784 - Gold (Unlocked)"
516,4.5 out of 5 stars,"(98)
98 product ratings - Apple iPhone 7 Plus - 32GB - Rose Gold (T-Mobile) (Unlocked)"
517,4.5 out of 5 stars,"(58)
58 product ratings - Apple iPhone 7 Plus - A1784 - 128GB - Gold (Unlocked)"
518,4.5 out of 5 stars,"(43)
43 product ratings - Google - Pixel 3 with 64GB Memory Cell Phone (Unlocked) - Not Pink - New SEALED"
519,4.5 out of 5 stars,"(15)
15 product ratings - Apple iPhone 7 Unlocked 32GB Black - AT&T T-Mobile Verizon GSM Unlocked"
520,5 out of 5 stars,"(4)
4 product ratings - Google - Pixel 3 XL with 128GB Memory Cell Phone (Unlocked) - Not Pink"
521,4.5 out of 5 stars,"(58)
58 product ratings - Google Pixel 3 Pixel 3 XL 64GB CDMA + GSM Unlocked 4G LTE Android Smartphone"
522,4.5 out of 5 stars,"(17)
17 product ratings - Apple iPhone 8 64GB Unlocked Smartphone AT&T Verizon T-Mobile Factory Unlocked"
523,5 out of 5 stars,"(1)
1 product ratings - Apple iPhone 7 32GB Factory Unlocked 4G LTE iOS WiFi Smartphone"
524,5 out of 5 stars,"(1)
1 product ratings - Caterpillar CAT B26 (Factory Unlocked) Waterproof Rugged GSM ONLY DUAL SIM NEW"
525,5 out of 5 stars,"(1)
1 product ratings - Apple iPhone 8 64GB GSM Factory Unlocked Smartphone"
526,4.5 out of 5 stars,"(4)
4 product ratings - Google - Pixel 3 XL with 128GB Memory Cell Phone (Unlocked) - Just Black"
527,4.5 out of 5 stars,"(117)
117 product ratings - Apple iPhone 7 Plus - 128GB - Jet Black (ATT) A1784 (GSM)"
528,4.5 out of 5 stars,"(45)
45 product ratings - TESTED BLACK CDMA + GSM UNLOCKED APPLE iPhone 11, 128GB A2111 MWLE2LL/A J245T"
529,4.5 out of 5 stars,"(14)
14 product ratings - Samsung Galaxy Z Flip 256GB Mirror Black Unlocked **FREE Accessories & Shipping*"
530,4.5 out of 5 stars,"(19)
19 product ratings - MINT Samsung Galaxy A71 5G UW SM-A716V - 128GB - Prism Bricks Black (Verizon)"
531,4.5 out of 5 stars,"(57)
57 product ratings - Apple iPhone 8 Plus 64GB Factory Unlocked AT&T Verizon T-Mobile Unlocked"
532,4.5 out of 5 stars,"(200)
200 product ratings - FOUR TESTED GSM UNLOCKED SPACE GRAY APPLE iPhone 8, 64GB A1905 PHONES R385P"
533,4.5 out of 5 stars,"(20)
20 product ratings - Apple iPhone XR - 64GB - White (T-Mobile) A1984 (CDMA + GSM)"
534,5 out of 5 stars,"(126)
126 product ratings - Apple iPhone XR - 64GB - White (Unlocked) A1984 (CDMA + GSM)"
535,4.5 out of 5 stars,"(9)
9 product ratings - CAT S60 - 32GB - Black (Unlocked) Smartphone (Dual SIM)"
536,4.5 out of 5 stars,"(174)
174 product ratings - Apple iPhone 8 64GB Unlocked A1905 GSM - Space Gray - Used - Excellent Condition"
537,5 out of 5 stars,"(216)
216 product ratings - Apple iPhone X - Silver (64 GB) UNLOCKED"
538,4.5 out of 5 stars,"(33)
33 product ratings - LG Stylo 6 Unlocked Worldwide 64GB/3GBRam/13MP Camera(Brand New)"
539,4.5 out of 5 stars,"(5)
5 product ratings - Google Pixel 3 XL 64GB Unlocked - Used - White"
540,5 out of 5 stars,"(4)
4 product ratings - Samsung S21 Ultra * UNLOCKED & MINT * Extras Included"
541,5 out of 5 stars,"(8)
8 product ratings - TESTED GRAY CDMA + GSM UNLOCKED APPLE iPhone 11 PRO, 256GB A2160 MW9G2LL/A J60T"
542,5 out of 5 stars,"(11)
11 product ratings - Apple iPhone XS - 256GB - Gold (GSM Unlocked)"
543,4.5 out of 5 stars,"(23)
23 product ratings - Samsung Galaxy A21 Carrier Unlocked 32GB-4G Single Sim Worldwide (Brand New)"
544,4.5 out of 5 stars,"(98)
98 product ratings - READ DESCRIPTION Google Pixel 1st Gen (Unlocked) Smartphone Android 155"
545,4.5 out of 5 stars,"(33)
33 product ratings - Apple iPhone SE 64GB - Space Gray (Unlocked Sprint) A1723 (CDMA + GSM) MLMH2LL/A"
546,4.5 out of 5 stars,"(24)
24 product ratings - Apple iPhone 11 Pro Max - 256GB - Silver (Unlocked) A2161 (CDMA + GSM)"
547,4.5 out of 5 stars,"(22)
22 product ratings - UNLOCKED Sony Xperia XA2 Ultra 32GB Black Smartphone 4K Vid+23MP Cam Black B"
548,4.5 out of 5 stars,"(13)
13 product ratings - Google Pixel 1 Pixel XL 1 Gen Unlocked Android Smartphone GSM + CDMA 32,128, GB"
549,4.5 out of 5 stars,"(1)
1 product ratings - Apple iPhone 7 32GB Unlocked Smartphone AT&T Verizon T-Mobile Factory Unlocked"
550,5 out of 5 stars,"(94)
94 product ratings - TESTED BLACK CDMA + GSM UNLOCKED APPLE iPhone XR, 64GB A1984 MT3K2LL/A J190T"
551,5 out of 5 stars,"(40)
40 product ratings - [SEALED] BlackBerry Evolve 64GB Black GSM Unlocked Dual SIM International Model"
552,4.5 out of 5 stars,"(59)
59 product ratings - Apple iPhone 7 Plus - 32GB - A1784 - Gold (Unlocked)"
553,4.5 out of 5 stars,"(98)
98 product ratings - Apple iPhone 7 Plus - 32GB - Rose Gold (T-Mobile) (Unlocked)"
554,4.5 out of 5 stars,"(58)
58 product ratings - Apple iPhone 7 Plus - A1784 - 128GB - Gold (Unlocked)"
555,4.5 out of 5 stars,"(43)
43 product ratings - Google - Pixel 3 with 64GB Memory Cell Phone (Unlocked) - Not Pink - New SEALED"
556,4.5 out of 5 stars,"(15)
15 product ratings - Apple iPhone 7 Unlocked 32GB Black - AT&T T-Mobile Verizon GSM Unlocked"
557,5 out of 5 stars,"(4)
4 product ratings - Google - Pixel 3 XL with 128GB Memory Cell Phone (Unlocked) - Not Pink"
558,4.5 out of 5 stars,"(58)
58 product ratings - Google Pixel 3 Pixel 3 XL 64GB CDMA + GSM Unlocked 4G LTE Android Smartphone"
559,4.5 out of 5 stars,"(17)
17 product ratings - Apple iPhone 8 64GB Unlocked Smartphone AT&T Verizon T-Mobile Factory Unlocked"
560,5 out of 5 stars,"(1)
1 product ratings - Apple iPhone 7 32GB Factory Unlocked 4G LTE iOS WiFi Smartphone"
561,5 out of 5 stars,"(1)
1 product ratings - Caterpillar CAT B26 (Factory Unlocked) Waterproof Rugged GSM ONLY DUAL SIM NEW"
562,5 out of 5 stars,"(1)
1 product ratings - Apple iPhone 8 64GB GSM Factory Unlocked Smartphone"
563,4.5 out of 5 stars,"(4)
4 product ratings - Google - Pixel 3 XL with 128GB Memory Cell Phone (Unlocked) - Just Black"
564,4.5 out of 5 stars,"(117)
117 product ratings - Apple iPhone 7 Plus - 128GB - Jet Black (ATT) A1784 (GSM)"
565,4.5 out of 5 stars,"(45)
45 product ratings - TESTED BLACK CDMA + GSM UNLOCKED APPLE iPhone 11, 128GB A2111 MWLE2LL/A J245T"
566,4.5 out of 5 stars,"(14)
14 product ratings - Samsung Galaxy Z Flip 256GB Mirror Black Unlocked **FREE Accessories & Shipping*"
567,4.5 out of 5 stars,"(19)
19 product ratings - MINT Samsung Galaxy A71 5G UW SM-A716V - 128GB - Prism Bricks Black (Verizon)"
568,4.5 out of 5 stars,"(57)
57 product ratings - Apple iPhone 8 Plus 64GB Factory Unlocked AT&T Verizon T-Mobile Unlocked"
569,4.5 out of 5 stars,"(200)
200 product ratings - FOUR TESTED GSM UNLOCKED SPACE GRAY APPLE iPhone 8, 64GB A1905 PHONES R385P"
570,4.5 out of 5 stars,"(20)
20 product ratings - Apple iPhone XR - 64GB - White (T-Mobile) A1984 (CDMA + GSM)"
571,5 out of 5 stars,"(126)
126 product ratings - Apple iPhone XR - 64GB - White (Unlocked) A1984 (CDMA + GSM)"
572,4.5 out of 5 stars,"(9)
9 product ratings - CAT S60 - 32GB - Black (Unlocked) Smartphone (Dual SIM)"
573,4.5 out of 5 stars,"(174)
174 product ratings - Apple iPhone 8 64GB Unlocked A1905 GSM - Space Gray - Used - Excellent Condition"
574,5 out of 5 stars,"(216)
216 product ratings - Apple iPhone X - Silver (64 GB) UNLOCKED"
575,4.5 out of 5 stars,"(33)
33 product ratings - LG Stylo 6 Unlocked Worldwide 64GB/3GBRam/13MP Camera(Brand New)"
576,4.5 out of 5 stars,"(5)
5 product ratings - Google Pixel 3 XL 64GB Unlocked - Used - White"
577,5 out of 5 stars,"(4)
4 product ratings - Samsung S21 Ultra * UNLOCKED & MINT * Extras Included"
578,5 out of 5 stars,"(8)
8 product ratings - TESTED GRAY CDMA + GSM UNLOCKED APPLE iPhone 11 PRO, 256GB A2160 MW9G2LL/A J60T"
579,5 out of 5 stars,"(11)
11 product ratings - Apple iPhone XS - 256GB - Gold (GSM Unlocked)"
580,4.5 out of 5 stars,"(23)
23 product ratings - Samsung Galaxy A21 Carrier Unlocked 32GB-4G Single Sim Worldwide (Brand New)"
581,4.5 out of 5 stars,"(98)
98 product ratings - READ DESCRIPTION Google Pixel 1st Gen (Unlocked) Smartphone Android 155"
582,4.5 out of 5 stars,"(33)
33 product ratings - Apple iPhone SE 64GB - Space Gray (Unlocked Sprint) A1723 (CDMA + GSM) MLMH2LL/A"
583,4.5 out of 5 stars,"(24)
24 product ratings - Apple iPhone 11 Pro Max - 256GB - Silver (Unlocked) A2161 (CDMA + GSM)"
584,4.5 out of 5 stars,"(22)
22 product ratings - UNLOCKED Sony Xperia XA2 Ultra 32GB Black Smartphone 4K Vid+23MP Cam Black B"
585,4.5 out of 5 stars,"(13)
13 product ratings - Google Pixel 1 Pixel XL 1 Gen Unlocked Android Smartphone GSM + CDMA 32,128, GB"
586,4.5 out of 5 stars,"(1)
1 product ratings - Apple iPhone 7 32GB Unlocked Smartphone AT&T Verizon T-Mobile Factory Unlocked"
587,5 out of 5 stars,"(94)
94 product ratings - TESTED BLACK CDMA + GSM UNLOCKED APPLE iPhone XR, 64GB A1984 MT3K2LL/A J190T"
588,5 out of 5 stars,"(40)
40 product ratings - [SEALED] BlackBerry Evolve 64GB Black GSM Unlocked Dual SIM International Model"
589,4.5 out of 5 stars,"(59)
59 product ratings - Apple iPhone 7 Plus - 32GB - A1784 - Gold (Unlocked)"
590,4.5 out of 5 stars,"(98)
98 product ratings - Apple iPhone 7 Plus - 32GB - Rose Gold (T-Mobile) (Unlocked)"
591,4.5 out of 5 stars,"(58)
58 product ratings - Apple iPhone 7 Plus - A1784 - 128GB - Gold (Unlocked)"
592,4.5 out of 5 stars,"(43)
43 product ratings - Google - Pixel 3 with 64GB Memory Cell Phone (Unlocked) - Not Pink - New SEALED"
593,4.5 out of 5 stars,"(15)
15 product ratings - Apple iPhone 7 Unlocked 32GB Black - AT&T T-Mobile Verizon GSM Unlocked"
594,5 out of 5 stars,"(4)
4 product ratings - Google - Pixel 3 XL with 128GB Memory Cell Phone (Unlocked) - Not Pink"
595,4.5 out of 5 stars,"(58)
58 product ratings - Google Pixel 3 Pixel 3 XL 64GB CDMA + GSM Unlocked 4G LTE Android Smartphone"
596,4.5 out of 5 stars,"(17)
17 product ratings - Apple iPhone 8 64GB Unlocked Smartphone AT&T Verizon T-Mobile Factory Unlocked"
597,5 out of 5 stars,"(1)
1 product ratings - Apple iPhone 7 32GB Factory Unlocked 4G LTE iOS WiFi Smartphone"
598,5 out of 5 stars,"(1)
1 product ratings - Caterpillar CAT B26 (Factory Unlocked) Waterproof Rugged GSM ONLY DUAL SIM NEW"
599,5 out of 5 stars,"(1)
1 product ratings - Apple iPhone 8 64GB GSM Factory Unlocked Smartphone"
600,4.5 out of 5 stars,"(4)
4 product ratings - Google - Pixel 3 XL with 128GB Memory Cell Phone (Unlocked) - Just Black"
601,4.5 out of 5 stars,"(117)
117 product ratings - Apple iPhone 7 Plus - 128GB - Jet Black (ATT) A1784 (GSM)"
602,4.5 out of 5 stars,"(45)
45 product ratings - TESTED BLACK CDMA + GSM UNLOCKED APPLE iPhone 11, 128GB A2111 MWLE2LL/A J245T"
603,4.5 out of 5 stars,"(14)
14 product ratings - Samsung Galaxy Z Flip 256GB Mirror Black Unlocked **FREE Accessories & Shipping*"
604,4.5 out of 5 stars,"(19)
19 product ratings - MINT Samsung Galaxy A71 5G UW SM-A716V - 128GB - Prism Bricks Black (Verizon)"
605,4.5 out of 5 stars,"(57)
57 product ratings - Apple iPhone 8 Plus 64GB Factory Unlocked AT&T Verizon T-Mobile Unlocked"
606,4.5 out of 5 stars,"(200)
200 product ratings - FOUR TESTED GSM UNLOCKED SPACE GRAY APPLE iPhone 8, 64GB A1905 PHONES R385P"
607,4.5 out of 5 stars,"(20)
20 product ratings - Apple iPhone XR - 64GB - White (T-Mobile) A1984 (CDMA + GSM)"
608,5 out of 5 stars,"(126)
126 product ratings - Apple iPhone XR - 64GB - White (Unlocked) A1984 (CDMA + GSM)"
609,4.5 out of 5 stars,"(9)
9 product ratings - CAT S60 - 32GB - Black (Unlocked) Smartphone (Dual SIM)"
610,4.5 out of 5 stars,"(174)
174 product ratings - Apple iPhone 8 64GB Unlocked A1905 GSM - Space Gray - Used - Excellent Condition"
611,5 out of 5 stars,"(216)
216 product ratings - Apple iPhone X - Silver (64 GB) UNLOCKED"
612,4.5 out of 5 stars,"(33)
33 product ratings - LG Stylo 6 Unlocked Worldwide 64GB/3GBRam/13MP Camera(Brand New)"
613,4.5 out of 5 stars,"(5)
5 product ratings - Google Pixel 3 XL 64GB Unlocked - Used - White"
614,5 out of 5 stars,"(4)
4 product ratings - Samsung S21 Ultra * UNLOCKED & MINT * Extras Included"
615,5 out of 5 stars,"(8)
8 product ratings - TESTED GRAY CDMA + GSM UNLOCKED APPLE iPhone 11 PRO, 256GB A2160 MW9G2LL/A J60T"
616,5 out of 5 stars,"(11)
11 product ratings - Apple iPhone XS - 256GB - Gold (GSM Unlocked)"
617,4.5 out of 5 stars,"(23)
23 product ratings - Samsung Galaxy A21 Carrier Unlocked 32GB-4G Single Sim Worldwide (Brand New)"
618,4.5 out of 5 stars,"(98)
98 product ratings - READ DESCRIPTION Google Pixel 1st Gen (Unlocked) Smartphone Android 155"
619,4.5 out of 5 stars,"(33)
33 product ratings - Apple iPhone SE 64GB - Space Gray (Unlocked Sprint) A1723 (CDMA + GSM) MLMH2LL/A"
620,4.5 out of 5 stars,"(24)
24 product ratings - Apple iPhone 11 Pro Max - 256GB - Silver (Unlocked) A2161 (CDMA + GSM)"
621,4.5 out of 5 stars,"(22)
22 product ratings - UNLOCKED Sony Xperia XA2 Ultra 32GB Black Smartphone 4K Vid+23MP Cam Black B"
622,4.5 out of 5 stars,"(13)
13 product ratings - Google Pixel 1 Pixel XL 1 Gen Unlocked Android Smartphone GSM + CDMA 32,128, GB"
623,4.5 out of 5 stars,"(1)
1 product ratings - Apple iPhone 7 32GB Unlocked Smartphone AT&T Verizon T-Mobile Factory Unlocked"
624,5 out of 5 stars,"(94)
94 product ratings - TESTED BLACK CDMA + GSM UNLOCKED APPLE iPhone XR, 64GB A1984 MT3K2LL/A J190T"
625,5 out of 5 stars,"(40)
40 product ratings - [SEALED] BlackBerry Evolve 64GB Black GSM Unlocked Dual SIM International Model"
626,4.5 out of 5 stars,"(59)
59 product ratings - Apple iPhone 7 Plus - 32GB - A1784 - Gold (Unlocked)"
627,4.5 out of 5 stars,"(98)
98 product ratings - Apple iPhone 7 Plus - 32GB - Rose Gold (T-Mobile) (Unlocked)"
628,4.5 out of 5 stars,"(58)
58 product ratings - Apple iPhone 7 Plus - A1784 - 128GB - Gold (Unlocked)"
629,4.5 out of 5 stars,"(43)
43 product ratings - Google - Pixel 3 with 64GB Memory Cell Phone (Unlocked) - Not Pink - New SEALED"
630,4.5 out of 5 stars,"(15)
15 product ratings - Apple iPhone 7 Unlocked 32GB Black - AT&T T-Mobile Verizon GSM Unlocked"
631,5 out of 5 stars,"(4)
4 product ratings - Google - Pixel 3 XL with 128GB Memory Cell Phone (Unlocked) - Not Pink"
632,4.5 out of 5 stars,"(58)
58 product ratings - Google Pixel 3 Pixel 3 XL 64GB CDMA + GSM Unlocked 4G LTE Android Smartphone"
633,4.5 out of 5 stars,"(17)
17 product ratings - Apple iPhone 8 64GB Unlocked Smartphone AT&T Verizon T-Mobile Factory Unlocked"
634,5 out of 5 stars,"(1)
1 product ratings - Apple iPhone 7 32GB Factory Unlocked 4G LTE iOS WiFi Smartphone"
635,5 out of 5 stars,"(1)
1 product ratings - Caterpillar CAT B26 (Factory Unlocked) Waterproof Rugged GSM ONLY DUAL SIM NEW"
636,5 out of 5 stars,"(1)
1 product ratings - Apple iPhone 8 64GB GSM Factory Unlocked Smartphone"
637,4.5 out of 5 stars,"(4)
4 product ratings - Google - Pixel 3 XL with 128GB Memory Cell Phone (Unlocked) - Just Black"
638,4.5 out of 5 stars,"(117)
117 product ratings - Apple iPhone 7 Plus - 128GB - Jet Black (ATT) A1784 (GSM)"
639,4.5 out of 5 stars,"(45)
45 product ratings - TESTED BLACK CDMA + GSM UNLOCKED APPLE iPhone 11, 128GB A2111 MWLE2LL/A J245T"
640,4.5 out of 5 stars,"(14)
14 product ratings - Samsung Galaxy Z Flip 256GB Mirror Black Unlocked **FREE Accessories & Shipping*"
641,4.5 out of 5 stars,"(19)
19 product ratings - MINT Samsung Galaxy A71 5G UW SM-A716V - 128GB - Prism Bricks Black (Verizon)"
642,4.5 out of 5 stars,"(57)
57 product ratings - Apple iPhone 8 Plus 64GB Factory Unlocked AT&T Verizon T-Mobile Unlocked"
643,4.5 out of 5 stars,"(200)
200 product ratings - FOUR TESTED GSM UNLOCKED SPACE GRAY APPLE iPhone 8, 64GB A1905 PHONES R385P"
644,4.5 out of 5 stars,"(20)
20 product ratings - Apple iPhone XR - 64GB - White (T-Mobile) A1984 (CDMA + GSM)"
645,5 out of 5 stars,"(126)
126 product ratings - Apple iPhone XR - 64GB - White (Unlocked) A1984 (CDMA + GSM)"
646,4.5 out of 5 stars,"(9)
9 product ratings - CAT S60 - 32GB - Black (Unlocked) Smartphone (Dual SIM)"
647,4.5 out of 5 stars,"(174)
174 product ratings - Apple iPhone 8 64GB Unlocked A1905 GSM - Space Gray - Used - Excellent Condition"
648,5 out of 5 stars,"(216)
216 product ratings - Apple iPhone X - Silver (64 GB) UNLOCKED"
649,4.5 out of 5 stars,"(33)
33 product ratings - LG Stylo 6 Unlocked Worldwide 64GB/3GBRam/13MP Camera(Brand New)"
650,4.5 out of 5 stars,"(5)
5 product ratings - Google Pixel 3 XL 64GB Unlocked - Used - White"
651,5 out of 5 stars,"(4)
4 product ratings - Samsung S21 Ultra * UNLOCKED & MINT * Extras Included"
652,5 out of 5 stars,"(8)
8 product ratings - TESTED GRAY CDMA + GSM UNLOCKED APPLE iPhone 11 PRO, 256GB A2160 MW9G2LL/A J60T"
653,5 out of 5 stars,"(11)
11 product ratings - Apple iPhone XS - 256GB - Gold (GSM Unlocked)"
654,4.5 out of 5 stars,"(23)
23 product ratings - Samsung Galaxy A21 Carrier Unlocked 32GB-4G Single Sim Worldwide (Brand New)"
655,4.5 out of 5 stars,"(98)
98 product ratings - READ DESCRIPTION Google Pixel 1st Gen (Unlocked) Smartphone Android 155"
656,4.5 out of 5 stars,"(33)
33 product ratings - Apple iPhone SE 64GB - Space Gray (Unlocked Sprint) A1723 (CDMA + GSM) MLMH2LL/A"
657,4.5 out of 5 stars,"(24)
24 product ratings - Apple iPhone 11 Pro Max - 256GB - Silver (Unlocked) A2161 (CDMA + GSM)"
658,4.5 out of 5 stars,"(22)
22 product ratings - UNLOCKED Sony Xperia XA2 Ultra 32GB Black Smartphone 4K Vid+23MP Cam Black B"
659,4.5 out of 5 stars,"(13)
13 product ratings - Google Pixel 1 Pixel XL 1 Gen Unlocked Android Smartphone GSM + CDMA 32,128, GB"
660,4.5 out of 5 stars,"(1)
1 product ratings - Apple iPhone 7 32GB Unlocked Smartphone AT&T Verizon T-Mobile Factory Unlocked"
661,5 out of 5 stars,"(94)
94 product ratings - TESTED BLACK CDMA + GSM UNLOCKED APPLE iPhone XR, 64GB A1984 MT3K2LL/A J190T"
662,5 out of 5 stars,"(40)
40 product ratings - [SEALED] BlackBerry Evolve 64GB Black GSM Unlocked Dual SIM International Model"
663,4.5 out of 5 stars,"(59)
59 product ratings - Apple iPhone 7 Plus - 32GB - A1784 - Gold (Unlocked)"
664,4.5 out of 5 stars,"(98)
98 product ratings - Apple iPhone 7 Plus - 32GB - Rose Gold (T-Mobile) (Unlocked)"
665,4.5 out of 5 stars,"(58)
58 product ratings - Apple iPhone 7 Plus - A1784 - 128GB - Gold (Unlocked)"
666,4.5 out of 5 stars,"(43)
43 product ratings - Google - Pixel 3 with 64GB Memory Cell Phone (Unlocked) - Not Pink - New SEALED"
667,4.5 out of 5 stars,"(15)
15 product ratings - Apple iPhone 7 Unlocked 32GB Black - AT&T T-Mobile Verizon GSM Unlocked"
668,5 out of 5 stars,"(4)
4 product ratings - Google - Pixel 3 XL with 128GB Memory Cell Phone (Unlocked) - Not Pink"
669,4.5 out of 5 stars,"(58)
58 product ratings - Google Pixel 3 Pixel 3 XL 64GB CDMA + GSM Unlocked 4G LTE Android Smartphone"
670,4.5 out of 5 stars,"(17)
17 product ratings - Apple iPhone 8 64GB Unlocked Smartphone AT&T Verizon T-Mobile Factory Unlocked"
671,5 out of 5 stars,"(1)
1 product ratings - Apple iPhone 7 32GB Factory Unlocked 4G LTE iOS WiFi Smartphone"
672,5 out of 5 stars,"(1)
1 product ratings - Caterpillar CAT B26 (Factory Unlocked) Waterproof Rugged GSM ONLY DUAL SIM NEW"
673,5 out of 5 stars,"(1)
1 product ratings - Apple iPhone 8 64GB GSM Factory Unlocked Smartphone"
674,4.5 out of 5 stars,"(4)
4 product ratings - Google - Pixel 3 XL with 128GB Memory Cell Phone (Unlocked) - Just Black"
675,4.5 out of 5 stars,"(117)
117 product ratings - Apple iPhone 7 Plus - 128GB - Jet Black (ATT) A1784 (GSM)"
676,4.5 out of 5 stars,"(45)
45 product ratings - TESTED BLACK CDMA + GSM UNLOCKED APPLE iPhone 11, 128GB A2111 MWLE2LL/A J245T"
677,4.5 out of 5 stars,"(14)
14 product ratings - Samsung Galaxy Z Flip 256GB Mirror Black Unlocked **FREE Accessories & Shipping*"
678,4.5 out of 5 stars,"(19)
19 product ratings - MINT Samsung Galaxy A71 5G UW SM-A716V - 128GB - Prism Bricks Black (Verizon)"
679,4.5 out of 5 stars,"(57)
57 product ratings - Apple iPhone 8 Plus 64GB Factory Unlocked AT&T Verizon T-Mobile Unlocked"
680,4.5 out of 5 stars,"(200)
200 product ratings - FOUR TESTED GSM UNLOCKED SPACE GRAY APPLE iPhone 8, 64GB A1905 PHONES R385P"
681,4.5 out of 5 stars,"(20)
20 product ratings - Apple iPhone XR - 64GB - White (T-Mobile) A1984 (CDMA + GSM)"
682,5 out of 5 stars,"(126)
126 product ratings - Apple iPhone XR - 64GB - White (Unlocked) A1984 (CDMA + GSM)"
683,4.5 out of 5 stars,"(9)
9 product ratings - CAT S60 - 32GB - Black (Unlocked) Smartphone (Dual SIM)"
684,4.5 out of 5 stars,"(174)
174 product ratings - Apple iPhone 8 64GB Unlocked A1905 GSM - Space Gray - Used - Excellent Condition"
685,5 out of 5 stars,"(216)
216 product ratings - Apple iPhone X - Silver (64 GB) UNLOCKED"
686,4.5 out of 5 stars,"(33)
33 product ratings - LG Stylo 6 Unlocked Worldwide 64GB/3GBRam/13MP Camera(Brand New)"
687,4.5 out of 5 stars,"(5)
5 product ratings - Google Pixel 3 XL 64GB Unlocked - Used - White"
688,5 out of 5 stars,"(4)
4 product ratings - Samsung S21 Ultra * UNLOCKED & MINT * Extras Included"
689,5 out of 5 stars,"(8)
8 product ratings - TESTED GRAY CDMA + GSM UNLOCKED APPLE iPhone 11 PRO, 256GB A2160 MW9G2LL/A J60T"
690,5 out of 5 stars,"(11)
11 product ratings - Apple iPhone XS - 256GB - Gold (GSM Unlocked)"
691,4.5 out of 5 stars,"(23)
23 product ratings - Samsung Galaxy A21 Carrier Unlocked 32GB-4G Single Sim Worldwide (Brand New)"
692,4.5 out of 5 stars,"(98)
98 product ratings - READ DESCRIPTION Google Pixel 1st Gen (Unlocked) Smartphone Android 155"
693,4.5 out of 5 stars,"(33)
33 product ratings - Apple iPhone SE 64GB - Space Gray (Unlocked Sprint) A1723 (CDMA + GSM) MLMH2LL/A"
694,4.5 out of 5 stars,"(24)
24 product ratings - Apple iPhone 11 Pro Max - 256GB - Silver (Unlocked) A2161 (CDMA + GSM)"
695,4.5 out of 5 stars,"(22)
22 product ratings - UNLOCKED Sony Xperia XA2 Ultra 32GB Black Smartphone 4K Vid+23MP Cam Black B"
696,4.5 out of 5 stars,"(13)
13 product ratings - Google Pixel 1 Pixel XL 1 Gen Unlocked Android Smartphone GSM + CDMA 32,128, GB"
697,4.5 out of 5 stars,"(1)
1 product ratings - Apple iPhone 7 32GB Unlocked Smartphone AT&T Verizon T-Mobile Factory Unlocked"
698,5 out of 5 stars,"(94)
94 product ratings - TESTED BLACK CDMA + GSM UNLOCKED APPLE iPhone XR, 64GB A1984 MT3K2LL/A J190T"
699,5 out of 5 stars,"(40)
40 product ratings - [SEALED] BlackBerry Evolve 64GB Black GSM Unlocked Dual SIM International Model"
700,4.5 out of 5 stars,"(59)
59 product ratings - Apple iPhone 7 Plus - 32GB - A1784 - Gold (Unlocked)"
701,4.5 out of 5 stars,"(98)
98 product ratings - Apple iPhone 7 Plus - 32GB - Rose Gold (T-Mobile) (Unlocked)"
702,4.5 out of 5 stars,"(58)
58 product ratings - Apple iPhone 7 Plus - A1784 - 128GB - Gold (Unlocked)"
703,4.5 out of 5 stars,"(43)
43 product ratings - Google - Pixel 3 with 64GB Memory Cell Phone (Unlocked) - Not Pink - New SEALED"
704,4.5 out of 5 stars,"(15)
15 product ratings - Apple iPhone 7 Unlocked 32GB Black - AT&T T-Mobile Verizon GSM Unlocked"
705,5 out of 5 stars,"(4)
4 product ratings - Google - Pixel 3 XL with 128GB Memory Cell Phone (Unlocked) - Not Pink"
706,4.5 out of 5 stars,"(58)
58 product ratings - Google Pixel 3 Pixel 3 XL 64GB CDMA + GSM Unlocked 4G LTE Android Smartphone"
707,4.5 out of 5 stars,"(17)
17 product ratings - Apple iPhone 8 64GB Unlocked Smartphone AT&T Verizon T-Mobile Factory Unlocked"
708,5 out of 5 stars,"(1)
1 product ratings - Apple iPhone 7 32GB Factory Unlocked 4G LTE iOS WiFi Smartphone"
709,5 out of 5 stars,"(1)
1 product ratings - Caterpillar CAT B26 (Factory Unlocked) Waterproof Rugged GSM ONLY DUAL SIM NEW"
710,5 out of 5 stars,"(1)
1 product ratings - Apple iPhone 8 64GB GSM Factory Unlocked Smartphone"
711,4.5 out of 5 stars,"(4)
4 product ratings - Google - Pixel 3 XL with 128GB Memory Cell Phone (Unlocked) - Just Black"
712,4.5 out of 5 stars,"(117)
117 product ratings - Apple iPhone 7 Plus - 128GB - Jet Black (ATT) A1784 (GSM)"
713,4.5 out of 5 stars,"(45)
45 product ratings - TESTED BLACK CDMA + GSM UNLOCKED APPLE iPhone 11, 128GB A2111 MWLE2LL/A J245T"
714,4.5 out of 5 stars,"(14)
14 product ratings - Samsung Galaxy Z Flip 256GB Mirror Black Unlocked **FREE Accessories & Shipping*"
715,4.5 out of 5 stars,"(19)
19 product ratings - MINT Samsung Galaxy A71 5G UW SM-A716V - 128GB - Prism Bricks Black (Verizon)"
716,4.5 out of 5 stars,"(57)
57 product ratings - Apple iPhone 8 Plus 64GB Factory Unlocked AT&T Verizon T-Mobile Unlocked"
717,4.5 out of 5 stars,"(200)
200 product ratings - FOUR TESTED GSM UNLOCKED SPACE GRAY APPLE iPhone 8, 64GB A1905 PHONES R385P"
718,4.5 out of 5 stars,"(20)
20 product ratings - Apple iPhone XR - 64GB - White (T-Mobile) A1984 (CDMA + GSM)"
719,5 out of 5 stars,"(126)
126 product ratings - Apple iPhone XR - 64GB - White (Unlocked) A1984 (CDMA + GSM)"
720,4.5 out of 5 stars,"(9)
9 product ratings - CAT S60 - 32GB - Black (Unlocked) Smartphone (Dual SIM)"
721,4.5 out of 5 stars,"(174)
174 product ratings - Apple iPhone 8 64GB Unlocked A1905 GSM - Space Gray - Used - Excellent Condition"
722,5 out of 5 stars,"(216)
216 product ratings - Apple iPhone X - Silver (64 GB) UNLOCKED"
723,4.5 out of 5 stars,"(33)
33 product ratings - LG Stylo 6 Unlocked Worldwide 64GB/3GBRam/13MP Camera(Brand New)"
724,4.5 out of 5 stars,"(5)
5 product ratings - Google Pixel 3 XL 64GB Unlocked - Used - White"
725,5 out of 5 stars,"(4)
4 product ratings - Samsung S21 Ultra * UNLOCKED & MINT * Extras Included"
726,5 out of 5 stars,"(8)
8 product ratings - TESTED GRAY CDMA + GSM UNLOCKED APPLE iPhone 11 PRO, 256GB A2160 MW9G2LL/A J60T"
727,5 out of 5 stars,"(11)
11 product ratings - Apple iPhone XS - 256GB - Gold (GSM Unlocked)"
728,4.5 out of 5 stars,"(23)
23 product ratings - Samsung Galaxy A21 Carrier Unlocked 32GB-4G Single Sim Worldwide (Brand New)"
729,4.5 out of 5 stars,"(98)
98 product ratings - READ DESCRIPTION Google Pixel 1st Gen (Unlocked) Smartphone Android 155"
730,4.5 out of 5 stars,"(33)
33 product ratings - Apple iPhone SE 64GB - Space Gray (Unlocked Sprint) A1723 (CDMA + GSM) MLMH2LL/A"
731,4.5 out of 5 stars,"(24)
24 product ratings - Apple iPhone 11 Pro Max - 256GB - Silver (Unlocked) A2161 (CDMA + GSM)"
732,4.5 out of 5 stars,"(22)
22 product ratings - UNLOCKED Sony Xperia XA2 Ultra 32GB Black Smartphone 4K Vid+23MP Cam Black B"
733,4.5 out of 5 stars,"(13)
13 product ratings - Google Pixel 1 Pixel XL 1 Gen Unlocked Android Smartphone GSM + CDMA 32,128, GB"
734,4.5 out of 5 stars,"(1)
1 product ratings - Apple iPhone 7 32GB Unlocked Smartphone AT&T Verizon T-Mobile Factory Unlocked"
735,5 out of 5 stars,"(94)
94 product ratings - TESTED BLACK CDMA + GSM UNLOCKED APPLE iPhone XR, 64GB A1984 MT3K2LL/A J190T"
736,5 out of 5 stars,"(40)
40 product ratings - [SEALED] BlackBerry Evolve 64GB Black GSM Unlocked Dual SIM International Model"
737,4.5 out of 5 stars,"(59)
59 product ratings - Apple iPhone 7 Plus - 32GB - A1784 - Gold (Unlocked)"
738,4.5 out of 5 stars,"(98)
98 product ratings - Apple iPhone 7 Plus - 32GB - Rose Gold (T-Mobile) (Unlocked)"
739,4.5 out of 5 stars,"(58)
58 product ratings - Apple iPhone 7 Plus - A1784 - 128GB - Gold (Unlocked)"
