,lappi,review&rating
0,HP 14s Core i5 11th Gen - (8 GB/512 GB SSD/Windows 10 Home) 14s- DQ2535TU Thin and Light Laptop,4.3240 Ratings & 18 Reviews
1,MSI GF63 Thin Core i5 9th Gen - (8 GB/512 GB SSD/Windows 10 Home/4 GB Graphics/NVIDIA GeForce GTX 1650...,4.4712 Ratings & 97 Reviews
2,HP Pavilion x360 Core i3 11th Gen - (8 GB/256 GB SSD/Windows 10 Home) 14-dw1036TU 2 in 1 Laptop,4.4271 Ratings & 27 Reviews
3,Lenovo IdeaPad Flex 5 Ryzen 7 Octa Core 5700U - (16 GB/512 GB SSD/Windows 10 Home) 14ALC05 2 in 1 Lapt...,4.73 Ratings & 0 Reviews
4,Lenovo Ideapad S145 Ryzen 3 Dual Core 3200U - (4 GB/1 TB HDD/Windows 10 Home) S145-15API Thin and Ligh...,"3.95,082 Ratings & 749 Reviews"
5,MSI GP65 Leopard Core i7 10th Gen - (16 GB/1 TB HDD/256 GB SSD/Windows 10 Home/6 GB Graphics/NVIDIA Ge...,4.7161 Ratings & 26 Reviews
6,Lenovo IdeaPad Gaming Ryzen 5 Hexa Core 4600H - (8 GB/1 TB HDD/256 GB SSD/Windows 10 Home/4 GB Graphic...,4.68 Ratings & 2 Reviews
7,HP 15s Core i3 11th Gen - (8 GB/1 TB HDD/Windows 10 Home) 15s-du3038TU Thin and Light Laptop,4.1636 Ratings & 86 Reviews
8,Mi Notebook 14 Core i5 10th Gen - (8 GB/512 GB SSD/Windows 10 Home) JYU4299IN Thin and Light Laptop,"4.33,615 Ratings & 416 Reviews"
9,ASUS Celeron Dual Core - (4 GB/1 TB HDD/Windows 10 Home) X543MA-GQ1015T Laptop,"3.97,873 Ratings & 1,002 Reviews"
10,HP Pavilion Gaming Ryzen 5 Hexa Core 4600H - (8 GB/1 TB HDD/Windows 10 Home/4 GB Graphics/NVIDIA GeFor...,4.611 Ratings & 0 Reviews
11,APPLE MacBook Air M1 - (8 GB/256 GB SSD/Mac OS Big Sur) MGND3HN/A,4.7502 Ratings & 75 Reviews
12,HP 14s Ryzen 5 Quad Core 3500U 3rd Gen - (8 GB/1 TB HDD/256 GB SSD/Windows 10 Home) 14s-dk0093AU Thin ...,"4.41,812 Ratings & 279 Reviews"
13,HP 15s Ryzen 5 Quad Core 3500U - (8 GB/512 GB SSD/Windows 10 Home) 15s-eq0500AU Thin and Light Laptop,4.2350 Ratings & 57 Reviews
14,Lenovo Legion Y540 Core i5 9th Gen - (8 GB/512 GB SSD/Windows 10 Home/4 GB Graphics) Y540-15IRH-PG0 Th...,4.727 Ratings & 7 Reviews
15,APPLE MacBook Air M1 - (8 GB/512 GB SSD/Mac OS Big Sur) MGN73HN/A,4.7132 Ratings & 20 Reviews
16,Lenovo Ideapad 3 Core i5 10th Gen - (8 GB/1 TB HDD/Windows 10 Home/2 GB Graphics) 15IML05 Laptop,4.1325 Ratings & 53 Reviews
17,MSI Bravo 15 Ryzen 5 Hexa Core 4600H - (16 GB/512 GB SSD/Windows 10 Home/4 GB Graphics/AMD Radeon RX 5...,4.5136 Ratings & 25 Reviews
18,ASUS ROG Strix G15 (2020) Core i5 10th Gen - (8 GB/1 TB SSD/Windows 10 Home/4 GB Graphics/NVIDIA GeFor...,4.412 Ratings & 2 Reviews
19,ASUS Core i3 10th Gen - (4 GB/512 GB SSD/Windows 10 Home) X413JA-EK261T||X413JA-EB301T Thin and Light ...,"4.31,727 Ratings & 264 Reviews"
20,HP 15s Core i3 11th Gen - (8 GB/1 TB HDD/Windows 10 Home) 15s-dy3001TU Thin and Light Laptop,"4.11,414 Ratings & 138 Reviews"
21,HP Pavilion Core i5 11th Gen - (16 GB/512 GB SSD/Windows 10 Home) 14-dv0054TU Thin and Light Laptop,4.6266 Ratings & 42 Reviews
22,HP Pavilion Gaming Ryzen 5 Quad Core 3550H - (8 GB/512 GB SSD/Windows 10 Home/4 GB Graphics/NVIDIA GeF...,"4.51,360 Ratings & 168 Reviews"
23,Lenovo Core i3 10th Gen - (4 GB/1 TB HDD/Windows 10 Home) V14-IIL Thin and Light Laptop,3.8161 Ratings & 16 Reviews
24,HP 14s Core i5 11th Gen - (8 GB/512 GB SSD/Windows 10 Home) 14s- DQ2535TU Thin and Light Laptop,4.3240 Ratings & 18 Reviews
25,MSI GF63 Thin Core i5 9th Gen - (8 GB/512 GB SSD/Windows 10 Home/4 GB Graphics/NVIDIA GeForce GTX 1650...,4.4712 Ratings & 97 Reviews
26,HP Pavilion x360 Core i3 11th Gen - (8 GB/256 GB SSD/Windows 10 Home) 14-dw1036TU 2 in 1 Laptop,4.4271 Ratings & 27 Reviews
27,Lenovo IdeaPad Flex 5 Ryzen 7 Octa Core 5700U - (16 GB/512 GB SSD/Windows 10 Home) 14ALC05 2 in 1 Lapt...,4.73 Ratings & 0 Reviews
28,Lenovo Ideapad S145 Ryzen 3 Dual Core 3200U - (4 GB/1 TB HDD/Windows 10 Home) S145-15API Thin and Ligh...,"3.95,082 Ratings & 749 Reviews"
29,MSI GP65 Leopard Core i7 10th Gen - (16 GB/1 TB HDD/256 GB SSD/Windows 10 Home/6 GB Graphics/NVIDIA Ge...,4.7161 Ratings & 26 Reviews
30,Lenovo IdeaPad Gaming Ryzen 5 Hexa Core 4600H - (8 GB/1 TB HDD/256 GB SSD/Windows 10 Home/4 GB Graphic...,4.68 Ratings & 2 Reviews
31,HP 15s Core i3 11th Gen - (8 GB/1 TB HDD/Windows 10 Home) 15s-du3038TU Thin and Light Laptop,4.1636 Ratings & 86 Reviews
32,Mi Notebook 14 Core i5 10th Gen - (8 GB/512 GB SSD/Windows 10 Home) JYU4299IN Thin and Light Laptop,"4.33,615 Ratings & 416 Reviews"
33,ASUS Celeron Dual Core - (4 GB/1 TB HDD/Windows 10 Home) X543MA-GQ1015T Laptop,"3.97,873 Ratings & 1,002 Reviews"
34,HP Pavilion Gaming Ryzen 5 Hexa Core 4600H - (8 GB/1 TB HDD/Windows 10 Home/4 GB Graphics/NVIDIA GeFor...,4.611 Ratings & 0 Reviews
35,APPLE MacBook Air M1 - (8 GB/256 GB SSD/Mac OS Big Sur) MGND3HN/A,4.7502 Ratings & 75 Reviews
36,HP 14s Ryzen 5 Quad Core 3500U 3rd Gen - (8 GB/1 TB HDD/256 GB SSD/Windows 10 Home) 14s-dk0093AU Thin ...,"4.41,812 Ratings & 279 Reviews"
37,HP 15s Ryzen 5 Quad Core 3500U - (8 GB/512 GB SSD/Windows 10 Home) 15s-eq0500AU Thin and Light Laptop,4.2350 Ratings & 57 Reviews
38,Lenovo Legion Y540 Core i5 9th Gen - (8 GB/512 GB SSD/Windows 10 Home/4 GB Graphics) Y540-15IRH-PG0 Th...,4.727 Ratings & 7 Reviews
39,APPLE MacBook Air M1 - (8 GB/512 GB SSD/Mac OS Big Sur) MGN73HN/A,4.7132 Ratings & 20 Reviews
40,Lenovo Ideapad 3 Core i5 10th Gen - (8 GB/1 TB HDD/Windows 10 Home/2 GB Graphics) 15IML05 Laptop,4.1325 Ratings & 53 Reviews
41,MSI Bravo 15 Ryzen 5 Hexa Core 4600H - (16 GB/512 GB SSD/Windows 10 Home/4 GB Graphics/AMD Radeon RX 5...,4.5136 Ratings & 25 Reviews
42,ASUS ROG Strix G15 (2020) Core i5 10th Gen - (8 GB/1 TB SSD/Windows 10 Home/4 GB Graphics/NVIDIA GeFor...,4.412 Ratings & 2 Reviews
43,ASUS Core i3 10th Gen - (4 GB/512 GB SSD/Windows 10 Home) X413JA-EK261T||X413JA-EB301T Thin and Light ...,"4.31,727 Ratings & 264 Reviews"
44,HP 15s Core i3 11th Gen - (8 GB/1 TB HDD/Windows 10 Home) 15s-dy3001TU Thin and Light Laptop,"4.11,414 Ratings & 138 Reviews"
45,HP Pavilion Core i5 11th Gen - (16 GB/512 GB SSD/Windows 10 Home) 14-dv0054TU Thin and Light Laptop,4.6266 Ratings & 42 Reviews
46,HP Pavilion Gaming Ryzen 5 Quad Core 3550H - (8 GB/512 GB SSD/Windows 10 Home/4 GB Graphics/NVIDIA GeF...,"4.51,360 Ratings & 168 Reviews"
47,Lenovo Core i3 10th Gen - (4 GB/1 TB HDD/Windows 10 Home) V14-IIL Thin and Light Laptop,3.8161 Ratings & 16 Reviews
48,HP 14s Core i5 11th Gen - (8 GB/512 GB SSD/Windows 10 Home) 14s- DQ2535TU Thin and Light Laptop,4.3240 Ratings & 18 Reviews
49,MSI GF63 Thin Core i5 9th Gen - (8 GB/512 GB SSD/Windows 10 Home/4 GB Graphics/NVIDIA GeForce GTX 1650...,4.4712 Ratings & 97 Reviews
50,HP Pavilion x360 Core i3 11th Gen - (8 GB/256 GB SSD/Windows 10 Home) 14-dw1036TU 2 in 1 Laptop,4.4271 Ratings & 27 Reviews
51,Lenovo IdeaPad Flex 5 Ryzen 7 Octa Core 5700U - (16 GB/512 GB SSD/Windows 10 Home) 14ALC05 2 in 1 Lapt...,4.73 Ratings & 0 Reviews
52,Lenovo Ideapad S145 Ryzen 3 Dual Core 3200U - (4 GB/1 TB HDD/Windows 10 Home) S145-15API Thin and Ligh...,"3.95,082 Ratings & 749 Reviews"
53,MSI GP65 Leopard Core i7 10th Gen - (16 GB/1 TB HDD/256 GB SSD/Windows 10 Home/6 GB Graphics/NVIDIA Ge...,4.7161 Ratings & 26 Reviews
54,Lenovo IdeaPad Gaming Ryzen 5 Hexa Core 4600H - (8 GB/1 TB HDD/256 GB SSD/Windows 10 Home/4 GB Graphic...,4.68 Ratings & 2 Reviews
55,HP 15s Core i3 11th Gen - (8 GB/1 TB HDD/Windows 10 Home) 15s-du3038TU Thin and Light Laptop,4.1636 Ratings & 86 Reviews
56,Mi Notebook 14 Core i5 10th Gen - (8 GB/512 GB SSD/Windows 10 Home) JYU4299IN Thin and Light Laptop,"4.33,615 Ratings & 416 Reviews"
57,ASUS Celeron Dual Core - (4 GB/1 TB HDD/Windows 10 Home) X543MA-GQ1015T Laptop,"3.97,873 Ratings & 1,002 Reviews"
58,HP Pavilion Gaming Ryzen 5 Hexa Core 4600H - (8 GB/1 TB HDD/Windows 10 Home/4 GB Graphics/NVIDIA GeFor...,4.611 Ratings & 0 Reviews
59,APPLE MacBook Air M1 - (8 GB/256 GB SSD/Mac OS Big Sur) MGND3HN/A,4.7502 Ratings & 75 Reviews
60,HP 14s Ryzen 5 Quad Core 3500U 3rd Gen - (8 GB/1 TB HDD/256 GB SSD/Windows 10 Home) 14s-dk0093AU Thin ...,"4.41,812 Ratings & 279 Reviews"
61,HP 15s Ryzen 5 Quad Core 3500U - (8 GB/512 GB SSD/Windows 10 Home) 15s-eq0500AU Thin and Light Laptop,4.2350 Ratings & 57 Reviews
62,Lenovo Legion Y540 Core i5 9th Gen - (8 GB/512 GB SSD/Windows 10 Home/4 GB Graphics) Y540-15IRH-PG0 Th...,4.727 Ratings & 7 Reviews
63,APPLE MacBook Air M1 - (8 GB/512 GB SSD/Mac OS Big Sur) MGN73HN/A,4.7132 Ratings & 20 Reviews
64,Lenovo Ideapad 3 Core i5 10th Gen - (8 GB/1 TB HDD/Windows 10 Home/2 GB Graphics) 15IML05 Laptop,4.1325 Ratings & 53 Reviews
65,MSI Bravo 15 Ryzen 5 Hexa Core 4600H - (16 GB/512 GB SSD/Windows 10 Home/4 GB Graphics/AMD Radeon RX 5...,4.5136 Ratings & 25 Reviews
66,ASUS ROG Strix G15 (2020) Core i5 10th Gen - (8 GB/1 TB SSD/Windows 10 Home/4 GB Graphics/NVIDIA GeFor...,4.412 Ratings & 2 Reviews
67,ASUS Core i3 10th Gen - (4 GB/512 GB SSD/Windows 10 Home) X413JA-EK261T||X413JA-EB301T Thin and Light ...,"4.31,727 Ratings & 264 Reviews"
68,HP 15s Core i3 11th Gen - (8 GB/1 TB HDD/Windows 10 Home) 15s-dy3001TU Thin and Light Laptop,"4.11,414 Ratings & 138 Reviews"
69,HP Pavilion Core i5 11th Gen - (16 GB/512 GB SSD/Windows 10 Home) 14-dv0054TU Thin and Light Laptop,4.6266 Ratings & 42 Reviews
70,HP Pavilion Gaming Ryzen 5 Quad Core 3550H - (8 GB/512 GB SSD/Windows 10 Home/4 GB Graphics/NVIDIA GeF...,"4.51,360 Ratings & 168 Reviews"
71,Lenovo Core i3 10th Gen - (4 GB/1 TB HDD/Windows 10 Home) V14-IIL Thin and Light Laptop,3.8161 Ratings & 16 Reviews
72,HP 14s Core i5 11th Gen - (8 GB/512 GB SSD/Windows 10 Home) 14s- DQ2535TU Thin and Light Laptop,4.3240 Ratings & 18 Reviews
73,MSI GF63 Thin Core i5 9th Gen - (8 GB/512 GB SSD/Windows 10 Home/4 GB Graphics/NVIDIA GeForce GTX 1650...,4.4712 Ratings & 97 Reviews
74,HP Pavilion x360 Core i3 11th Gen - (8 GB/256 GB SSD/Windows 10 Home) 14-dw1036TU 2 in 1 Laptop,4.4271 Ratings & 27 Reviews
75,Lenovo IdeaPad Flex 5 Ryzen 7 Octa Core 5700U - (16 GB/512 GB SSD/Windows 10 Home) 14ALC05 2 in 1 Lapt...,4.73 Ratings & 0 Reviews
76,Lenovo Ideapad S145 Ryzen 3 Dual Core 3200U - (4 GB/1 TB HDD/Windows 10 Home) S145-15API Thin and Ligh...,"3.95,082 Ratings & 749 Reviews"
77,MSI GP65 Leopard Core i7 10th Gen - (16 GB/1 TB HDD/256 GB SSD/Windows 10 Home/6 GB Graphics/NVIDIA Ge...,4.7161 Ratings & 26 Reviews
78,Lenovo IdeaPad Gaming Ryzen 5 Hexa Core 4600H - (8 GB/1 TB HDD/256 GB SSD/Windows 10 Home/4 GB Graphic...,4.68 Ratings & 2 Reviews
79,HP 15s Core i3 11th Gen - (8 GB/1 TB HDD/Windows 10 Home) 15s-du3038TU Thin and Light Laptop,4.1636 Ratings & 86 Reviews
80,Mi Notebook 14 Core i5 10th Gen - (8 GB/512 GB SSD/Windows 10 Home) JYU4299IN Thin and Light Laptop,"4.33,615 Ratings & 416 Reviews"
81,ASUS Celeron Dual Core - (4 GB/1 TB HDD/Windows 10 Home) X543MA-GQ1015T Laptop,"3.97,873 Ratings & 1,002 Reviews"
82,HP Pavilion Gaming Ryzen 5 Hexa Core 4600H - (8 GB/1 TB HDD/Windows 10 Home/4 GB Graphics/NVIDIA GeFor...,4.611 Ratings & 0 Reviews
83,APPLE MacBook Air M1 - (8 GB/256 GB SSD/Mac OS Big Sur) MGND3HN/A,4.7502 Ratings & 75 Reviews
84,HP 14s Ryzen 5 Quad Core 3500U 3rd Gen - (8 GB/1 TB HDD/256 GB SSD/Windows 10 Home) 14s-dk0093AU Thin ...,"4.41,812 Ratings & 279 Reviews"
85,HP 15s Ryzen 5 Quad Core 3500U - (8 GB/512 GB SSD/Windows 10 Home) 15s-eq0500AU Thin and Light Laptop,4.2350 Ratings & 57 Reviews
86,Lenovo Legion Y540 Core i5 9th Gen - (8 GB/512 GB SSD/Windows 10 Home/4 GB Graphics) Y540-15IRH-PG0 Th...,4.727 Ratings & 7 Reviews
87,APPLE MacBook Air M1 - (8 GB/512 GB SSD/Mac OS Big Sur) MGN73HN/A,4.7132 Ratings & 20 Reviews
88,Lenovo Ideapad 3 Core i5 10th Gen - (8 GB/1 TB HDD/Windows 10 Home/2 GB Graphics) 15IML05 Laptop,4.1325 Ratings & 53 Reviews
89,MSI Bravo 15 Ryzen 5 Hexa Core 4600H - (16 GB/512 GB SSD/Windows 10 Home/4 GB Graphics/AMD Radeon RX 5...,4.5136 Ratings & 25 Reviews
90,ASUS ROG Strix G15 (2020) Core i5 10th Gen - (8 GB/1 TB SSD/Windows 10 Home/4 GB Graphics/NVIDIA GeFor...,4.412 Ratings & 2 Reviews
91,ASUS Core i3 10th Gen - (4 GB/512 GB SSD/Windows 10 Home) X413JA-EK261T||X413JA-EB301T Thin and Light ...,"4.31,727 Ratings & 264 Reviews"
92,HP 15s Core i3 11th Gen - (8 GB/1 TB HDD/Windows 10 Home) 15s-dy3001TU Thin and Light Laptop,"4.11,414 Ratings & 138 Reviews"
93,HP Pavilion Core i5 11th Gen - (16 GB/512 GB SSD/Windows 10 Home) 14-dv0054TU Thin and Light Laptop,4.6266 Ratings & 42 Reviews
94,HP Pavilion Gaming Ryzen 5 Quad Core 3550H - (8 GB/512 GB SSD/Windows 10 Home/4 GB Graphics/NVIDIA GeF...,"4.51,360 Ratings & 168 Reviews"
95,Lenovo Core i3 10th Gen - (4 GB/1 TB HDD/Windows 10 Home) V14-IIL Thin and Light Laptop,3.8161 Ratings & 16 Reviews
96,HP 14s Core i5 11th Gen - (8 GB/512 GB SSD/Windows 10 Home) 14s- DQ2535TU Thin and Light Laptop,4.3240 Ratings & 18 Reviews
97,MSI GF63 Thin Core i5 9th Gen - (8 GB/512 GB SSD/Windows 10 Home/4 GB Graphics/NVIDIA GeForce GTX 1650...,4.4712 Ratings & 97 Reviews
98,HP Pavilion x360 Core i3 11th Gen - (8 GB/256 GB SSD/Windows 10 Home) 14-dw1036TU 2 in 1 Laptop,4.4271 Ratings & 27 Reviews
99,Lenovo IdeaPad Flex 5 Ryzen 7 Octa Core 5700U - (16 GB/512 GB SSD/Windows 10 Home) 14ALC05 2 in 1 Lapt...,4.73 Ratings & 0 Reviews
100,Lenovo Ideapad S145 Ryzen 3 Dual Core 3200U - (4 GB/1 TB HDD/Windows 10 Home) S145-15API Thin and Ligh...,"3.95,082 Ratings & 749 Reviews"
101,MSI GP65 Leopard Core i7 10th Gen - (16 GB/1 TB HDD/256 GB SSD/Windows 10 Home/6 GB Graphics/NVIDIA Ge...,4.7161 Ratings & 26 Reviews
102,Lenovo IdeaPad Gaming Ryzen 5 Hexa Core 4600H - (8 GB/1 TB HDD/256 GB SSD/Windows 10 Home/4 GB Graphic...,4.68 Ratings & 2 Reviews
103,HP 15s Core i3 11th Gen - (8 GB/1 TB HDD/Windows 10 Home) 15s-du3038TU Thin and Light Laptop,4.1636 Ratings & 86 Reviews
104,Mi Notebook 14 Core i5 10th Gen - (8 GB/512 GB SSD/Windows 10 Home) JYU4299IN Thin and Light Laptop,"4.33,615 Ratings & 416 Reviews"
105,ASUS Celeron Dual Core - (4 GB/1 TB HDD/Windows 10 Home) X543MA-GQ1015T Laptop,"3.97,873 Ratings & 1,002 Reviews"
106,HP Pavilion Gaming Ryzen 5 Hexa Core 4600H - (8 GB/1 TB HDD/Windows 10 Home/4 GB Graphics/NVIDIA GeFor...,4.611 Ratings & 0 Reviews
107,APPLE MacBook Air M1 - (8 GB/256 GB SSD/Mac OS Big Sur) MGND3HN/A,4.7502 Ratings & 75 Reviews
108,HP 14s Ryzen 5 Quad Core 3500U 3rd Gen - (8 GB/1 TB HDD/256 GB SSD/Windows 10 Home) 14s-dk0093AU Thin ...,"4.41,812 Ratings & 279 Reviews"
109,HP 15s Ryzen 5 Quad Core 3500U - (8 GB/512 GB SSD/Windows 10 Home) 15s-eq0500AU Thin and Light Laptop,4.2350 Ratings & 57 Reviews
110,Lenovo Legion Y540 Core i5 9th Gen - (8 GB/512 GB SSD/Windows 10 Home/4 GB Graphics) Y540-15IRH-PG0 Th...,4.727 Ratings & 7 Reviews
111,APPLE MacBook Air M1 - (8 GB/512 GB SSD/Mac OS Big Sur) MGN73HN/A,4.7132 Ratings & 20 Reviews
112,Lenovo Ideapad 3 Core i5 10th Gen - (8 GB/1 TB HDD/Windows 10 Home/2 GB Graphics) 15IML05 Laptop,4.1325 Ratings & 53 Reviews
113,MSI Bravo 15 Ryzen 5 Hexa Core 4600H - (16 GB/512 GB SSD/Windows 10 Home/4 GB Graphics/AMD Radeon RX 5...,4.5136 Ratings & 25 Reviews
114,ASUS ROG Strix G15 (2020) Core i5 10th Gen - (8 GB/1 TB SSD/Windows 10 Home/4 GB Graphics/NVIDIA GeFor...,4.412 Ratings & 2 Reviews
115,ASUS Core i3 10th Gen - (4 GB/512 GB SSD/Windows 10 Home) X413JA-EK261T||X413JA-EB301T Thin and Light ...,"4.31,727 Ratings & 264 Reviews"
116,HP 15s Core i3 11th Gen - (8 GB/1 TB HDD/Windows 10 Home) 15s-dy3001TU Thin and Light Laptop,"4.11,414 Ratings & 138 Reviews"
117,HP Pavilion Core i5 11th Gen - (16 GB/512 GB SSD/Windows 10 Home) 14-dv0054TU Thin and Light Laptop,4.6266 Ratings & 42 Reviews
118,HP Pavilion Gaming Ryzen 5 Quad Core 3550H - (8 GB/512 GB SSD/Windows 10 Home/4 GB Graphics/NVIDIA GeF...,"4.51,360 Ratings & 168 Reviews"
119,Lenovo Core i3 10th Gen - (4 GB/1 TB HDD/Windows 10 Home) V14-IIL Thin and Light Laptop,3.8161 Ratings & 16 Reviews
120,HP 14s Core i5 11th Gen - (8 GB/512 GB SSD/Windows 10 Home) 14s- DQ2535TU Thin and Light Laptop,4.3240 Ratings & 18 Reviews
121,MSI GF63 Thin Core i5 9th Gen - (8 GB/512 GB SSD/Windows 10 Home/4 GB Graphics/NVIDIA GeForce GTX 1650...,4.4712 Ratings & 97 Reviews
122,HP Pavilion x360 Core i3 11th Gen - (8 GB/256 GB SSD/Windows 10 Home) 14-dw1036TU 2 in 1 Laptop,4.4271 Ratings & 27 Reviews
123,Lenovo IdeaPad Flex 5 Ryzen 7 Octa Core 5700U - (16 GB/512 GB SSD/Windows 10 Home) 14ALC05 2 in 1 Lapt...,4.73 Ratings & 0 Reviews
124,Lenovo Ideapad S145 Ryzen 3 Dual Core 3200U - (4 GB/1 TB HDD/Windows 10 Home) S145-15API Thin and Ligh...,"3.95,082 Ratings & 749 Reviews"
125,MSI GP65 Leopard Core i7 10th Gen - (16 GB/1 TB HDD/256 GB SSD/Windows 10 Home/6 GB Graphics/NVIDIA Ge...,4.7161 Ratings & 26 Reviews
126,Lenovo IdeaPad Gaming Ryzen 5 Hexa Core 4600H - (8 GB/1 TB HDD/256 GB SSD/Windows 10 Home/4 GB Graphic...,4.68 Ratings & 2 Reviews
127,HP 15s Core i3 11th Gen - (8 GB/1 TB HDD/Windows 10 Home) 15s-du3038TU Thin and Light Laptop,4.1636 Ratings & 86 Reviews
128,Mi Notebook 14 Core i5 10th Gen - (8 GB/512 GB SSD/Windows 10 Home) JYU4299IN Thin and Light Laptop,"4.33,615 Ratings & 416 Reviews"
129,ASUS Celeron Dual Core - (4 GB/1 TB HDD/Windows 10 Home) X543MA-GQ1015T Laptop,"3.97,873 Ratings & 1,002 Reviews"
130,HP Pavilion Gaming Ryzen 5 Hexa Core 4600H - (8 GB/1 TB HDD/Windows 10 Home/4 GB Graphics/NVIDIA GeFor...,4.611 Ratings & 0 Reviews
131,APPLE MacBook Air M1 - (8 GB/256 GB SSD/Mac OS Big Sur) MGND3HN/A,4.7502 Ratings & 75 Reviews
132,HP 14s Ryzen 5 Quad Core 3500U 3rd Gen - (8 GB/1 TB HDD/256 GB SSD/Windows 10 Home) 14s-dk0093AU Thin ...,"4.41,812 Ratings & 279 Reviews"
133,HP 15s Ryzen 5 Quad Core 3500U - (8 GB/512 GB SSD/Windows 10 Home) 15s-eq0500AU Thin and Light Laptop,4.2350 Ratings & 57 Reviews
134,Lenovo Legion Y540 Core i5 9th Gen - (8 GB/512 GB SSD/Windows 10 Home/4 GB Graphics) Y540-15IRH-PG0 Th...,4.727 Ratings & 7 Reviews
135,APPLE MacBook Air M1 - (8 GB/512 GB SSD/Mac OS Big Sur) MGN73HN/A,4.7132 Ratings & 20 Reviews
136,Lenovo Ideapad 3 Core i5 10th Gen - (8 GB/1 TB HDD/Windows 10 Home/2 GB Graphics) 15IML05 Laptop,4.1325 Ratings & 53 Reviews
137,MSI Bravo 15 Ryzen 5 Hexa Core 4600H - (16 GB/512 GB SSD/Windows 10 Home/4 GB Graphics/AMD Radeon RX 5...,4.5136 Ratings & 25 Reviews
138,ASUS ROG Strix G15 (2020) Core i5 10th Gen - (8 GB/1 TB SSD/Windows 10 Home/4 GB Graphics/NVIDIA GeFor...,4.412 Ratings & 2 Reviews
139,ASUS Core i3 10th Gen - (4 GB/512 GB SSD/Windows 10 Home) X413JA-EK261T||X413JA-EB301T Thin and Light ...,"4.31,727 Ratings & 264 Reviews"
140,HP 15s Core i3 11th Gen - (8 GB/1 TB HDD/Windows 10 Home) 15s-dy3001TU Thin and Light Laptop,"4.11,414 Ratings & 138 Reviews"
141,HP Pavilion Core i5 11th Gen - (16 GB/512 GB SSD/Windows 10 Home) 14-dv0054TU Thin and Light Laptop,4.6266 Ratings & 42 Reviews
142,HP Pavilion Gaming Ryzen 5 Quad Core 3550H - (8 GB/512 GB SSD/Windows 10 Home/4 GB Graphics/NVIDIA GeF...,"4.51,360 Ratings & 168 Reviews"
143,Lenovo Core i3 10th Gen - (4 GB/1 TB HDD/Windows 10 Home) V14-IIL Thin and Light Laptop,3.8161 Ratings & 16 Reviews
144,HP 14s Core i5 11th Gen - (8 GB/512 GB SSD/Windows 10 Home) 14s- DQ2535TU Thin and Light Laptop,4.3240 Ratings & 18 Reviews
145,MSI GF63 Thin Core i5 9th Gen - (8 GB/512 GB SSD/Windows 10 Home/4 GB Graphics/NVIDIA GeForce GTX 1650...,4.4712 Ratings & 97 Reviews
146,HP Pavilion x360 Core i3 11th Gen - (8 GB/256 GB SSD/Windows 10 Home) 14-dw1036TU 2 in 1 Laptop,4.4271 Ratings & 27 Reviews
147,Lenovo IdeaPad Flex 5 Ryzen 7 Octa Core 5700U - (16 GB/512 GB SSD/Windows 10 Home) 14ALC05 2 in 1 Lapt...,4.73 Ratings & 0 Reviews
148,Lenovo Ideapad S145 Ryzen 3 Dual Core 3200U - (4 GB/1 TB HDD/Windows 10 Home) S145-15API Thin and Ligh...,"3.95,082 Ratings & 749 Reviews"
149,MSI GP65 Leopard Core i7 10th Gen - (16 GB/1 TB HDD/256 GB SSD/Windows 10 Home/6 GB Graphics/NVIDIA Ge...,4.7161 Ratings & 26 Reviews
150,Lenovo IdeaPad Gaming Ryzen 5 Hexa Core 4600H - (8 GB/1 TB HDD/256 GB SSD/Windows 10 Home/4 GB Graphic...,4.68 Ratings & 2 Reviews
151,HP 15s Core i3 11th Gen - (8 GB/1 TB HDD/Windows 10 Home) 15s-du3038TU Thin and Light Laptop,4.1636 Ratings & 86 Reviews
152,Mi Notebook 14 Core i5 10th Gen - (8 GB/512 GB SSD/Windows 10 Home) JYU4299IN Thin and Light Laptop,"4.33,615 Ratings & 416 Reviews"
153,ASUS Celeron Dual Core - (4 GB/1 TB HDD/Windows 10 Home) X543MA-GQ1015T Laptop,"3.97,873 Ratings & 1,002 Reviews"
154,HP Pavilion Gaming Ryzen 5 Hexa Core 4600H - (8 GB/1 TB HDD/Windows 10 Home/4 GB Graphics/NVIDIA GeFor...,4.611 Ratings & 0 Reviews
155,APPLE MacBook Air M1 - (8 GB/256 GB SSD/Mac OS Big Sur) MGND3HN/A,4.7502 Ratings & 75 Reviews
156,HP 14s Ryzen 5 Quad Core 3500U 3rd Gen - (8 GB/1 TB HDD/256 GB SSD/Windows 10 Home) 14s-dk0093AU Thin ...,"4.41,812 Ratings & 279 Reviews"
157,HP 15s Ryzen 5 Quad Core 3500U - (8 GB/512 GB SSD/Windows 10 Home) 15s-eq0500AU Thin and Light Laptop,4.2350 Ratings & 57 Reviews
158,Lenovo Legion Y540 Core i5 9th Gen - (8 GB/512 GB SSD/Windows 10 Home/4 GB Graphics) Y540-15IRH-PG0 Th...,4.727 Ratings & 7 Reviews
159,APPLE MacBook Air M1 - (8 GB/512 GB SSD/Mac OS Big Sur) MGN73HN/A,4.7132 Ratings & 20 Reviews
160,Lenovo Ideapad 3 Core i5 10th Gen - (8 GB/1 TB HDD/Windows 10 Home/2 GB Graphics) 15IML05 Laptop,4.1325 Ratings & 53 Reviews
161,MSI Bravo 15 Ryzen 5 Hexa Core 4600H - (16 GB/512 GB SSD/Windows 10 Home/4 GB Graphics/AMD Radeon RX 5...,4.5136 Ratings & 25 Reviews
162,ASUS ROG Strix G15 (2020) Core i5 10th Gen - (8 GB/1 TB SSD/Windows 10 Home/4 GB Graphics/NVIDIA GeFor...,4.412 Ratings & 2 Reviews
163,ASUS Core i3 10th Gen - (4 GB/512 GB SSD/Windows 10 Home) X413JA-EK261T||X413JA-EB301T Thin and Light ...,"4.31,727 Ratings & 264 Reviews"
164,HP 15s Core i3 11th Gen - (8 GB/1 TB HDD/Windows 10 Home) 15s-dy3001TU Thin and Light Laptop,"4.11,414 Ratings & 138 Reviews"
165,HP Pavilion Core i5 11th Gen - (16 GB/512 GB SSD/Windows 10 Home) 14-dv0054TU Thin and Light Laptop,4.6266 Ratings & 42 Reviews
166,HP Pavilion Gaming Ryzen 5 Quad Core 3550H - (8 GB/512 GB SSD/Windows 10 Home/4 GB Graphics/NVIDIA GeF...,"4.51,360 Ratings & 168 Reviews"
167,Lenovo Core i3 10th Gen - (4 GB/1 TB HDD/Windows 10 Home) V14-IIL Thin and Light Laptop,3.8161 Ratings & 16 Reviews
168,HP 14s Core i5 11th Gen - (8 GB/512 GB SSD/Windows 10 Home) 14s- DQ2535TU Thin and Light Laptop,4.3240 Ratings & 18 Reviews
169,MSI GF63 Thin Core i5 9th Gen - (8 GB/512 GB SSD/Windows 10 Home/4 GB Graphics/NVIDIA GeForce GTX 1650...,4.4712 Ratings & 97 Reviews
170,HP Pavilion x360 Core i3 11th Gen - (8 GB/256 GB SSD/Windows 10 Home) 14-dw1036TU 2 in 1 Laptop,4.4271 Ratings & 27 Reviews
171,Lenovo IdeaPad Flex 5 Ryzen 7 Octa Core 5700U - (16 GB/512 GB SSD/Windows 10 Home) 14ALC05 2 in 1 Lapt...,4.73 Ratings & 0 Reviews
172,Lenovo Ideapad S145 Ryzen 3 Dual Core 3200U - (4 GB/1 TB HDD/Windows 10 Home) S145-15API Thin and Ligh...,"3.95,082 Ratings & 749 Reviews"
173,MSI GP65 Leopard Core i7 10th Gen - (16 GB/1 TB HDD/256 GB SSD/Windows 10 Home/6 GB Graphics/NVIDIA Ge...,4.7161 Ratings & 26 Reviews
174,Lenovo IdeaPad Gaming Ryzen 5 Hexa Core 4600H - (8 GB/1 TB HDD/256 GB SSD/Windows 10 Home/4 GB Graphic...,4.68 Ratings & 2 Reviews
175,HP 15s Core i3 11th Gen - (8 GB/1 TB HDD/Windows 10 Home) 15s-du3038TU Thin and Light Laptop,4.1636 Ratings & 86 Reviews
176,Mi Notebook 14 Core i5 10th Gen - (8 GB/512 GB SSD/Windows 10 Home) JYU4299IN Thin and Light Laptop,"4.33,615 Ratings & 416 Reviews"
177,ASUS Celeron Dual Core - (4 GB/1 TB HDD/Windows 10 Home) X543MA-GQ1015T Laptop,"3.97,873 Ratings & 1,002 Reviews"
178,HP Pavilion Gaming Ryzen 5 Hexa Core 4600H - (8 GB/1 TB HDD/Windows 10 Home/4 GB Graphics/NVIDIA GeFor...,4.611 Ratings & 0 Reviews
179,APPLE MacBook Air M1 - (8 GB/256 GB SSD/Mac OS Big Sur) MGND3HN/A,4.7502 Ratings & 75 Reviews
180,HP 14s Ryzen 5 Quad Core 3500U 3rd Gen - (8 GB/1 TB HDD/256 GB SSD/Windows 10 Home) 14s-dk0093AU Thin ...,"4.41,812 Ratings & 279 Reviews"
181,HP 15s Ryzen 5 Quad Core 3500U - (8 GB/512 GB SSD/Windows 10 Home) 15s-eq0500AU Thin and Light Laptop,4.2350 Ratings & 57 Reviews
182,Lenovo Legion Y540 Core i5 9th Gen - (8 GB/512 GB SSD/Windows 10 Home/4 GB Graphics) Y540-15IRH-PG0 Th...,4.727 Ratings & 7 Reviews
183,APPLE MacBook Air M1 - (8 GB/512 GB SSD/Mac OS Big Sur) MGN73HN/A,4.7132 Ratings & 20 Reviews
184,Lenovo Ideapad 3 Core i5 10th Gen - (8 GB/1 TB HDD/Windows 10 Home/2 GB Graphics) 15IML05 Laptop,4.1325 Ratings & 53 Reviews
185,MSI Bravo 15 Ryzen 5 Hexa Core 4600H - (16 GB/512 GB SSD/Windows 10 Home/4 GB Graphics/AMD Radeon RX 5...,4.5136 Ratings & 25 Reviews
186,ASUS ROG Strix G15 (2020) Core i5 10th Gen - (8 GB/1 TB SSD/Windows 10 Home/4 GB Graphics/NVIDIA GeFor...,4.412 Ratings & 2 Reviews
187,ASUS Core i3 10th Gen - (4 GB/512 GB SSD/Windows 10 Home) X413JA-EK261T||X413JA-EB301T Thin and Light ...,"4.31,727 Ratings & 264 Reviews"
188,HP 15s Core i3 11th Gen - (8 GB/1 TB HDD/Windows 10 Home) 15s-dy3001TU Thin and Light Laptop,"4.11,414 Ratings & 138 Reviews"
189,HP Pavilion Core i5 11th Gen - (16 GB/512 GB SSD/Windows 10 Home) 14-dv0054TU Thin and Light Laptop,4.6266 Ratings & 42 Reviews
190,HP Pavilion Gaming Ryzen 5 Quad Core 3550H - (8 GB/512 GB SSD/Windows 10 Home/4 GB Graphics/NVIDIA GeF...,"4.51,360 Ratings & 168 Reviews"
191,Lenovo Core i3 10th Gen - (4 GB/1 TB HDD/Windows 10 Home) V14-IIL Thin and Light Laptop,3.8161 Ratings & 16 Reviews
192,HP 14s Core i5 11th Gen - (8 GB/512 GB SSD/Windows 10 Home) 14s- DQ2535TU Thin and Light Laptop,4.3240 Ratings & 18 Reviews
193,MSI GF63 Thin Core i5 9th Gen - (8 GB/512 GB SSD/Windows 10 Home/4 GB Graphics/NVIDIA GeForce GTX 1650...,4.4712 Ratings & 97 Reviews
194,HP Pavilion x360 Core i3 11th Gen - (8 GB/256 GB SSD/Windows 10 Home) 14-dw1036TU 2 in 1 Laptop,4.4271 Ratings & 27 Reviews
195,Lenovo IdeaPad Flex 5 Ryzen 7 Octa Core 5700U - (16 GB/512 GB SSD/Windows 10 Home) 14ALC05 2 in 1 Lapt...,4.73 Ratings & 0 Reviews
196,Lenovo Ideapad S145 Ryzen 3 Dual Core 3200U - (4 GB/1 TB HDD/Windows 10 Home) S145-15API Thin and Ligh...,"3.95,082 Ratings & 749 Reviews"
197,MSI GP65 Leopard Core i7 10th Gen - (16 GB/1 TB HDD/256 GB SSD/Windows 10 Home/6 GB Graphics/NVIDIA Ge...,4.7161 Ratings & 26 Reviews
198,Lenovo IdeaPad Gaming Ryzen 5 Hexa Core 4600H - (8 GB/1 TB HDD/256 GB SSD/Windows 10 Home/4 GB Graphic...,4.68 Ratings & 2 Reviews
199,HP 15s Core i3 11th Gen - (8 GB/1 TB HDD/Windows 10 Home) 15s-du3038TU Thin and Light Laptop,4.1636 Ratings & 86 Reviews
200,Mi Notebook 14 Core i5 10th Gen - (8 GB/512 GB SSD/Windows 10 Home) JYU4299IN Thin and Light Laptop,"4.33,615 Ratings & 416 Reviews"
201,ASUS Celeron Dual Core - (4 GB/1 TB HDD/Windows 10 Home) X543MA-GQ1015T Laptop,"3.97,873 Ratings & 1,002 Reviews"
202,HP Pavilion Gaming Ryzen 5 Hexa Core 4600H - (8 GB/1 TB HDD/Windows 10 Home/4 GB Graphics/NVIDIA GeFor...,4.611 Ratings & 0 Reviews
203,APPLE MacBook Air M1 - (8 GB/256 GB SSD/Mac OS Big Sur) MGND3HN/A,4.7502 Ratings & 75 Reviews
204,HP 14s Ryzen 5 Quad Core 3500U 3rd Gen - (8 GB/1 TB HDD/256 GB SSD/Windows 10 Home) 14s-dk0093AU Thin ...,"4.41,812 Ratings & 279 Reviews"
205,HP 15s Ryzen 5 Quad Core 3500U - (8 GB/512 GB SSD/Windows 10 Home) 15s-eq0500AU Thin and Light Laptop,4.2350 Ratings & 57 Reviews
206,Lenovo Legion Y540 Core i5 9th Gen - (8 GB/512 GB SSD/Windows 10 Home/4 GB Graphics) Y540-15IRH-PG0 Th...,4.727 Ratings & 7 Reviews
207,APPLE MacBook Air M1 - (8 GB/512 GB SSD/Mac OS Big Sur) MGN73HN/A,4.7132 Ratings & 20 Reviews
208,Lenovo Ideapad 3 Core i5 10th Gen - (8 GB/1 TB HDD/Windows 10 Home/2 GB Graphics) 15IML05 Laptop,4.1325 Ratings & 53 Reviews
209,MSI Bravo 15 Ryzen 5 Hexa Core 4600H - (16 GB/512 GB SSD/Windows 10 Home/4 GB Graphics/AMD Radeon RX 5...,4.5136 Ratings & 25 Reviews
210,ASUS ROG Strix G15 (2020) Core i5 10th Gen - (8 GB/1 TB SSD/Windows 10 Home/4 GB Graphics/NVIDIA GeFor...,4.412 Ratings & 2 Reviews
211,ASUS Core i3 10th Gen - (4 GB/512 GB SSD/Windows 10 Home) X413JA-EK261T||X413JA-EB301T Thin and Light ...,"4.31,727 Ratings & 264 Reviews"
212,HP 15s Core i3 11th Gen - (8 GB/1 TB HDD/Windows 10 Home) 15s-dy3001TU Thin and Light Laptop,"4.11,414 Ratings & 138 Reviews"
213,HP Pavilion Core i5 11th Gen - (16 GB/512 GB SSD/Windows 10 Home) 14-dv0054TU Thin and Light Laptop,4.6266 Ratings & 42 Reviews
214,HP Pavilion Gaming Ryzen 5 Quad Core 3550H - (8 GB/512 GB SSD/Windows 10 Home/4 GB Graphics/NVIDIA GeF...,"4.51,360 Ratings & 168 Reviews"
215,Lenovo Core i3 10th Gen - (4 GB/1 TB HDD/Windows 10 Home) V14-IIL Thin and Light Laptop,3.8161 Ratings & 16 Reviews
216,HP 14s Core i5 11th Gen - (8 GB/512 GB SSD/Windows 10 Home) 14s- DQ2535TU Thin and Light Laptop,4.3240 Ratings & 18 Reviews
217,MSI GF63 Thin Core i5 9th Gen - (8 GB/512 GB SSD/Windows 10 Home/4 GB Graphics/NVIDIA GeForce GTX 1650...,4.4712 Ratings & 97 Reviews
218,HP Pavilion x360 Core i3 11th Gen - (8 GB/256 GB SSD/Windows 10 Home) 14-dw1036TU 2 in 1 Laptop,4.4271 Ratings & 27 Reviews
219,Lenovo IdeaPad Flex 5 Ryzen 7 Octa Core 5700U - (16 GB/512 GB SSD/Windows 10 Home) 14ALC05 2 in 1 Lapt...,4.73 Ratings & 0 Reviews
220,Lenovo Ideapad S145 Ryzen 3 Dual Core 3200U - (4 GB/1 TB HDD/Windows 10 Home) S145-15API Thin and Ligh...,"3.95,082 Ratings & 749 Reviews"
221,MSI GP65 Leopard Core i7 10th Gen - (16 GB/1 TB HDD/256 GB SSD/Windows 10 Home/6 GB Graphics/NVIDIA Ge...,4.7161 Ratings & 26 Reviews
222,Lenovo IdeaPad Gaming Ryzen 5 Hexa Core 4600H - (8 GB/1 TB HDD/256 GB SSD/Windows 10 Home/4 GB Graphic...,4.68 Ratings & 2 Reviews
223,HP 15s Core i3 11th Gen - (8 GB/1 TB HDD/Windows 10 Home) 15s-du3038TU Thin and Light Laptop,4.1636 Ratings & 86 Reviews
224,Mi Notebook 14 Core i5 10th Gen - (8 GB/512 GB SSD/Windows 10 Home) JYU4299IN Thin and Light Laptop,"4.33,615 Ratings & 416 Reviews"
225,ASUS Celeron Dual Core - (4 GB/1 TB HDD/Windows 10 Home) X543MA-GQ1015T Laptop,"3.97,873 Ratings & 1,002 Reviews"
226,HP Pavilion Gaming Ryzen 5 Hexa Core 4600H - (8 GB/1 TB HDD/Windows 10 Home/4 GB Graphics/NVIDIA GeFor...,4.611 Ratings & 0 Reviews
227,APPLE MacBook Air M1 - (8 GB/256 GB SSD/Mac OS Big Sur) MGND3HN/A,4.7502 Ratings & 75 Reviews
228,HP 14s Ryzen 5 Quad Core 3500U 3rd Gen - (8 GB/1 TB HDD/256 GB SSD/Windows 10 Home) 14s-dk0093AU Thin ...,"4.41,812 Ratings & 279 Reviews"
229,HP 15s Ryzen 5 Quad Core 3500U - (8 GB/512 GB SSD/Windows 10 Home) 15s-eq0500AU Thin and Light Laptop,4.2350 Ratings & 57 Reviews
230,Lenovo Legion Y540 Core i5 9th Gen - (8 GB/512 GB SSD/Windows 10 Home/4 GB Graphics) Y540-15IRH-PG0 Th...,4.727 Ratings & 7 Reviews
231,APPLE MacBook Air M1 - (8 GB/512 GB SSD/Mac OS Big Sur) MGN73HN/A,4.7132 Ratings & 20 Reviews
232,Lenovo Ideapad 3 Core i5 10th Gen - (8 GB/1 TB HDD/Windows 10 Home/2 GB Graphics) 15IML05 Laptop,4.1325 Ratings & 53 Reviews
233,MSI Bravo 15 Ryzen 5 Hexa Core 4600H - (16 GB/512 GB SSD/Windows 10 Home/4 GB Graphics/AMD Radeon RX 5...,4.5136 Ratings & 25 Reviews
234,ASUS ROG Strix G15 (2020) Core i5 10th Gen - (8 GB/1 TB SSD/Windows 10 Home/4 GB Graphics/NVIDIA GeFor...,4.412 Ratings & 2 Reviews
235,ASUS Core i3 10th Gen - (4 GB/512 GB SSD/Windows 10 Home) X413JA-EK261T||X413JA-EB301T Thin and Light ...,"4.31,727 Ratings & 264 Reviews"
236,HP 15s Core i3 11th Gen - (8 GB/1 TB HDD/Windows 10 Home) 15s-dy3001TU Thin and Light Laptop,"4.11,414 Ratings & 138 Reviews"
237,HP Pavilion Core i5 11th Gen - (16 GB/512 GB SSD/Windows 10 Home) 14-dv0054TU Thin and Light Laptop,4.6266 Ratings & 42 Reviews
238,HP Pavilion Gaming Ryzen 5 Quad Core 3550H - (8 GB/512 GB SSD/Windows 10 Home/4 GB Graphics/NVIDIA GeF...,"4.51,360 Ratings & 168 Reviews"
239,Lenovo Core i3 10th Gen - (4 GB/1 TB HDD/Windows 10 Home) V14-IIL Thin and Light Laptop,3.8161 Ratings & 16 Reviews
240,HP 14s Core i5 11th Gen - (8 GB/512 GB SSD/Windows 10 Home) 14s- DQ2535TU Thin and Light Laptop,4.3240 Ratings & 18 Reviews
241,MSI GF63 Thin Core i5 9th Gen - (8 GB/512 GB SSD/Windows 10 Home/4 GB Graphics/NVIDIA GeForce GTX 1650...,4.4712 Ratings & 97 Reviews
242,HP Pavilion x360 Core i3 11th Gen - (8 GB/256 GB SSD/Windows 10 Home) 14-dw1036TU 2 in 1 Laptop,4.4271 Ratings & 27 Reviews
243,Lenovo IdeaPad Flex 5 Ryzen 7 Octa Core 5700U - (16 GB/512 GB SSD/Windows 10 Home) 14ALC05 2 in 1 Lapt...,4.73 Ratings & 0 Reviews
244,Lenovo Ideapad S145 Ryzen 3 Dual Core 3200U - (4 GB/1 TB HDD/Windows 10 Home) S145-15API Thin and Ligh...,"3.95,082 Ratings & 749 Reviews"
245,MSI GP65 Leopard Core i7 10th Gen - (16 GB/1 TB HDD/256 GB SSD/Windows 10 Home/6 GB Graphics/NVIDIA Ge...,4.7161 Ratings & 26 Reviews
246,Lenovo IdeaPad Gaming Ryzen 5 Hexa Core 4600H - (8 GB/1 TB HDD/256 GB SSD/Windows 10 Home/4 GB Graphic...,4.68 Ratings & 2 Reviews
247,HP 15s Core i3 11th Gen - (8 GB/1 TB HDD/Windows 10 Home) 15s-du3038TU Thin and Light Laptop,4.1636 Ratings & 86 Reviews
248,Mi Notebook 14 Core i5 10th Gen - (8 GB/512 GB SSD/Windows 10 Home) JYU4299IN Thin and Light Laptop,"4.33,615 Ratings & 416 Reviews"
249,ASUS Celeron Dual Core - (4 GB/1 TB HDD/Windows 10 Home) X543MA-GQ1015T Laptop,"3.97,873 Ratings & 1,002 Reviews"
250,HP Pavilion Gaming Ryzen 5 Hexa Core 4600H - (8 GB/1 TB HDD/Windows 10 Home/4 GB Graphics/NVIDIA GeFor...,4.611 Ratings & 0 Reviews
251,APPLE MacBook Air M1 - (8 GB/256 GB SSD/Mac OS Big Sur) MGND3HN/A,4.7502 Ratings & 75 Reviews
252,HP 14s Ryzen 5 Quad Core 3500U 3rd Gen - (8 GB/1 TB HDD/256 GB SSD/Windows 10 Home) 14s-dk0093AU Thin ...,"4.41,812 Ratings & 279 Reviews"
253,HP 15s Ryzen 5 Quad Core 3500U - (8 GB/512 GB SSD/Windows 10 Home) 15s-eq0500AU Thin and Light Laptop,4.2350 Ratings & 57 Reviews
254,Lenovo Legion Y540 Core i5 9th Gen - (8 GB/512 GB SSD/Windows 10 Home/4 GB Graphics) Y540-15IRH-PG0 Th...,4.727 Ratings & 7 Reviews
255,APPLE MacBook Air M1 - (8 GB/512 GB SSD/Mac OS Big Sur) MGN73HN/A,4.7132 Ratings & 20 Reviews
256,Lenovo Ideapad 3 Core i5 10th Gen - (8 GB/1 TB HDD/Windows 10 Home/2 GB Graphics) 15IML05 Laptop,4.1325 Ratings & 53 Reviews
257,MSI Bravo 15 Ryzen 5 Hexa Core 4600H - (16 GB/512 GB SSD/Windows 10 Home/4 GB Graphics/AMD Radeon RX 5...,4.5136 Ratings & 25 Reviews
258,ASUS ROG Strix G15 (2020) Core i5 10th Gen - (8 GB/1 TB SSD/Windows 10 Home/4 GB Graphics/NVIDIA GeFor...,4.412 Ratings & 2 Reviews
259,ASUS Core i3 10th Gen - (4 GB/512 GB SSD/Windows 10 Home) X413JA-EK261T||X413JA-EB301T Thin and Light ...,"4.31,727 Ratings & 264 Reviews"
260,HP 15s Core i3 11th Gen - (8 GB/1 TB HDD/Windows 10 Home) 15s-dy3001TU Thin and Light Laptop,"4.11,414 Ratings & 138 Reviews"
261,HP Pavilion Core i5 11th Gen - (16 GB/512 GB SSD/Windows 10 Home) 14-dv0054TU Thin and Light Laptop,4.6266 Ratings & 42 Reviews
262,HP Pavilion Gaming Ryzen 5 Quad Core 3550H - (8 GB/512 GB SSD/Windows 10 Home/4 GB Graphics/NVIDIA GeF...,"4.51,360 Ratings & 168 Reviews"
263,Lenovo Core i3 10th Gen - (4 GB/1 TB HDD/Windows 10 Home) V14-IIL Thin and Light Laptop,3.8161 Ratings & 16 Reviews
264,HP 14s Core i5 11th Gen - (8 GB/512 GB SSD/Windows 10 Home) 14s- DQ2535TU Thin and Light Laptop,4.3240 Ratings & 18 Reviews
265,MSI GF63 Thin Core i5 9th Gen - (8 GB/512 GB SSD/Windows 10 Home/4 GB Graphics/NVIDIA GeForce GTX 1650...,4.4712 Ratings & 97 Reviews
266,HP Pavilion x360 Core i3 11th Gen - (8 GB/256 GB SSD/Windows 10 Home) 14-dw1036TU 2 in 1 Laptop,4.4271 Ratings & 27 Reviews
267,Lenovo IdeaPad Flex 5 Ryzen 7 Octa Core 5700U - (16 GB/512 GB SSD/Windows 10 Home) 14ALC05 2 in 1 Lapt...,4.73 Ratings & 0 Reviews
268,Lenovo Ideapad S145 Ryzen 3 Dual Core 3200U - (4 GB/1 TB HDD/Windows 10 Home) S145-15API Thin and Ligh...,"3.95,082 Ratings & 749 Reviews"
269,MSI GP65 Leopard Core i7 10th Gen - (16 GB/1 TB HDD/256 GB SSD/Windows 10 Home/6 GB Graphics/NVIDIA Ge...,4.7161 Ratings & 26 Reviews
270,Lenovo IdeaPad Gaming Ryzen 5 Hexa Core 4600H - (8 GB/1 TB HDD/256 GB SSD/Windows 10 Home/4 GB Graphic...,4.68 Ratings & 2 Reviews
271,HP 15s Core i3 11th Gen - (8 GB/1 TB HDD/Windows 10 Home) 15s-du3038TU Thin and Light Laptop,4.1636 Ratings & 86 Reviews
272,Mi Notebook 14 Core i5 10th Gen - (8 GB/512 GB SSD/Windows 10 Home) JYU4299IN Thin and Light Laptop,"4.33,615 Ratings & 416 Reviews"
273,ASUS Celeron Dual Core - (4 GB/1 TB HDD/Windows 10 Home) X543MA-GQ1015T Laptop,"3.97,873 Ratings & 1,002 Reviews"
274,HP Pavilion Gaming Ryzen 5 Hexa Core 4600H - (8 GB/1 TB HDD/Windows 10 Home/4 GB Graphics/NVIDIA GeFor...,4.611 Ratings & 0 Reviews
275,APPLE MacBook Air M1 - (8 GB/256 GB SSD/Mac OS Big Sur) MGND3HN/A,4.7502 Ratings & 75 Reviews
276,HP 14s Ryzen 5 Quad Core 3500U 3rd Gen - (8 GB/1 TB HDD/256 GB SSD/Windows 10 Home) 14s-dk0093AU Thin ...,"4.41,812 Ratings & 279 Reviews"
277,HP 15s Ryzen 5 Quad Core 3500U - (8 GB/512 GB SSD/Windows 10 Home) 15s-eq0500AU Thin and Light Laptop,4.2350 Ratings & 57 Reviews
278,Lenovo Legion Y540 Core i5 9th Gen - (8 GB/512 GB SSD/Windows 10 Home/4 GB Graphics) Y540-15IRH-PG0 Th...,4.727 Ratings & 7 Reviews
279,APPLE MacBook Air M1 - (8 GB/512 GB SSD/Mac OS Big Sur) MGN73HN/A,4.7132 Ratings & 20 Reviews
280,Lenovo Ideapad 3 Core i5 10th Gen - (8 GB/1 TB HDD/Windows 10 Home/2 GB Graphics) 15IML05 Laptop,4.1325 Ratings & 53 Reviews
281,MSI Bravo 15 Ryzen 5 Hexa Core 4600H - (16 GB/512 GB SSD/Windows 10 Home/4 GB Graphics/AMD Radeon RX 5...,4.5136 Ratings & 25 Reviews
282,ASUS ROG Strix G15 (2020) Core i5 10th Gen - (8 GB/1 TB SSD/Windows 10 Home/4 GB Graphics/NVIDIA GeFor...,4.412 Ratings & 2 Reviews
283,ASUS Core i3 10th Gen - (4 GB/512 GB SSD/Windows 10 Home) X413JA-EK261T||X413JA-EB301T Thin and Light ...,"4.31,727 Ratings & 264 Reviews"
284,HP 15s Core i3 11th Gen - (8 GB/1 TB HDD/Windows 10 Home) 15s-dy3001TU Thin and Light Laptop,"4.11,414 Ratings & 138 Reviews"
285,HP Pavilion Core i5 11th Gen - (16 GB/512 GB SSD/Windows 10 Home) 14-dv0054TU Thin and Light Laptop,4.6266 Ratings & 42 Reviews
286,HP Pavilion Gaming Ryzen 5 Quad Core 3550H - (8 GB/512 GB SSD/Windows 10 Home/4 GB Graphics/NVIDIA GeF...,"4.51,360 Ratings & 168 Reviews"
287,Lenovo Core i3 10th Gen - (4 GB/1 TB HDD/Windows 10 Home) V14-IIL Thin and Light Laptop,3.8161 Ratings & 16 Reviews
288,HP 14s Core i5 11th Gen - (8 GB/512 GB SSD/Windows 10 Home) 14s- DQ2535TU Thin and Light Laptop,4.3240 Ratings & 18 Reviews
289,MSI GF63 Thin Core i5 9th Gen - (8 GB/512 GB SSD/Windows 10 Home/4 GB Graphics/NVIDIA GeForce GTX 1650...,4.4712 Ratings & 97 Reviews
290,HP Pavilion x360 Core i3 11th Gen - (8 GB/256 GB SSD/Windows 10 Home) 14-dw1036TU 2 in 1 Laptop,4.4271 Ratings & 27 Reviews
291,Lenovo IdeaPad Flex 5 Ryzen 7 Octa Core 5700U - (16 GB/512 GB SSD/Windows 10 Home) 14ALC05 2 in 1 Lapt...,4.73 Ratings & 0 Reviews
292,Lenovo Ideapad S145 Ryzen 3 Dual Core 3200U - (4 GB/1 TB HDD/Windows 10 Home) S145-15API Thin and Ligh...,"3.95,082 Ratings & 749 Reviews"
293,MSI GP65 Leopard Core i7 10th Gen - (16 GB/1 TB HDD/256 GB SSD/Windows 10 Home/6 GB Graphics/NVIDIA Ge...,4.7161 Ratings & 26 Reviews
294,Lenovo IdeaPad Gaming Ryzen 5 Hexa Core 4600H - (8 GB/1 TB HDD/256 GB SSD/Windows 10 Home/4 GB Graphic...,4.68 Ratings & 2 Reviews
295,HP 15s Core i3 11th Gen - (8 GB/1 TB HDD/Windows 10 Home) 15s-du3038TU Thin and Light Laptop,4.1636 Ratings & 86 Reviews
296,Mi Notebook 14 Core i5 10th Gen - (8 GB/512 GB SSD/Windows 10 Home) JYU4299IN Thin and Light Laptop,"4.33,615 Ratings & 416 Reviews"
297,ASUS Celeron Dual Core - (4 GB/1 TB HDD/Windows 10 Home) X543MA-GQ1015T Laptop,"3.97,873 Ratings & 1,002 Reviews"
298,HP Pavilion Gaming Ryzen 5 Hexa Core 4600H - (8 GB/1 TB HDD/Windows 10 Home/4 GB Graphics/NVIDIA GeFor...,4.611 Ratings & 0 Reviews
299,APPLE MacBook Air M1 - (8 GB/256 GB SSD/Mac OS Big Sur) MGND3HN/A,4.7502 Ratings & 75 Reviews
300,HP 14s Ryzen 5 Quad Core 3500U 3rd Gen - (8 GB/1 TB HDD/256 GB SSD/Windows 10 Home) 14s-dk0093AU Thin ...,"4.41,812 Ratings & 279 Reviews"
301,HP 15s Ryzen 5 Quad Core 3500U - (8 GB/512 GB SSD/Windows 10 Home) 15s-eq0500AU Thin and Light Laptop,4.2350 Ratings & 57 Reviews
302,Lenovo Legion Y540 Core i5 9th Gen - (8 GB/512 GB SSD/Windows 10 Home/4 GB Graphics) Y540-15IRH-PG0 Th...,4.727 Ratings & 7 Reviews
303,APPLE MacBook Air M1 - (8 GB/512 GB SSD/Mac OS Big Sur) MGN73HN/A,4.7132 Ratings & 20 Reviews
304,Lenovo Ideapad 3 Core i5 10th Gen - (8 GB/1 TB HDD/Windows 10 Home/2 GB Graphics) 15IML05 Laptop,4.1325 Ratings & 53 Reviews
305,MSI Bravo 15 Ryzen 5 Hexa Core 4600H - (16 GB/512 GB SSD/Windows 10 Home/4 GB Graphics/AMD Radeon RX 5...,4.5136 Ratings & 25 Reviews
306,ASUS ROG Strix G15 (2020) Core i5 10th Gen - (8 GB/1 TB SSD/Windows 10 Home/4 GB Graphics/NVIDIA GeFor...,4.412 Ratings & 2 Reviews
307,ASUS Core i3 10th Gen - (4 GB/512 GB SSD/Windows 10 Home) X413JA-EK261T||X413JA-EB301T Thin and Light ...,"4.31,727 Ratings & 264 Reviews"
308,HP 15s Core i3 11th Gen - (8 GB/1 TB HDD/Windows 10 Home) 15s-dy3001TU Thin and Light Laptop,"4.11,414 Ratings & 138 Reviews"
309,HP Pavilion Core i5 11th Gen - (16 GB/512 GB SSD/Windows 10 Home) 14-dv0054TU Thin and Light Laptop,4.6266 Ratings & 42 Reviews
310,HP Pavilion Gaming Ryzen 5 Quad Core 3550H - (8 GB/512 GB SSD/Windows 10 Home/4 GB Graphics/NVIDIA GeF...,"4.51,360 Ratings & 168 Reviews"
311,Lenovo Core i3 10th Gen - (4 GB/1 TB HDD/Windows 10 Home) V14-IIL Thin and Light Laptop,3.8161 Ratings & 16 Reviews
312,HP 14s Core i5 11th Gen - (8 GB/512 GB SSD/Windows 10 Home) 14s- DQ2535TU Thin and Light Laptop,4.3240 Ratings & 18 Reviews
313,MSI GF63 Thin Core i5 9th Gen - (8 GB/512 GB SSD/Windows 10 Home/4 GB Graphics/NVIDIA GeForce GTX 1650...,4.4712 Ratings & 97 Reviews
314,HP Pavilion x360 Core i3 11th Gen - (8 GB/256 GB SSD/Windows 10 Home) 14-dw1036TU 2 in 1 Laptop,4.4271 Ratings & 27 Reviews
315,Lenovo IdeaPad Flex 5 Ryzen 7 Octa Core 5700U - (16 GB/512 GB SSD/Windows 10 Home) 14ALC05 2 in 1 Lapt...,4.73 Ratings & 0 Reviews
316,Lenovo Ideapad S145 Ryzen 3 Dual Core 3200U - (4 GB/1 TB HDD/Windows 10 Home) S145-15API Thin and Ligh...,"3.95,082 Ratings & 749 Reviews"
317,MSI GP65 Leopard Core i7 10th Gen - (16 GB/1 TB HDD/256 GB SSD/Windows 10 Home/6 GB Graphics/NVIDIA Ge...,4.7161 Ratings & 26 Reviews
318,Lenovo IdeaPad Gaming Ryzen 5 Hexa Core 4600H - (8 GB/1 TB HDD/256 GB SSD/Windows 10 Home/4 GB Graphic...,4.68 Ratings & 2 Reviews
319,HP 15s Core i3 11th Gen - (8 GB/1 TB HDD/Windows 10 Home) 15s-du3038TU Thin and Light Laptop,4.1636 Ratings & 86 Reviews
320,Mi Notebook 14 Core i5 10th Gen - (8 GB/512 GB SSD/Windows 10 Home) JYU4299IN Thin and Light Laptop,"4.33,615 Ratings & 416 Reviews"
321,ASUS Celeron Dual Core - (4 GB/1 TB HDD/Windows 10 Home) X543MA-GQ1015T Laptop,"3.97,873 Ratings & 1,002 Reviews"
322,HP Pavilion Gaming Ryzen 5 Hexa Core 4600H - (8 GB/1 TB HDD/Windows 10 Home/4 GB Graphics/NVIDIA GeFor...,4.611 Ratings & 0 Reviews
323,APPLE MacBook Air M1 - (8 GB/256 GB SSD/Mac OS Big Sur) MGND3HN/A,4.7502 Ratings & 75 Reviews
324,HP 14s Ryzen 5 Quad Core 3500U 3rd Gen - (8 GB/1 TB HDD/256 GB SSD/Windows 10 Home) 14s-dk0093AU Thin ...,"4.41,812 Ratings & 279 Reviews"
325,HP 15s Ryzen 5 Quad Core 3500U - (8 GB/512 GB SSD/Windows 10 Home) 15s-eq0500AU Thin and Light Laptop,4.2350 Ratings & 57 Reviews
326,Lenovo Legion Y540 Core i5 9th Gen - (8 GB/512 GB SSD/Windows 10 Home/4 GB Graphics) Y540-15IRH-PG0 Th...,4.727 Ratings & 7 Reviews
327,APPLE MacBook Air M1 - (8 GB/512 GB SSD/Mac OS Big Sur) MGN73HN/A,4.7132 Ratings & 20 Reviews
328,Lenovo Ideapad 3 Core i5 10th Gen - (8 GB/1 TB HDD/Windows 10 Home/2 GB Graphics) 15IML05 Laptop,4.1325 Ratings & 53 Reviews
329,MSI Bravo 15 Ryzen 5 Hexa Core 4600H - (16 GB/512 GB SSD/Windows 10 Home/4 GB Graphics/AMD Radeon RX 5...,4.5136 Ratings & 25 Reviews
330,ASUS ROG Strix G15 (2020) Core i5 10th Gen - (8 GB/1 TB SSD/Windows 10 Home/4 GB Graphics/NVIDIA GeFor...,4.412 Ratings & 2 Reviews
331,ASUS Core i3 10th Gen - (4 GB/512 GB SSD/Windows 10 Home) X413JA-EK261T||X413JA-EB301T Thin and Light ...,"4.31,727 Ratings & 264 Reviews"
332,HP 15s Core i3 11th Gen - (8 GB/1 TB HDD/Windows 10 Home) 15s-dy3001TU Thin and Light Laptop,"4.11,414 Ratings & 138 Reviews"
333,HP Pavilion Core i5 11th Gen - (16 GB/512 GB SSD/Windows 10 Home) 14-dv0054TU Thin and Light Laptop,4.6266 Ratings & 42 Reviews
334,HP Pavilion Gaming Ryzen 5 Quad Core 3550H - (8 GB/512 GB SSD/Windows 10 Home/4 GB Graphics/NVIDIA GeF...,"4.51,360 Ratings & 168 Reviews"
335,Lenovo Core i3 10th Gen - (4 GB/1 TB HDD/Windows 10 Home) V14-IIL Thin and Light Laptop,3.8161 Ratings & 16 Reviews
336,HP 14s Core i5 11th Gen - (8 GB/512 GB SSD/Windows 10 Home) 14s- DQ2535TU Thin and Light Laptop,4.3240 Ratings & 18 Reviews
337,MSI GF63 Thin Core i5 9th Gen - (8 GB/512 GB SSD/Windows 10 Home/4 GB Graphics/NVIDIA GeForce GTX 1650...,4.4712 Ratings & 97 Reviews
338,HP Pavilion x360 Core i3 11th Gen - (8 GB/256 GB SSD/Windows 10 Home) 14-dw1036TU 2 in 1 Laptop,4.4271 Ratings & 27 Reviews
339,Lenovo IdeaPad Flex 5 Ryzen 7 Octa Core 5700U - (16 GB/512 GB SSD/Windows 10 Home) 14ALC05 2 in 1 Lapt...,4.73 Ratings & 0 Reviews
340,Lenovo Ideapad S145 Ryzen 3 Dual Core 3200U - (4 GB/1 TB HDD/Windows 10 Home) S145-15API Thin and Ligh...,"3.95,082 Ratings & 749 Reviews"
341,MSI GP65 Leopard Core i7 10th Gen - (16 GB/1 TB HDD/256 GB SSD/Windows 10 Home/6 GB Graphics/NVIDIA Ge...,4.7161 Ratings & 26 Reviews
342,Lenovo IdeaPad Gaming Ryzen 5 Hexa Core 4600H - (8 GB/1 TB HDD/256 GB SSD/Windows 10 Home/4 GB Graphic...,4.68 Ratings & 2 Reviews
343,HP 15s Core i3 11th Gen - (8 GB/1 TB HDD/Windows 10 Home) 15s-du3038TU Thin and Light Laptop,4.1636 Ratings & 86 Reviews
344,Mi Notebook 14 Core i5 10th Gen - (8 GB/512 GB SSD/Windows 10 Home) JYU4299IN Thin and Light Laptop,"4.33,615 Ratings & 416 Reviews"
345,ASUS Celeron Dual Core - (4 GB/1 TB HDD/Windows 10 Home) X543MA-GQ1015T Laptop,"3.97,873 Ratings & 1,002 Reviews"
346,HP Pavilion Gaming Ryzen 5 Hexa Core 4600H - (8 GB/1 TB HDD/Windows 10 Home/4 GB Graphics/NVIDIA GeFor...,4.611 Ratings & 0 Reviews
347,APPLE MacBook Air M1 - (8 GB/256 GB SSD/Mac OS Big Sur) MGND3HN/A,4.7502 Ratings & 75 Reviews
348,HP 14s Ryzen 5 Quad Core 3500U 3rd Gen - (8 GB/1 TB HDD/256 GB SSD/Windows 10 Home) 14s-dk0093AU Thin ...,"4.41,812 Ratings & 279 Reviews"
349,HP 15s Ryzen 5 Quad Core 3500U - (8 GB/512 GB SSD/Windows 10 Home) 15s-eq0500AU Thin and Light Laptop,4.2350 Ratings & 57 Reviews
350,Lenovo Legion Y540 Core i5 9th Gen - (8 GB/512 GB SSD/Windows 10 Home/4 GB Graphics) Y540-15IRH-PG0 Th...,4.727 Ratings & 7 Reviews
351,APPLE MacBook Air M1 - (8 GB/512 GB SSD/Mac OS Big Sur) MGN73HN/A,4.7132 Ratings & 20 Reviews
352,Lenovo Ideapad 3 Core i5 10th Gen - (8 GB/1 TB HDD/Windows 10 Home/2 GB Graphics) 15IML05 Laptop,4.1325 Ratings & 53 Reviews
353,MSI Bravo 15 Ryzen 5 Hexa Core 4600H - (16 GB/512 GB SSD/Windows 10 Home/4 GB Graphics/AMD Radeon RX 5...,4.5136 Ratings & 25 Reviews
354,ASUS ROG Strix G15 (2020) Core i5 10th Gen - (8 GB/1 TB SSD/Windows 10 Home/4 GB Graphics/NVIDIA GeFor...,4.412 Ratings & 2 Reviews
355,ASUS Core i3 10th Gen - (4 GB/512 GB SSD/Windows 10 Home) X413JA-EK261T||X413JA-EB301T Thin and Light ...,"4.31,727 Ratings & 264 Reviews"
356,HP 15s Core i3 11th Gen - (8 GB/1 TB HDD/Windows 10 Home) 15s-dy3001TU Thin and Light Laptop,"4.11,414 Ratings & 138 Reviews"
357,HP Pavilion Core i5 11th Gen - (16 GB/512 GB SSD/Windows 10 Home) 14-dv0054TU Thin and Light Laptop,4.6266 Ratings & 42 Reviews
358,HP Pavilion Gaming Ryzen 5 Quad Core 3550H - (8 GB/512 GB SSD/Windows 10 Home/4 GB Graphics/NVIDIA GeF...,"4.51,360 Ratings & 168 Reviews"
359,Lenovo Core i3 10th Gen - (4 GB/1 TB HDD/Windows 10 Home) V14-IIL Thin and Light Laptop,3.8161 Ratings & 16 Reviews
360,HP 14s Core i5 11th Gen - (8 GB/512 GB SSD/Windows 10 Home) 14s- DQ2535TU Thin and Light Laptop,4.3240 Ratings & 18 Reviews
361,MSI GF63 Thin Core i5 9th Gen - (8 GB/512 GB SSD/Windows 10 Home/4 GB Graphics/NVIDIA GeForce GTX 1650...,4.4712 Ratings & 97 Reviews
362,HP Pavilion x360 Core i3 11th Gen - (8 GB/256 GB SSD/Windows 10 Home) 14-dw1036TU 2 in 1 Laptop,4.4271 Ratings & 27 Reviews
363,Lenovo IdeaPad Flex 5 Ryzen 7 Octa Core 5700U - (16 GB/512 GB SSD/Windows 10 Home) 14ALC05 2 in 1 Lapt...,4.73 Ratings & 0 Reviews
364,Lenovo Ideapad S145 Ryzen 3 Dual Core 3200U - (4 GB/1 TB HDD/Windows 10 Home) S145-15API Thin and Ligh...,"3.95,082 Ratings & 749 Reviews"
365,MSI GP65 Leopard Core i7 10th Gen - (16 GB/1 TB HDD/256 GB SSD/Windows 10 Home/6 GB Graphics/NVIDIA Ge...,4.7161 Ratings & 26 Reviews
366,Lenovo IdeaPad Gaming Ryzen 5 Hexa Core 4600H - (8 GB/1 TB HDD/256 GB SSD/Windows 10 Home/4 GB Graphic...,4.68 Ratings & 2 Reviews
367,HP 15s Core i3 11th Gen - (8 GB/1 TB HDD/Windows 10 Home) 15s-du3038TU Thin and Light Laptop,4.1636 Ratings & 86 Reviews
368,Mi Notebook 14 Core i5 10th Gen - (8 GB/512 GB SSD/Windows 10 Home) JYU4299IN Thin and Light Laptop,"4.33,615 Ratings & 416 Reviews"
369,ASUS Celeron Dual Core - (4 GB/1 TB HDD/Windows 10 Home) X543MA-GQ1015T Laptop,"3.97,873 Ratings & 1,002 Reviews"
370,HP Pavilion Gaming Ryzen 5 Hexa Core 4600H - (8 GB/1 TB HDD/Windows 10 Home/4 GB Graphics/NVIDIA GeFor...,4.611 Ratings & 0 Reviews
371,APPLE MacBook Air M1 - (8 GB/256 GB SSD/Mac OS Big Sur) MGND3HN/A,4.7502 Ratings & 75 Reviews
372,HP 14s Ryzen 5 Quad Core 3500U 3rd Gen - (8 GB/1 TB HDD/256 GB SSD/Windows 10 Home) 14s-dk0093AU Thin ...,"4.41,812 Ratings & 279 Reviews"
373,HP 15s Ryzen 5 Quad Core 3500U - (8 GB/512 GB SSD/Windows 10 Home) 15s-eq0500AU Thin and Light Laptop,4.2350 Ratings & 57 Reviews
374,Lenovo Legion Y540 Core i5 9th Gen - (8 GB/512 GB SSD/Windows 10 Home/4 GB Graphics) Y540-15IRH-PG0 Th...,4.727 Ratings & 7 Reviews
375,APPLE MacBook Air M1 - (8 GB/512 GB SSD/Mac OS Big Sur) MGN73HN/A,4.7132 Ratings & 20 Reviews
376,Lenovo Ideapad 3 Core i5 10th Gen - (8 GB/1 TB HDD/Windows 10 Home/2 GB Graphics) 15IML05 Laptop,4.1325 Ratings & 53 Reviews
377,MSI Bravo 15 Ryzen 5 Hexa Core 4600H - (16 GB/512 GB SSD/Windows 10 Home/4 GB Graphics/AMD Radeon RX 5...,4.5136 Ratings & 25 Reviews
378,ASUS ROG Strix G15 (2020) Core i5 10th Gen - (8 GB/1 TB SSD/Windows 10 Home/4 GB Graphics/NVIDIA GeFor...,4.412 Ratings & 2 Reviews
379,ASUS Core i3 10th Gen - (4 GB/512 GB SSD/Windows 10 Home) X413JA-EK261T||X413JA-EB301T Thin and Light ...,"4.31,727 Ratings & 264 Reviews"
380,HP 15s Core i3 11th Gen - (8 GB/1 TB HDD/Windows 10 Home) 15s-dy3001TU Thin and Light Laptop,"4.11,414 Ratings & 138 Reviews"
381,HP Pavilion Core i5 11th Gen - (16 GB/512 GB SSD/Windows 10 Home) 14-dv0054TU Thin and Light Laptop,4.6266 Ratings & 42 Reviews
382,HP Pavilion Gaming Ryzen 5 Quad Core 3550H - (8 GB/512 GB SSD/Windows 10 Home/4 GB Graphics/NVIDIA GeF...,"4.51,360 Ratings & 168 Reviews"
383,Lenovo Core i3 10th Gen - (4 GB/1 TB HDD/Windows 10 Home) V14-IIL Thin and Light Laptop,3.8161 Ratings & 16 Reviews
384,HP 14s Core i5 11th Gen - (8 GB/512 GB SSD/Windows 10 Home) 14s- DQ2535TU Thin and Light Laptop,4.3240 Ratings & 18 Reviews
385,MSI GF63 Thin Core i5 9th Gen - (8 GB/512 GB SSD/Windows 10 Home/4 GB Graphics/NVIDIA GeForce GTX 1650...,4.4712 Ratings & 97 Reviews
386,HP Pavilion x360 Core i3 11th Gen - (8 GB/256 GB SSD/Windows 10 Home) 14-dw1036TU 2 in 1 Laptop,4.4271 Ratings & 27 Reviews
387,Lenovo IdeaPad Flex 5 Ryzen 7 Octa Core 5700U - (16 GB/512 GB SSD/Windows 10 Home) 14ALC05 2 in 1 Lapt...,4.73 Ratings & 0 Reviews
388,Lenovo Ideapad S145 Ryzen 3 Dual Core 3200U - (4 GB/1 TB HDD/Windows 10 Home) S145-15API Thin and Ligh...,"3.95,082 Ratings & 749 Reviews"
389,MSI GP65 Leopard Core i7 10th Gen - (16 GB/1 TB HDD/256 GB SSD/Windows 10 Home/6 GB Graphics/NVIDIA Ge...,4.7161 Ratings & 26 Reviews
390,Lenovo IdeaPad Gaming Ryzen 5 Hexa Core 4600H - (8 GB/1 TB HDD/256 GB SSD/Windows 10 Home/4 GB Graphic...,4.68 Ratings & 2 Reviews
391,HP 15s Core i3 11th Gen - (8 GB/1 TB HDD/Windows 10 Home) 15s-du3038TU Thin and Light Laptop,4.1636 Ratings & 86 Reviews
392,Mi Notebook 14 Core i5 10th Gen - (8 GB/512 GB SSD/Windows 10 Home) JYU4299IN Thin and Light Laptop,"4.33,615 Ratings & 416 Reviews"
393,ASUS Celeron Dual Core - (4 GB/1 TB HDD/Windows 10 Home) X543MA-GQ1015T Laptop,"3.97,873 Ratings & 1,002 Reviews"
394,HP Pavilion Gaming Ryzen 5 Hexa Core 4600H - (8 GB/1 TB HDD/Windows 10 Home/4 GB Graphics/NVIDIA GeFor...,4.611 Ratings & 0 Reviews
395,APPLE MacBook Air M1 - (8 GB/256 GB SSD/Mac OS Big Sur) MGND3HN/A,4.7502 Ratings & 75 Reviews
396,HP 14s Ryzen 5 Quad Core 3500U 3rd Gen - (8 GB/1 TB HDD/256 GB SSD/Windows 10 Home) 14s-dk0093AU Thin ...,"4.41,812 Ratings & 279 Reviews"
397,HP 15s Ryzen 5 Quad Core 3500U - (8 GB/512 GB SSD/Windows 10 Home) 15s-eq0500AU Thin and Light Laptop,4.2350 Ratings & 57 Reviews
398,Lenovo Legion Y540 Core i5 9th Gen - (8 GB/512 GB SSD/Windows 10 Home/4 GB Graphics) Y540-15IRH-PG0 Th...,4.727 Ratings & 7 Reviews
399,APPLE MacBook Air M1 - (8 GB/512 GB SSD/Mac OS Big Sur) MGN73HN/A,4.7132 Ratings & 20 Reviews
400,Lenovo Ideapad 3 Core i5 10th Gen - (8 GB/1 TB HDD/Windows 10 Home/2 GB Graphics) 15IML05 Laptop,4.1325 Ratings & 53 Reviews
401,MSI Bravo 15 Ryzen 5 Hexa Core 4600H - (16 GB/512 GB SSD/Windows 10 Home/4 GB Graphics/AMD Radeon RX 5...,4.5136 Ratings & 25 Reviews
402,ASUS ROG Strix G15 (2020) Core i5 10th Gen - (8 GB/1 TB SSD/Windows 10 Home/4 GB Graphics/NVIDIA GeFor...,4.412 Ratings & 2 Reviews
403,ASUS Core i3 10th Gen - (4 GB/512 GB SSD/Windows 10 Home) X413JA-EK261T||X413JA-EB301T Thin and Light ...,"4.31,727 Ratings & 264 Reviews"
404,HP 15s Core i3 11th Gen - (8 GB/1 TB HDD/Windows 10 Home) 15s-dy3001TU Thin and Light Laptop,"4.11,414 Ratings & 138 Reviews"
405,HP Pavilion Core i5 11th Gen - (16 GB/512 GB SSD/Windows 10 Home) 14-dv0054TU Thin and Light Laptop,4.6266 Ratings & 42 Reviews
406,HP Pavilion Gaming Ryzen 5 Quad Core 3550H - (8 GB/512 GB SSD/Windows 10 Home/4 GB Graphics/NVIDIA GeF...,"4.51,360 Ratings & 168 Reviews"
407,Lenovo Core i3 10th Gen - (4 GB/1 TB HDD/Windows 10 Home) V14-IIL Thin and Light Laptop,3.8161 Ratings & 16 Reviews
408,HP 14s Core i5 11th Gen - (8 GB/512 GB SSD/Windows 10 Home) 14s- DQ2535TU Thin and Light Laptop,4.3240 Ratings & 18 Reviews
409,MSI GF63 Thin Core i5 9th Gen - (8 GB/512 GB SSD/Windows 10 Home/4 GB Graphics/NVIDIA GeForce GTX 1650...,4.4712 Ratings & 97 Reviews
410,HP Pavilion x360 Core i3 11th Gen - (8 GB/256 GB SSD/Windows 10 Home) 14-dw1036TU 2 in 1 Laptop,4.4271 Ratings & 27 Reviews
411,Lenovo IdeaPad Flex 5 Ryzen 7 Octa Core 5700U - (16 GB/512 GB SSD/Windows 10 Home) 14ALC05 2 in 1 Lapt...,4.73 Ratings & 0 Reviews
412,Lenovo Ideapad S145 Ryzen 3 Dual Core 3200U - (4 GB/1 TB HDD/Windows 10 Home) S145-15API Thin and Ligh...,"3.95,082 Ratings & 749 Reviews"
413,MSI GP65 Leopard Core i7 10th Gen - (16 GB/1 TB HDD/256 GB SSD/Windows 10 Home/6 GB Graphics/NVIDIA Ge...,4.7161 Ratings & 26 Reviews
414,Lenovo IdeaPad Gaming Ryzen 5 Hexa Core 4600H - (8 GB/1 TB HDD/256 GB SSD/Windows 10 Home/4 GB Graphic...,4.68 Ratings & 2 Reviews
415,HP 15s Core i3 11th Gen - (8 GB/1 TB HDD/Windows 10 Home) 15s-du3038TU Thin and Light Laptop,4.1636 Ratings & 86 Reviews
416,Mi Notebook 14 Core i5 10th Gen - (8 GB/512 GB SSD/Windows 10 Home) JYU4299IN Thin and Light Laptop,"4.33,615 Ratings & 416 Reviews"
417,ASUS Celeron Dual Core - (4 GB/1 TB HDD/Windows 10 Home) X543MA-GQ1015T Laptop,"3.97,873 Ratings & 1,002 Reviews"
418,HP Pavilion Gaming Ryzen 5 Hexa Core 4600H - (8 GB/1 TB HDD/Windows 10 Home/4 GB Graphics/NVIDIA GeFor...,4.611 Ratings & 0 Reviews
419,APPLE MacBook Air M1 - (8 GB/256 GB SSD/Mac OS Big Sur) MGND3HN/A,4.7502 Ratings & 75 Reviews
420,HP 14s Ryzen 5 Quad Core 3500U 3rd Gen - (8 GB/1 TB HDD/256 GB SSD/Windows 10 Home) 14s-dk0093AU Thin ...,"4.41,812 Ratings & 279 Reviews"
421,HP 15s Ryzen 5 Quad Core 3500U - (8 GB/512 GB SSD/Windows 10 Home) 15s-eq0500AU Thin and Light Laptop,4.2350 Ratings & 57 Reviews
422,Lenovo Legion Y540 Core i5 9th Gen - (8 GB/512 GB SSD/Windows 10 Home/4 GB Graphics) Y540-15IRH-PG0 Th...,4.727 Ratings & 7 Reviews
423,APPLE MacBook Air M1 - (8 GB/512 GB SSD/Mac OS Big Sur) MGN73HN/A,4.7132 Ratings & 20 Reviews
424,Lenovo Ideapad 3 Core i5 10th Gen - (8 GB/1 TB HDD/Windows 10 Home/2 GB Graphics) 15IML05 Laptop,4.1325 Ratings & 53 Reviews
425,MSI Bravo 15 Ryzen 5 Hexa Core 4600H - (16 GB/512 GB SSD/Windows 10 Home/4 GB Graphics/AMD Radeon RX 5...,4.5136 Ratings & 25 Reviews
426,ASUS ROG Strix G15 (2020) Core i5 10th Gen - (8 GB/1 TB SSD/Windows 10 Home/4 GB Graphics/NVIDIA GeFor...,4.412 Ratings & 2 Reviews
427,ASUS Core i3 10th Gen - (4 GB/512 GB SSD/Windows 10 Home) X413JA-EK261T||X413JA-EB301T Thin and Light ...,"4.31,727 Ratings & 264 Reviews"
428,HP 15s Core i3 11th Gen - (8 GB/1 TB HDD/Windows 10 Home) 15s-dy3001TU Thin and Light Laptop,"4.11,414 Ratings & 138 Reviews"
429,HP Pavilion Core i5 11th Gen - (16 GB/512 GB SSD/Windows 10 Home) 14-dv0054TU Thin and Light Laptop,4.6266 Ratings & 42 Reviews
430,HP Pavilion Gaming Ryzen 5 Quad Core 3550H - (8 GB/512 GB SSD/Windows 10 Home/4 GB Graphics/NVIDIA GeF...,"4.51,360 Ratings & 168 Reviews"
431,Lenovo Core i3 10th Gen - (4 GB/1 TB HDD/Windows 10 Home) V14-IIL Thin and Light Laptop,3.8161 Ratings & 16 Reviews
432,HP 14s Core i5 11th Gen - (8 GB/512 GB SSD/Windows 10 Home) 14s- DQ2535TU Thin and Light Laptop,4.3240 Ratings & 18 Reviews
433,MSI GF63 Thin Core i5 9th Gen - (8 GB/512 GB SSD/Windows 10 Home/4 GB Graphics/NVIDIA GeForce GTX 1650...,4.4712 Ratings & 97 Reviews
434,HP Pavilion x360 Core i3 11th Gen - (8 GB/256 GB SSD/Windows 10 Home) 14-dw1036TU 2 in 1 Laptop,4.4271 Ratings & 27 Reviews
435,Lenovo IdeaPad Flex 5 Ryzen 7 Octa Core 5700U - (16 GB/512 GB SSD/Windows 10 Home) 14ALC05 2 in 1 Lapt...,4.73 Ratings & 0 Reviews
436,Lenovo Ideapad S145 Ryzen 3 Dual Core 3200U - (4 GB/1 TB HDD/Windows 10 Home) S145-15API Thin and Ligh...,"3.95,082 Ratings & 749 Reviews"
437,MSI GP65 Leopard Core i7 10th Gen - (16 GB/1 TB HDD/256 GB SSD/Windows 10 Home/6 GB Graphics/NVIDIA Ge...,4.7161 Ratings & 26 Reviews
438,Lenovo IdeaPad Gaming Ryzen 5 Hexa Core 4600H - (8 GB/1 TB HDD/256 GB SSD/Windows 10 Home/4 GB Graphic...,4.68 Ratings & 2 Reviews
439,HP 15s Core i3 11th Gen - (8 GB/1 TB HDD/Windows 10 Home) 15s-du3038TU Thin and Light Laptop,4.1636 Ratings & 86 Reviews
440,Mi Notebook 14 Core i5 10th Gen - (8 GB/512 GB SSD/Windows 10 Home) JYU4299IN Thin and Light Laptop,"4.33,615 Ratings & 416 Reviews"
441,ASUS Celeron Dual Core - (4 GB/1 TB HDD/Windows 10 Home) X543MA-GQ1015T Laptop,"3.97,873 Ratings & 1,002 Reviews"
442,HP Pavilion Gaming Ryzen 5 Hexa Core 4600H - (8 GB/1 TB HDD/Windows 10 Home/4 GB Graphics/NVIDIA GeFor...,4.611 Ratings & 0 Reviews
443,APPLE MacBook Air M1 - (8 GB/256 GB SSD/Mac OS Big Sur) MGND3HN/A,4.7502 Ratings & 75 Reviews
444,HP 14s Ryzen 5 Quad Core 3500U 3rd Gen - (8 GB/1 TB HDD/256 GB SSD/Windows 10 Home) 14s-dk0093AU Thin ...,"4.41,812 Ratings & 279 Reviews"
445,HP 15s Ryzen 5 Quad Core 3500U - (8 GB/512 GB SSD/Windows 10 Home) 15s-eq0500AU Thin and Light Laptop,4.2350 Ratings & 57 Reviews
446,Lenovo Legion Y540 Core i5 9th Gen - (8 GB/512 GB SSD/Windows 10 Home/4 GB Graphics) Y540-15IRH-PG0 Th...,4.727 Ratings & 7 Reviews
447,APPLE MacBook Air M1 - (8 GB/512 GB SSD/Mac OS Big Sur) MGN73HN/A,4.7132 Ratings & 20 Reviews
448,Lenovo Ideapad 3 Core i5 10th Gen - (8 GB/1 TB HDD/Windows 10 Home/2 GB Graphics) 15IML05 Laptop,4.1325 Ratings & 53 Reviews
449,MSI Bravo 15 Ryzen 5 Hexa Core 4600H - (16 GB/512 GB SSD/Windows 10 Home/4 GB Graphics/AMD Radeon RX 5...,4.5136 Ratings & 25 Reviews
450,ASUS ROG Strix G15 (2020) Core i5 10th Gen - (8 GB/1 TB SSD/Windows 10 Home/4 GB Graphics/NVIDIA GeFor...,4.412 Ratings & 2 Reviews
451,ASUS Core i3 10th Gen - (4 GB/512 GB SSD/Windows 10 Home) X413JA-EK261T||X413JA-EB301T Thin and Light ...,"4.31,727 Ratings & 264 Reviews"
452,HP 15s Core i3 11th Gen - (8 GB/1 TB HDD/Windows 10 Home) 15s-dy3001TU Thin and Light Laptop,"4.11,414 Ratings & 138 Reviews"
453,HP Pavilion Core i5 11th Gen - (16 GB/512 GB SSD/Windows 10 Home) 14-dv0054TU Thin and Light Laptop,4.6266 Ratings & 42 Reviews
454,HP Pavilion Gaming Ryzen 5 Quad Core 3550H - (8 GB/512 GB SSD/Windows 10 Home/4 GB Graphics/NVIDIA GeF...,"4.51,360 Ratings & 168 Reviews"
455,Lenovo Core i3 10th Gen - (4 GB/1 TB HDD/Windows 10 Home) V14-IIL Thin and Light Laptop,3.8161 Ratings & 16 Reviews
456,HP 14s Core i5 11th Gen - (8 GB/512 GB SSD/Windows 10 Home) 14s- DQ2535TU Thin and Light Laptop,4.3240 Ratings & 18 Reviews
457,MSI GF63 Thin Core i5 9th Gen - (8 GB/512 GB SSD/Windows 10 Home/4 GB Graphics/NVIDIA GeForce GTX 1650...,4.4712 Ratings & 97 Reviews
458,HP Pavilion x360 Core i3 11th Gen - (8 GB/256 GB SSD/Windows 10 Home) 14-dw1036TU 2 in 1 Laptop,4.4271 Ratings & 27 Reviews
459,Lenovo IdeaPad Flex 5 Ryzen 7 Octa Core 5700U - (16 GB/512 GB SSD/Windows 10 Home) 14ALC05 2 in 1 Lapt...,4.73 Ratings & 0 Reviews
460,Lenovo Ideapad S145 Ryzen 3 Dual Core 3200U - (4 GB/1 TB HDD/Windows 10 Home) S145-15API Thin and Ligh...,"3.95,082 Ratings & 749 Reviews"
461,MSI GP65 Leopard Core i7 10th Gen - (16 GB/1 TB HDD/256 GB SSD/Windows 10 Home/6 GB Graphics/NVIDIA Ge...,4.7161 Ratings & 26 Reviews
462,Lenovo IdeaPad Gaming Ryzen 5 Hexa Core 4600H - (8 GB/1 TB HDD/256 GB SSD/Windows 10 Home/4 GB Graphic...,4.68 Ratings & 2 Reviews
463,HP 15s Core i3 11th Gen - (8 GB/1 TB HDD/Windows 10 Home) 15s-du3038TU Thin and Light Laptop,4.1636 Ratings & 86 Reviews
464,Mi Notebook 14 Core i5 10th Gen - (8 GB/512 GB SSD/Windows 10 Home) JYU4299IN Thin and Light Laptop,"4.33,615 Ratings & 416 Reviews"
465,ASUS Celeron Dual Core - (4 GB/1 TB HDD/Windows 10 Home) X543MA-GQ1015T Laptop,"3.97,873 Ratings & 1,002 Reviews"
466,HP Pavilion Gaming Ryzen 5 Hexa Core 4600H - (8 GB/1 TB HDD/Windows 10 Home/4 GB Graphics/NVIDIA GeFor...,4.611 Ratings & 0 Reviews
467,APPLE MacBook Air M1 - (8 GB/256 GB SSD/Mac OS Big Sur) MGND3HN/A,4.7502 Ratings & 75 Reviews
468,HP 14s Ryzen 5 Quad Core 3500U 3rd Gen - (8 GB/1 TB HDD/256 GB SSD/Windows 10 Home) 14s-dk0093AU Thin ...,"4.41,812 Ratings & 279 Reviews"
469,HP 15s Ryzen 5 Quad Core 3500U - (8 GB/512 GB SSD/Windows 10 Home) 15s-eq0500AU Thin and Light Laptop,4.2350 Ratings & 57 Reviews
470,Lenovo Legion Y540 Core i5 9th Gen - (8 GB/512 GB SSD/Windows 10 Home/4 GB Graphics) Y540-15IRH-PG0 Th...,4.727 Ratings & 7 Reviews
471,APPLE MacBook Air M1 - (8 GB/512 GB SSD/Mac OS Big Sur) MGN73HN/A,4.7132 Ratings & 20 Reviews
472,Lenovo Ideapad 3 Core i5 10th Gen - (8 GB/1 TB HDD/Windows 10 Home/2 GB Graphics) 15IML05 Laptop,4.1325 Ratings & 53 Reviews
473,MSI Bravo 15 Ryzen 5 Hexa Core 4600H - (16 GB/512 GB SSD/Windows 10 Home/4 GB Graphics/AMD Radeon RX 5...,4.5136 Ratings & 25 Reviews
474,ASUS ROG Strix G15 (2020) Core i5 10th Gen - (8 GB/1 TB SSD/Windows 10 Home/4 GB Graphics/NVIDIA GeFor...,4.412 Ratings & 2 Reviews
475,ASUS Core i3 10th Gen - (4 GB/512 GB SSD/Windows 10 Home) X413JA-EK261T||X413JA-EB301T Thin and Light ...,"4.31,727 Ratings & 264 Reviews"
476,HP 15s Core i3 11th Gen - (8 GB/1 TB HDD/Windows 10 Home) 15s-dy3001TU Thin and Light Laptop,"4.11,414 Ratings & 138 Reviews"
477,HP Pavilion Core i5 11th Gen - (16 GB/512 GB SSD/Windows 10 Home) 14-dv0054TU Thin and Light Laptop,4.6266 Ratings & 42 Reviews
478,HP Pavilion Gaming Ryzen 5 Quad Core 3550H - (8 GB/512 GB SSD/Windows 10 Home/4 GB Graphics/NVIDIA GeF...,"4.51,360 Ratings & 168 Reviews"
479,Lenovo Core i3 10th Gen - (4 GB/1 TB HDD/Windows 10 Home) V14-IIL Thin and Light Laptop,3.8161 Ratings & 16 Reviews
