,mobiles,review&rating
0,"realme 7 (Mist White, 128 GB)","4.381,617 Ratings & 7,918 Reviews"
1,"SAMSUNG Galaxy M02 (Red, 32 GB)",4627 Ratings & 61 Reviews
2,KARBONN KX26i,3.9275 Ratings & 24 Reviews
3,Itel Magic2 Max,4.2270 Ratings & 22 Reviews
4,"Nokia C3 (Nordic Blue, 16 GB)","3.91,196 Ratings & 97 Reviews"
5,"LAVA Z66 (Midnight Blue, 32 GB)","44,110 Ratings & 581 Reviews"
6,"LAVA Z61 Pro (Champagne Gold, 16 GB)","43,314 Ratings & 382 Reviews"
7,"REDMI Note 10 (Shadow Black, 128 GB)","4.33,885 Ratings & 290 Reviews"
8,Snexian Rock,"49,350 Ratings & 616 Reviews"
9,"SAMSUNG Galaxy F02s (Diamond Black, 64 GB)",4.2889 Ratings & 63 Reviews
10,Kechaoda A27,"4.13,447 Ratings & 301 Reviews"
11,Kechaoda A27,"4.13,447 Ratings & 301 Reviews"
12,BlackZone S16 NEO,3.830 Ratings & 5 Reviews
13,"Apple iPhone XR (White, 64 GB) (Includes EarPods, Power Adapter)","4.687,693 Ratings & 7,508 Reviews"
14,"realme X7 Max (Asteroid Black, 128 GB)",4.5452 Ratings & 76 Reviews
15,"ViVO Y20i (Nebula Blue, 64 GB)","4.49,487 Ratings & 639 Reviews"
16,GREENBERRI F1,3.9465 Ratings & 34 Reviews
17,"Mi 10i (Atlantic Blue, 128 GB)","4.41,367 Ratings & 100 Reviews"
18,GREENBERRI G5000,"3.74,172 Ratings & 480 Reviews"
19,GREENBERRI G5000,"4.63,742 Ratings & 315 Reviews"
20,GREENBERRI G5000,"3.93,987 Ratings & 366 Reviews"
21,I Kall K50,"4.381,617 Ratings & 7,918 Reviews"
22,"APPLE iPhone 12 (White, 128 GB)",4627 Ratings & 61 Reviews
23,KARBONN K140 Pop,3.9275 Ratings & 24 Reviews
24,"realme 7 (Mist White, 128 GB)",4.2270 Ratings & 22 Reviews
25,"SAMSUNG Galaxy M02 (Red, 32 GB)","3.91,196 Ratings & 97 Reviews"
26,KARBONN KX26i,"44,110 Ratings & 581 Reviews"
27,Itel Magic2 Max,"43,314 Ratings & 382 Reviews"
28,"Nokia C3 (Nordic Blue, 16 GB)","4.33,885 Ratings & 290 Reviews"
29,"LAVA Z66 (Midnight Blue, 32 GB)","49,350 Ratings & 616 Reviews"
30,"LAVA Z61 Pro (Champagne Gold, 16 GB)",4.2889 Ratings & 63 Reviews
31,"REDMI Note 10 (Shadow Black, 128 GB)","4.13,447 Ratings & 301 Reviews"
32,Snexian Rock,"4.13,447 Ratings & 301 Reviews"
33,"SAMSUNG Galaxy F02s (Diamond Black, 64 GB)",3.830 Ratings & 5 Reviews
34,Kechaoda A27,"4.687,693 Ratings & 7,508 Reviews"
35,Kechaoda A27,4.5452 Ratings & 76 Reviews
36,BlackZone S16 NEO,"4.49,487 Ratings & 639 Reviews"
37,"Apple iPhone XR (White, 64 GB) (Includes EarPods, Power Adapter)",3.9465 Ratings & 34 Reviews
38,"realme X7 Max (Asteroid Black, 128 GB)","4.41,367 Ratings & 100 Reviews"
39,"ViVO Y20i (Nebula Blue, 64 GB)","3.74,172 Ratings & 480 Reviews"
40,GREENBERRI F1,"4.63,742 Ratings & 315 Reviews"
41,"Mi 10i (Atlantic Blue, 128 GB)","3.93,987 Ratings & 366 Reviews"
42,GREENBERRI G5000,"4.381,617 Ratings & 7,918 Reviews"
43,GREENBERRI G5000,4627 Ratings & 61 Reviews
44,GREENBERRI G5000,3.9275 Ratings & 24 Reviews
45,I Kall K50,4.2270 Ratings & 22 Reviews
46,"APPLE iPhone 12 (White, 128 GB)","3.91,196 Ratings & 97 Reviews"
47,KARBONN K140 Pop,"44,110 Ratings & 581 Reviews"
48,"realme 7 (Mist White, 128 GB)","43,314 Ratings & 382 Reviews"
49,"SAMSUNG Galaxy M02 (Red, 32 GB)","4.33,885 Ratings & 290 Reviews"
50,KARBONN KX26i,"49,350 Ratings & 616 Reviews"
51,Itel Magic2 Max,4.2889 Ratings & 63 Reviews
52,"Nokia C3 (Nordic Blue, 16 GB)","4.13,447 Ratings & 301 Reviews"
53,"LAVA Z66 (Midnight Blue, 32 GB)","4.13,447 Ratings & 301 Reviews"
54,"LAVA Z61 Pro (Champagne Gold, 16 GB)",3.830 Ratings & 5 Reviews
55,"REDMI Note 10 (Shadow Black, 128 GB)","4.687,693 Ratings & 7,508 Reviews"
56,Snexian Rock,4.5452 Ratings & 76 Reviews
57,"SAMSUNG Galaxy F02s (Diamond Black, 64 GB)","4.49,487 Ratings & 639 Reviews"
58,Kechaoda A27,3.9465 Ratings & 34 Reviews
59,Kechaoda A27,"4.41,367 Ratings & 100 Reviews"
60,BlackZone S16 NEO,"3.74,172 Ratings & 480 Reviews"
61,"Apple iPhone XR (White, 64 GB) (Includes EarPods, Power Adapter)","4.63,742 Ratings & 315 Reviews"
62,"realme X7 Max (Asteroid Black, 128 GB)","3.93,987 Ratings & 366 Reviews"
63,"ViVO Y20i (Nebula Blue, 64 GB)","4.381,617 Ratings & 7,918 Reviews"
64,GREENBERRI F1,4627 Ratings & 61 Reviews
65,"Mi 10i (Atlantic Blue, 128 GB)",3.9275 Ratings & 24 Reviews
66,GREENBERRI G5000,4.2270 Ratings & 22 Reviews
67,GREENBERRI G5000,"3.91,196 Ratings & 97 Reviews"
68,GREENBERRI G5000,"44,110 Ratings & 581 Reviews"
69,I Kall K50,"43,314 Ratings & 382 Reviews"
70,"APPLE iPhone 12 (White, 128 GB)","4.33,885 Ratings & 290 Reviews"
71,KARBONN K140 Pop,"49,350 Ratings & 616 Reviews"
72,"realme 7 (Mist White, 128 GB)",4.2889 Ratings & 63 Reviews
73,"SAMSUNG Galaxy M02 (Red, 32 GB)","4.13,447 Ratings & 301 Reviews"
74,KARBONN KX26i,"4.13,447 Ratings & 301 Reviews"
75,Itel Magic2 Max,3.830 Ratings & 5 Reviews
76,"Nokia C3 (Nordic Blue, 16 GB)","4.687,693 Ratings & 7,508 Reviews"
77,"LAVA Z66 (Midnight Blue, 32 GB)",4.5452 Ratings & 76 Reviews
78,"LAVA Z61 Pro (Champagne Gold, 16 GB)","4.49,487 Ratings & 639 Reviews"
79,"REDMI Note 10 (Shadow Black, 128 GB)",3.9465 Ratings & 34 Reviews
80,Snexian Rock,"4.41,367 Ratings & 100 Reviews"
81,"SAMSUNG Galaxy F02s (Diamond Black, 64 GB)","3.74,172 Ratings & 480 Reviews"
82,Kechaoda A27,"4.63,742 Ratings & 315 Reviews"
83,Kechaoda A27,"3.93,987 Ratings & 366 Reviews"
84,BlackZone S16 NEO,"4.381,617 Ratings & 7,918 Reviews"
85,"Apple iPhone XR (White, 64 GB) (Includes EarPods, Power Adapter)",4627 Ratings & 61 Reviews
86,"realme X7 Max (Asteroid Black, 128 GB)",3.9275 Ratings & 24 Reviews
87,"ViVO Y20i (Nebula Blue, 64 GB)",4.2270 Ratings & 22 Reviews
88,GREENBERRI F1,"3.91,196 Ratings & 97 Reviews"
89,"Mi 10i (Atlantic Blue, 128 GB)","44,110 Ratings & 581 Reviews"
90,GREENBERRI G5000,"43,314 Ratings & 382 Reviews"
91,GREENBERRI G5000,"4.33,885 Ratings & 290 Reviews"
92,GREENBERRI G5000,"49,350 Ratings & 616 Reviews"
93,I Kall K50,4.2889 Ratings & 63 Reviews
94,"APPLE iPhone 12 (White, 128 GB)","4.13,447 Ratings & 301 Reviews"
95,KARBONN K140 Pop,"4.13,447 Ratings & 301 Reviews"
96,"realme 7 (Mist White, 128 GB)",3.830 Ratings & 5 Reviews
97,"SAMSUNG Galaxy M02 (Red, 32 GB)","4.687,693 Ratings & 7,508 Reviews"
98,KARBONN KX26i,4.5452 Ratings & 76 Reviews
99,Itel Magic2 Max,"4.49,487 Ratings & 639 Reviews"
100,"Nokia C3 (Nordic Blue, 16 GB)",3.9465 Ratings & 34 Reviews
101,"LAVA Z66 (Midnight Blue, 32 GB)","4.41,367 Ratings & 100 Reviews"
102,"LAVA Z61 Pro (Champagne Gold, 16 GB)","3.74,172 Ratings & 480 Reviews"
103,"REDMI Note 10 (Shadow Black, 128 GB)","4.63,742 Ratings & 315 Reviews"
104,Snexian Rock,"3.93,987 Ratings & 366 Reviews"
105,"SAMSUNG Galaxy F02s (Diamond Black, 64 GB)","4.381,617 Ratings & 7,918 Reviews"
106,Kechaoda A27,4627 Ratings & 61 Reviews
107,Kechaoda A27,3.9275 Ratings & 24 Reviews
108,BlackZone S16 NEO,4.2270 Ratings & 22 Reviews
109,"Apple iPhone XR (White, 64 GB) (Includes EarPods, Power Adapter)","3.91,196 Ratings & 97 Reviews"
110,"realme X7 Max (Asteroid Black, 128 GB)","44,110 Ratings & 581 Reviews"
111,"ViVO Y20i (Nebula Blue, 64 GB)","43,314 Ratings & 382 Reviews"
112,GREENBERRI F1,"4.33,885 Ratings & 290 Reviews"
113,"Mi 10i (Atlantic Blue, 128 GB)","49,350 Ratings & 616 Reviews"
114,GREENBERRI G5000,4.2889 Ratings & 63 Reviews
115,GREENBERRI G5000,"4.13,447 Ratings & 301 Reviews"
116,GREENBERRI G5000,"4.13,447 Ratings & 301 Reviews"
117,I Kall K50,3.830 Ratings & 5 Reviews
118,"APPLE iPhone 12 (White, 128 GB)","4.687,693 Ratings & 7,508 Reviews"
119,KARBONN K140 Pop,4.5452 Ratings & 76 Reviews
120,"realme 7 (Mist White, 128 GB)","4.49,487 Ratings & 639 Reviews"
121,"SAMSUNG Galaxy M02 (Red, 32 GB)",3.9465 Ratings & 34 Reviews
122,KARBONN KX26i,"4.41,367 Ratings & 100 Reviews"
123,Itel Magic2 Max,"3.74,172 Ratings & 480 Reviews"
124,"Nokia C3 (Nordic Blue, 16 GB)","4.63,742 Ratings & 315 Reviews"
125,"LAVA Z66 (Midnight Blue, 32 GB)","3.93,987 Ratings & 366 Reviews"
126,"LAVA Z61 Pro (Champagne Gold, 16 GB)","4.381,617 Ratings & 7,918 Reviews"
127,"REDMI Note 10 (Shadow Black, 128 GB)",4627 Ratings & 61 Reviews
128,Snexian Rock,3.9275 Ratings & 24 Reviews
129,"SAMSUNG Galaxy F02s (Diamond Black, 64 GB)",4.2270 Ratings & 22 Reviews
130,Kechaoda A27,"3.91,196 Ratings & 97 Reviews"
131,Kechaoda A27,"44,110 Ratings & 581 Reviews"
132,BlackZone S16 NEO,"43,314 Ratings & 382 Reviews"
133,"Apple iPhone XR (White, 64 GB) (Includes EarPods, Power Adapter)","4.33,885 Ratings & 290 Reviews"
134,"realme X7 Max (Asteroid Black, 128 GB)","49,350 Ratings & 616 Reviews"
135,"ViVO Y20i (Nebula Blue, 64 GB)",4.2889 Ratings & 63 Reviews
136,GREENBERRI F1,"4.13,447 Ratings & 301 Reviews"
137,"Mi 10i (Atlantic Blue, 128 GB)","4.13,447 Ratings & 301 Reviews"
138,GREENBERRI G5000,3.830 Ratings & 5 Reviews
139,GREENBERRI G5000,"4.687,693 Ratings & 7,508 Reviews"
140,GREENBERRI G5000,4.5452 Ratings & 76 Reviews
141,I Kall K50,"4.49,487 Ratings & 639 Reviews"
142,"APPLE iPhone 12 (White, 128 GB)",3.9465 Ratings & 34 Reviews
143,KARBONN K140 Pop,"4.41,367 Ratings & 100 Reviews"
144,"realme 7 (Mist White, 128 GB)","3.74,172 Ratings & 480 Reviews"
145,"SAMSUNG Galaxy M02 (Red, 32 GB)","4.63,742 Ratings & 315 Reviews"
146,KARBONN KX26i,"3.93,987 Ratings & 366 Reviews"
147,Itel Magic2 Max,"4.381,617 Ratings & 7,918 Reviews"
148,"Nokia C3 (Nordic Blue, 16 GB)",4627 Ratings & 61 Reviews
149,"LAVA Z66 (Midnight Blue, 32 GB)",3.9275 Ratings & 24 Reviews
150,"LAVA Z61 Pro (Champagne Gold, 16 GB)",4.2270 Ratings & 22 Reviews
151,"REDMI Note 10 (Shadow Black, 128 GB)","3.91,196 Ratings & 97 Reviews"
152,Snexian Rock,"44,110 Ratings & 581 Reviews"
153,"SAMSUNG Galaxy F02s (Diamond Black, 64 GB)","43,314 Ratings & 382 Reviews"
154,Kechaoda A27,"4.33,885 Ratings & 290 Reviews"
155,Kechaoda A27,"49,350 Ratings & 616 Reviews"
156,BlackZone S16 NEO,4.2889 Ratings & 63 Reviews
157,"Apple iPhone XR (White, 64 GB) (Includes EarPods, Power Adapter)","4.13,447 Ratings & 301 Reviews"
158,"realme X7 Max (Asteroid Black, 128 GB)","4.13,447 Ratings & 301 Reviews"
159,"ViVO Y20i (Nebula Blue, 64 GB)",3.830 Ratings & 5 Reviews
160,GREENBERRI F1,"4.687,693 Ratings & 7,508 Reviews"
161,"Mi 10i (Atlantic Blue, 128 GB)",4.5452 Ratings & 76 Reviews
162,GREENBERRI G5000,"4.49,487 Ratings & 639 Reviews"
163,GREENBERRI G5000,3.9465 Ratings & 34 Reviews
164,GREENBERRI G5000,"4.41,367 Ratings & 100 Reviews"
165,I Kall K50,"3.74,172 Ratings & 480 Reviews"
166,"APPLE iPhone 12 (White, 128 GB)","4.63,742 Ratings & 315 Reviews"
167,KARBONN K140 Pop,"3.93,987 Ratings & 366 Reviews"
168,"realme 7 (Mist White, 128 GB)","4.381,617 Ratings & 7,918 Reviews"
169,"SAMSUNG Galaxy M02 (Red, 32 GB)",4627 Ratings & 61 Reviews
170,KARBONN KX26i,3.9275 Ratings & 24 Reviews
171,Itel Magic2 Max,4.2270 Ratings & 22 Reviews
172,"Nokia C3 (Nordic Blue, 16 GB)","3.91,196 Ratings & 97 Reviews"
173,"LAVA Z66 (Midnight Blue, 32 GB)","44,110 Ratings & 581 Reviews"
174,"LAVA Z61 Pro (Champagne Gold, 16 GB)","43,314 Ratings & 382 Reviews"
175,"REDMI Note 10 (Shadow Black, 128 GB)","4.33,885 Ratings & 290 Reviews"
176,Snexian Rock,"49,350 Ratings & 616 Reviews"
177,"SAMSUNG Galaxy F02s (Diamond Black, 64 GB)",4.2889 Ratings & 63 Reviews
178,Kechaoda A27,"4.13,447 Ratings & 301 Reviews"
179,Kechaoda A27,"4.13,447 Ratings & 301 Reviews"
180,BlackZone S16 NEO,3.830 Ratings & 5 Reviews
181,"Apple iPhone XR (White, 64 GB) (Includes EarPods, Power Adapter)","4.687,693 Ratings & 7,508 Reviews"
182,"realme X7 Max (Asteroid Black, 128 GB)",4.5452 Ratings & 76 Reviews
183,"ViVO Y20i (Nebula Blue, 64 GB)","4.49,487 Ratings & 639 Reviews"
184,GREENBERRI F1,3.9465 Ratings & 34 Reviews
185,"Mi 10i (Atlantic Blue, 128 GB)","4.41,367 Ratings & 100 Reviews"
186,GREENBERRI G5000,"3.74,172 Ratings & 480 Reviews"
187,GREENBERRI G5000,"4.63,742 Ratings & 315 Reviews"
188,GREENBERRI G5000,"3.93,987 Ratings & 366 Reviews"
189,I Kall K50,"4.381,617 Ratings & 7,918 Reviews"
190,"APPLE iPhone 12 (White, 128 GB)",4627 Ratings & 61 Reviews
191,KARBONN K140 Pop,3.9275 Ratings & 24 Reviews
192,"realme 7 (Mist White, 128 GB)",4.2270 Ratings & 22 Reviews
193,"SAMSUNG Galaxy M02 (Red, 32 GB)","3.91,196 Ratings & 97 Reviews"
194,KARBONN KX26i,"44,110 Ratings & 581 Reviews"
195,Itel Magic2 Max,"43,314 Ratings & 382 Reviews"
196,"Nokia C3 (Nordic Blue, 16 GB)","4.33,885 Ratings & 290 Reviews"
197,"LAVA Z66 (Midnight Blue, 32 GB)","49,350 Ratings & 616 Reviews"
198,"LAVA Z61 Pro (Champagne Gold, 16 GB)",4.2889 Ratings & 63 Reviews
199,"REDMI Note 10 (Shadow Black, 128 GB)","4.13,447 Ratings & 301 Reviews"
200,Snexian Rock,"4.13,447 Ratings & 301 Reviews"
201,"SAMSUNG Galaxy F02s (Diamond Black, 64 GB)",3.830 Ratings & 5 Reviews
202,Kechaoda A27,"4.687,693 Ratings & 7,508 Reviews"
203,Kechaoda A27,4.5452 Ratings & 76 Reviews
204,BlackZone S16 NEO,"4.49,487 Ratings & 639 Reviews"
205,"Apple iPhone XR (White, 64 GB) (Includes EarPods, Power Adapter)",3.9465 Ratings & 34 Reviews
206,"realme X7 Max (Asteroid Black, 128 GB)","4.41,367 Ratings & 100 Reviews"
207,"ViVO Y20i (Nebula Blue, 64 GB)","3.74,172 Ratings & 480 Reviews"
208,GREENBERRI F1,"4.63,742 Ratings & 315 Reviews"
209,"Mi 10i (Atlantic Blue, 128 GB)","3.93,987 Ratings & 366 Reviews"
210,GREENBERRI G5000,"4.381,617 Ratings & 7,918 Reviews"
211,GREENBERRI G5000,4627 Ratings & 61 Reviews
212,GREENBERRI G5000,3.9275 Ratings & 24 Reviews
213,I Kall K50,4.2270 Ratings & 22 Reviews
214,"APPLE iPhone 12 (White, 128 GB)","3.91,196 Ratings & 97 Reviews"
215,KARBONN K140 Pop,"44,110 Ratings & 581 Reviews"
216,"realme 7 (Mist White, 128 GB)","43,314 Ratings & 382 Reviews"
217,"SAMSUNG Galaxy M02 (Red, 32 GB)","4.33,885 Ratings & 290 Reviews"
218,KARBONN KX26i,"49,350 Ratings & 616 Reviews"
219,Itel Magic2 Max,4.2889 Ratings & 63 Reviews
220,"Nokia C3 (Nordic Blue, 16 GB)","4.13,447 Ratings & 301 Reviews"
221,"LAVA Z66 (Midnight Blue, 32 GB)","4.13,447 Ratings & 301 Reviews"
222,"LAVA Z61 Pro (Champagne Gold, 16 GB)",3.830 Ratings & 5 Reviews
223,"REDMI Note 10 (Shadow Black, 128 GB)","4.687,693 Ratings & 7,508 Reviews"
224,Snexian Rock,4.5452 Ratings & 76 Reviews
225,"SAMSUNG Galaxy F02s (Diamond Black, 64 GB)","4.49,487 Ratings & 639 Reviews"
226,Kechaoda A27,3.9465 Ratings & 34 Reviews
227,Kechaoda A27,"4.41,367 Ratings & 100 Reviews"
228,BlackZone S16 NEO,"3.74,172 Ratings & 480 Reviews"
229,"Apple iPhone XR (White, 64 GB) (Includes EarPods, Power Adapter)","4.63,742 Ratings & 315 Reviews"
230,"realme X7 Max (Asteroid Black, 128 GB)","3.93,987 Ratings & 366 Reviews"
231,"ViVO Y20i (Nebula Blue, 64 GB)","4.381,617 Ratings & 7,918 Reviews"
232,GREENBERRI F1,4627 Ratings & 61 Reviews
233,"Mi 10i (Atlantic Blue, 128 GB)",3.9275 Ratings & 24 Reviews
234,GREENBERRI G5000,4.2270 Ratings & 22 Reviews
235,GREENBERRI G5000,"3.91,196 Ratings & 97 Reviews"
236,GREENBERRI G5000,"44,110 Ratings & 581 Reviews"
237,I Kall K50,"43,314 Ratings & 382 Reviews"
238,"APPLE iPhone 12 (White, 128 GB)","4.33,885 Ratings & 290 Reviews"
239,KARBONN K140 Pop,"49,350 Ratings & 616 Reviews"
240,"realme 7 (Mist White, 128 GB)",4.2889 Ratings & 63 Reviews
241,"SAMSUNG Galaxy M02 (Red, 32 GB)","4.13,447 Ratings & 301 Reviews"
242,KARBONN KX26i,"4.13,447 Ratings & 301 Reviews"
243,Itel Magic2 Max,3.830 Ratings & 5 Reviews
244,"Nokia C3 (Nordic Blue, 16 GB)","4.687,693 Ratings & 7,508 Reviews"
245,"LAVA Z66 (Midnight Blue, 32 GB)",4.5452 Ratings & 76 Reviews
246,"LAVA Z61 Pro (Champagne Gold, 16 GB)","4.49,487 Ratings & 639 Reviews"
247,"REDMI Note 10 (Shadow Black, 128 GB)",3.9465 Ratings & 34 Reviews
248,Snexian Rock,"4.41,367 Ratings & 100 Reviews"
249,"SAMSUNG Galaxy F02s (Diamond Black, 64 GB)","3.74,172 Ratings & 480 Reviews"
250,Kechaoda A27,"4.63,742 Ratings & 315 Reviews"
251,Kechaoda A27,"3.93,987 Ratings & 366 Reviews"
252,BlackZone S16 NEO,"4.381,617 Ratings & 7,918 Reviews"
253,"Apple iPhone XR (White, 64 GB) (Includes EarPods, Power Adapter)",4627 Ratings & 61 Reviews
254,"realme X7 Max (Asteroid Black, 128 GB)",3.9275 Ratings & 24 Reviews
255,"ViVO Y20i (Nebula Blue, 64 GB)",4.2270 Ratings & 22 Reviews
256,GREENBERRI F1,"3.91,196 Ratings & 97 Reviews"
257,"Mi 10i (Atlantic Blue, 128 GB)","44,110 Ratings & 581 Reviews"
258,GREENBERRI G5000,"43,314 Ratings & 382 Reviews"
259,GREENBERRI G5000,"4.33,885 Ratings & 290 Reviews"
260,GREENBERRI G5000,"49,350 Ratings & 616 Reviews"
261,I Kall K50,4.2889 Ratings & 63 Reviews
262,"APPLE iPhone 12 (White, 128 GB)","4.13,447 Ratings & 301 Reviews"
263,KARBONN K140 Pop,"4.13,447 Ratings & 301 Reviews"
264,"realme 7 (Mist White, 128 GB)",3.830 Ratings & 5 Reviews
265,"SAMSUNG Galaxy M02 (Red, 32 GB)","4.687,693 Ratings & 7,508 Reviews"
266,KARBONN KX26i,4.5452 Ratings & 76 Reviews
267,Itel Magic2 Max,"4.49,487 Ratings & 639 Reviews"
268,"Nokia C3 (Nordic Blue, 16 GB)",3.9465 Ratings & 34 Reviews
269,"LAVA Z66 (Midnight Blue, 32 GB)","4.41,367 Ratings & 100 Reviews"
270,"LAVA Z61 Pro (Champagne Gold, 16 GB)","3.74,172 Ratings & 480 Reviews"
271,"REDMI Note 10 (Shadow Black, 128 GB)","4.63,742 Ratings & 315 Reviews"
272,Snexian Rock,"3.93,987 Ratings & 366 Reviews"
273,"SAMSUNG Galaxy F02s (Diamond Black, 64 GB)","4.381,617 Ratings & 7,918 Reviews"
274,Kechaoda A27,4627 Ratings & 61 Reviews
275,Kechaoda A27,3.9275 Ratings & 24 Reviews
276,BlackZone S16 NEO,4.2270 Ratings & 22 Reviews
277,"Apple iPhone XR (White, 64 GB) (Includes EarPods, Power Adapter)","3.91,196 Ratings & 97 Reviews"
278,"realme X7 Max (Asteroid Black, 128 GB)","44,110 Ratings & 581 Reviews"
279,"ViVO Y20i (Nebula Blue, 64 GB)","43,314 Ratings & 382 Reviews"
280,GREENBERRI F1,"4.33,885 Ratings & 290 Reviews"
281,"Mi 10i (Atlantic Blue, 128 GB)","49,350 Ratings & 616 Reviews"
282,GREENBERRI G5000,4.2889 Ratings & 63 Reviews
283,GREENBERRI G5000,"4.13,447 Ratings & 301 Reviews"
284,GREENBERRI G5000,"4.13,447 Ratings & 301 Reviews"
285,I Kall K50,3.830 Ratings & 5 Reviews
286,"APPLE iPhone 12 (White, 128 GB)","4.687,693 Ratings & 7,508 Reviews"
287,KARBONN K140 Pop,4.5452 Ratings & 76 Reviews
288,"realme 7 (Mist White, 128 GB)","4.49,487 Ratings & 639 Reviews"
289,"SAMSUNG Galaxy M02 (Red, 32 GB)",3.9465 Ratings & 34 Reviews
290,KARBONN KX26i,"4.41,367 Ratings & 100 Reviews"
291,Itel Magic2 Max,"3.74,172 Ratings & 480 Reviews"
292,"Nokia C3 (Nordic Blue, 16 GB)","4.63,742 Ratings & 315 Reviews"
293,"LAVA Z66 (Midnight Blue, 32 GB)","3.93,987 Ratings & 366 Reviews"
294,"LAVA Z61 Pro (Champagne Gold, 16 GB)","4.381,617 Ratings & 7,918 Reviews"
295,"REDMI Note 10 (Shadow Black, 128 GB)",4627 Ratings & 61 Reviews
296,Snexian Rock,3.9275 Ratings & 24 Reviews
297,"SAMSUNG Galaxy F02s (Diamond Black, 64 GB)",4.2270 Ratings & 22 Reviews
298,Kechaoda A27,"3.91,196 Ratings & 97 Reviews"
299,Kechaoda A27,"44,110 Ratings & 581 Reviews"
300,BlackZone S16 NEO,"43,314 Ratings & 382 Reviews"
301,"Apple iPhone XR (White, 64 GB) (Includes EarPods, Power Adapter)","4.33,885 Ratings & 290 Reviews"
302,"realme X7 Max (Asteroid Black, 128 GB)","49,350 Ratings & 616 Reviews"
303,"ViVO Y20i (Nebula Blue, 64 GB)",4.2889 Ratings & 63 Reviews
304,GREENBERRI F1,"4.13,447 Ratings & 301 Reviews"
305,"Mi 10i (Atlantic Blue, 128 GB)","4.13,447 Ratings & 301 Reviews"
306,GREENBERRI G5000,3.830 Ratings & 5 Reviews
307,GREENBERRI G5000,"4.687,693 Ratings & 7,508 Reviews"
308,GREENBERRI G5000,4.5452 Ratings & 76 Reviews
309,I Kall K50,"4.49,487 Ratings & 639 Reviews"
310,"APPLE iPhone 12 (White, 128 GB)",3.9465 Ratings & 34 Reviews
311,KARBONN K140 Pop,"4.41,367 Ratings & 100 Reviews"
312,"realme 7 (Mist White, 128 GB)","3.74,172 Ratings & 480 Reviews"
313,"SAMSUNG Galaxy M02 (Red, 32 GB)","4.63,742 Ratings & 315 Reviews"
314,KARBONN KX26i,"3.93,987 Ratings & 366 Reviews"
315,Itel Magic2 Max,"4.381,617 Ratings & 7,918 Reviews"
316,"Nokia C3 (Nordic Blue, 16 GB)",4627 Ratings & 61 Reviews
317,"LAVA Z66 (Midnight Blue, 32 GB)",3.9275 Ratings & 24 Reviews
318,"LAVA Z61 Pro (Champagne Gold, 16 GB)",4.2270 Ratings & 22 Reviews
319,"REDMI Note 10 (Shadow Black, 128 GB)","3.91,196 Ratings & 97 Reviews"
320,Snexian Rock,"44,110 Ratings & 581 Reviews"
321,"SAMSUNG Galaxy F02s (Diamond Black, 64 GB)","43,314 Ratings & 382 Reviews"
322,Kechaoda A27,"4.33,885 Ratings & 290 Reviews"
323,Kechaoda A27,"49,350 Ratings & 616 Reviews"
324,BlackZone S16 NEO,4.2889 Ratings & 63 Reviews
325,"Apple iPhone XR (White, 64 GB) (Includes EarPods, Power Adapter)","4.13,447 Ratings & 301 Reviews"
326,"realme X7 Max (Asteroid Black, 128 GB)","4.13,447 Ratings & 301 Reviews"
327,"ViVO Y20i (Nebula Blue, 64 GB)",3.830 Ratings & 5 Reviews
328,GREENBERRI F1,"4.687,693 Ratings & 7,508 Reviews"
329,"Mi 10i (Atlantic Blue, 128 GB)",4.5452 Ratings & 76 Reviews
330,GREENBERRI G5000,"4.49,487 Ratings & 639 Reviews"
331,GREENBERRI G5000,3.9465 Ratings & 34 Reviews
332,GREENBERRI G5000,"4.41,367 Ratings & 100 Reviews"
333,I Kall K50,"3.74,172 Ratings & 480 Reviews"
334,"APPLE iPhone 12 (White, 128 GB)","4.63,742 Ratings & 315 Reviews"
335,KARBONN K140 Pop,"3.93,987 Ratings & 366 Reviews"
336,"realme 7 (Mist White, 128 GB)","4.381,617 Ratings & 7,918 Reviews"
337,"SAMSUNG Galaxy M02 (Red, 32 GB)",4627 Ratings & 61 Reviews
338,KARBONN KX26i,3.9275 Ratings & 24 Reviews
339,Itel Magic2 Max,4.2270 Ratings & 22 Reviews
340,"Nokia C3 (Nordic Blue, 16 GB)","3.91,196 Ratings & 97 Reviews"
341,"LAVA Z66 (Midnight Blue, 32 GB)","44,110 Ratings & 581 Reviews"
342,"LAVA Z61 Pro (Champagne Gold, 16 GB)","43,314 Ratings & 382 Reviews"
343,"REDMI Note 10 (Shadow Black, 128 GB)","4.33,885 Ratings & 290 Reviews"
344,Snexian Rock,"49,350 Ratings & 616 Reviews"
345,"SAMSUNG Galaxy F02s (Diamond Black, 64 GB)",4.2889 Ratings & 63 Reviews
346,Kechaoda A27,"4.13,447 Ratings & 301 Reviews"
347,Kechaoda A27,"4.13,447 Ratings & 301 Reviews"
348,BlackZone S16 NEO,3.830 Ratings & 5 Reviews
349,"Apple iPhone XR (White, 64 GB) (Includes EarPods, Power Adapter)","4.687,693 Ratings & 7,508 Reviews"
350,"realme X7 Max (Asteroid Black, 128 GB)",4.5452 Ratings & 76 Reviews
351,"ViVO Y20i (Nebula Blue, 64 GB)","4.49,487 Ratings & 639 Reviews"
352,GREENBERRI F1,3.9465 Ratings & 34 Reviews
353,"Mi 10i (Atlantic Blue, 128 GB)","4.41,367 Ratings & 100 Reviews"
354,GREENBERRI G5000,"3.74,172 Ratings & 480 Reviews"
355,GREENBERRI G5000,"4.63,742 Ratings & 315 Reviews"
356,GREENBERRI G5000,"3.93,987 Ratings & 366 Reviews"
357,I Kall K50,"4.381,617 Ratings & 7,918 Reviews"
358,"APPLE iPhone 12 (White, 128 GB)",4627 Ratings & 61 Reviews
359,KARBONN K140 Pop,3.9275 Ratings & 24 Reviews
360,"realme 7 (Mist White, 128 GB)",4.2270 Ratings & 22 Reviews
361,"SAMSUNG Galaxy M02 (Red, 32 GB)","3.91,196 Ratings & 97 Reviews"
362,KARBONN KX26i,"44,110 Ratings & 581 Reviews"
363,Itel Magic2 Max,"43,314 Ratings & 382 Reviews"
364,"Nokia C3 (Nordic Blue, 16 GB)","4.33,885 Ratings & 290 Reviews"
365,"LAVA Z66 (Midnight Blue, 32 GB)","49,350 Ratings & 616 Reviews"
366,"LAVA Z61 Pro (Champagne Gold, 16 GB)",4.2889 Ratings & 63 Reviews
367,"REDMI Note 10 (Shadow Black, 128 GB)","4.13,447 Ratings & 301 Reviews"
368,Snexian Rock,"4.13,447 Ratings & 301 Reviews"
369,"SAMSUNG Galaxy F02s (Diamond Black, 64 GB)",3.830 Ratings & 5 Reviews
370,Kechaoda A27,"4.687,693 Ratings & 7,508 Reviews"
371,Kechaoda A27,4.5452 Ratings & 76 Reviews
372,BlackZone S16 NEO,"4.49,487 Ratings & 639 Reviews"
373,"Apple iPhone XR (White, 64 GB) (Includes EarPods, Power Adapter)",3.9465 Ratings & 34 Reviews
374,"realme X7 Max (Asteroid Black, 128 GB)","4.41,367 Ratings & 100 Reviews"
375,"ViVO Y20i (Nebula Blue, 64 GB)","3.74,172 Ratings & 480 Reviews"
376,GREENBERRI F1,"4.63,742 Ratings & 315 Reviews"
377,"Mi 10i (Atlantic Blue, 128 GB)","3.93,987 Ratings & 366 Reviews"
378,GREENBERRI G5000,"4.381,617 Ratings & 7,918 Reviews"
379,GREENBERRI G5000,4627 Ratings & 61 Reviews
380,GREENBERRI G5000,3.9275 Ratings & 24 Reviews
381,I Kall K50,4.2270 Ratings & 22 Reviews
382,"APPLE iPhone 12 (White, 128 GB)","3.91,196 Ratings & 97 Reviews"
383,KARBONN K140 Pop,"44,110 Ratings & 581 Reviews"
384,"realme 7 (Mist White, 128 GB)","43,314 Ratings & 382 Reviews"
385,"SAMSUNG Galaxy M02 (Red, 32 GB)","4.33,885 Ratings & 290 Reviews"
386,KARBONN KX26i,"49,350 Ratings & 616 Reviews"
387,Itel Magic2 Max,4.2889 Ratings & 63 Reviews
388,"Nokia C3 (Nordic Blue, 16 GB)","4.13,447 Ratings & 301 Reviews"
389,"LAVA Z66 (Midnight Blue, 32 GB)","4.13,447 Ratings & 301 Reviews"
390,"LAVA Z61 Pro (Champagne Gold, 16 GB)",3.830 Ratings & 5 Reviews
391,"REDMI Note 10 (Shadow Black, 128 GB)","4.687,693 Ratings & 7,508 Reviews"
392,Snexian Rock,4.5452 Ratings & 76 Reviews
393,"SAMSUNG Galaxy F02s (Diamond Black, 64 GB)","4.49,487 Ratings & 639 Reviews"
394,Kechaoda A27,3.9465 Ratings & 34 Reviews
395,Kechaoda A27,"4.41,367 Ratings & 100 Reviews"
396,BlackZone S16 NEO,"3.74,172 Ratings & 480 Reviews"
397,"Apple iPhone XR (White, 64 GB) (Includes EarPods, Power Adapter)","4.63,742 Ratings & 315 Reviews"
398,"realme X7 Max (Asteroid Black, 128 GB)","3.93,987 Ratings & 366 Reviews"
399,"ViVO Y20i (Nebula Blue, 64 GB)","4.381,617 Ratings & 7,918 Reviews"
400,GREENBERRI F1,4627 Ratings & 61 Reviews
401,"Mi 10i (Atlantic Blue, 128 GB)",3.9275 Ratings & 24 Reviews
402,GREENBERRI G5000,4.2270 Ratings & 22 Reviews
403,GREENBERRI G5000,"3.91,196 Ratings & 97 Reviews"
404,GREENBERRI G5000,"44,110 Ratings & 581 Reviews"
405,I Kall K50,"43,314 Ratings & 382 Reviews"
406,"APPLE iPhone 12 (White, 128 GB)","4.33,885 Ratings & 290 Reviews"
407,KARBONN K140 Pop,"49,350 Ratings & 616 Reviews"
408,"realme 7 (Mist White, 128 GB)",4.2889 Ratings & 63 Reviews
409,"SAMSUNG Galaxy M02 (Red, 32 GB)","4.13,447 Ratings & 301 Reviews"
410,KARBONN KX26i,"4.13,447 Ratings & 301 Reviews"
411,Itel Magic2 Max,3.830 Ratings & 5 Reviews
412,"Nokia C3 (Nordic Blue, 16 GB)","4.687,693 Ratings & 7,508 Reviews"
413,"LAVA Z66 (Midnight Blue, 32 GB)",4.5452 Ratings & 76 Reviews
414,"LAVA Z61 Pro (Champagne Gold, 16 GB)","4.49,487 Ratings & 639 Reviews"
415,"REDMI Note 10 (Shadow Black, 128 GB)",3.9465 Ratings & 34 Reviews
416,Snexian Rock,"4.41,367 Ratings & 100 Reviews"
417,"SAMSUNG Galaxy F02s (Diamond Black, 64 GB)","3.74,172 Ratings & 480 Reviews"
418,Kechaoda A27,"4.63,742 Ratings & 315 Reviews"
419,Kechaoda A27,"3.93,987 Ratings & 366 Reviews"
420,BlackZone S16 NEO,"4.381,617 Ratings & 7,918 Reviews"
421,"Apple iPhone XR (White, 64 GB) (Includes EarPods, Power Adapter)",4627 Ratings & 61 Reviews
422,"realme X7 Max (Asteroid Black, 128 GB)",3.9275 Ratings & 24 Reviews
423,"ViVO Y20i (Nebula Blue, 64 GB)",4.2270 Ratings & 22 Reviews
424,GREENBERRI F1,"3.91,196 Ratings & 97 Reviews"
425,"Mi 10i (Atlantic Blue, 128 GB)","44,110 Ratings & 581 Reviews"
426,GREENBERRI G5000,"43,314 Ratings & 382 Reviews"
427,GREENBERRI G5000,"4.33,885 Ratings & 290 Reviews"
428,GREENBERRI G5000,"49,350 Ratings & 616 Reviews"
429,I Kall K50,4.2889 Ratings & 63 Reviews
430,"APPLE iPhone 12 (White, 128 GB)","4.13,447 Ratings & 301 Reviews"
431,KARBONN K140 Pop,"4.13,447 Ratings & 301 Reviews"
432,"realme 7 (Mist White, 128 GB)",3.830 Ratings & 5 Reviews
433,"SAMSUNG Galaxy M02 (Red, 32 GB)","4.687,693 Ratings & 7,508 Reviews"
434,KARBONN KX26i,4.5452 Ratings & 76 Reviews
435,Itel Magic2 Max,"4.49,487 Ratings & 639 Reviews"
436,"Nokia C3 (Nordic Blue, 16 GB)",3.9465 Ratings & 34 Reviews
437,"LAVA Z66 (Midnight Blue, 32 GB)","4.41,367 Ratings & 100 Reviews"
438,"LAVA Z61 Pro (Champagne Gold, 16 GB)","3.74,172 Ratings & 480 Reviews"
439,"REDMI Note 10 (Shadow Black, 128 GB)","4.63,742 Ratings & 315 Reviews"
440,Snexian Rock,"3.93,987 Ratings & 366 Reviews"
441,"SAMSUNG Galaxy F02s (Diamond Black, 64 GB)","4.381,617 Ratings & 7,918 Reviews"
442,Kechaoda A27,4627 Ratings & 61 Reviews
443,Kechaoda A27,3.9275 Ratings & 24 Reviews
444,BlackZone S16 NEO,4.2270 Ratings & 22 Reviews
445,"Apple iPhone XR (White, 64 GB) (Includes EarPods, Power Adapter)","3.91,196 Ratings & 97 Reviews"
446,"realme X7 Max (Asteroid Black, 128 GB)","44,110 Ratings & 581 Reviews"
447,"ViVO Y20i (Nebula Blue, 64 GB)","43,314 Ratings & 382 Reviews"
448,GREENBERRI F1,"4.33,885 Ratings & 290 Reviews"
449,"Mi 10i (Atlantic Blue, 128 GB)","49,350 Ratings & 616 Reviews"
450,GREENBERRI G5000,4.2889 Ratings & 63 Reviews
451,GREENBERRI G5000,"4.13,447 Ratings & 301 Reviews"
452,GREENBERRI G5000,"4.13,447 Ratings & 301 Reviews"
453,I Kall K50,3.830 Ratings & 5 Reviews
454,"APPLE iPhone 12 (White, 128 GB)","4.687,693 Ratings & 7,508 Reviews"
455,KARBONN K140 Pop,4.5452 Ratings & 76 Reviews
456,"realme 7 (Mist White, 128 GB)","4.49,487 Ratings & 639 Reviews"
457,"SAMSUNG Galaxy M02 (Red, 32 GB)",3.9465 Ratings & 34 Reviews
458,KARBONN KX26i,"4.41,367 Ratings & 100 Reviews"
459,Itel Magic2 Max,"3.74,172 Ratings & 480 Reviews"
460,"Nokia C3 (Nordic Blue, 16 GB)","4.63,742 Ratings & 315 Reviews"
461,"LAVA Z66 (Midnight Blue, 32 GB)","3.93,987 Ratings & 366 Reviews"
462,"LAVA Z61 Pro (Champagne Gold, 16 GB)","4.381,617 Ratings & 7,918 Reviews"
463,"REDMI Note 10 (Shadow Black, 128 GB)",4627 Ratings & 61 Reviews
464,Snexian Rock,3.9275 Ratings & 24 Reviews
465,"SAMSUNG Galaxy F02s (Diamond Black, 64 GB)",4.2270 Ratings & 22 Reviews
466,Kechaoda A27,"3.91,196 Ratings & 97 Reviews"
467,Kechaoda A27,"44,110 Ratings & 581 Reviews"
468,BlackZone S16 NEO,"43,314 Ratings & 382 Reviews"
469,"Apple iPhone XR (White, 64 GB) (Includes EarPods, Power Adapter)","4.33,885 Ratings & 290 Reviews"
470,"realme X7 Max (Asteroid Black, 128 GB)","49,350 Ratings & 616 Reviews"
471,"ViVO Y20i (Nebula Blue, 64 GB)",4.2889 Ratings & 63 Reviews
472,GREENBERRI F1,"4.13,447 Ratings & 301 Reviews"
473,"Mi 10i (Atlantic Blue, 128 GB)","4.13,447 Ratings & 301 Reviews"
474,GREENBERRI G5000,3.830 Ratings & 5 Reviews
475,GREENBERRI G5000,"4.687,693 Ratings & 7,508 Reviews"
476,GREENBERRI G5000,4.5452 Ratings & 76 Reviews
477,I Kall K50,"4.49,487 Ratings & 639 Reviews"
478,"APPLE iPhone 12 (White, 128 GB)",3.9465 Ratings & 34 Reviews
479,KARBONN K140 Pop,"4.41,367 Ratings & 100 Reviews"
