,mobiles,review&rating
0,"realme C25 (Watery Blue, 64 GB)","4.419,855 Ratings & 852 Reviews"
1,"POCO M2 Reloaded (Mostly Blue, 64 GB)","4.45,266 Ratings & 360 Reviews"
2,"realme 8 5G (Supersonic Blue, 64 GB)","4.39,791 Ratings & 735 Reviews"
3,"REDMI Note 9 (Pebble Grey, 64 GB)","4.344,239 Ratings & 3,225 Reviews"
4,"realme C25 (Watery Grey, 128 GB)","4.419,855 Ratings & 852 Reviews"
5,"Infinix Smart HD 2021 (Obsidian Black, 32 GB)","4.444,217 Ratings & 2,822 Reviews"
6,"Infinix Smart HD 2021 (Topaz Blue, 32 GB)","4.444,217 Ratings & 2,822 Reviews"
7,"Infinix Smart HD 2021 (Quartz Green, 32 GB)","4.444,217 Ratings & 2,822 Reviews"
8,"SAMSUNG Galaxy F12 (Sky Blue, 64 GB)","4.236,819 Ratings & 3,055 Reviews"
9,Nokia 105 DS 2020,"4.213,644 Ratings & 1,075 Reviews"
10,SAMSUNG Guru 1200,"4.31,59,703 Ratings & 14,203 Reviews"
11,"REDMI 9 Power (Mighty Black, 64 GB)","4.359,410 Ratings & 4,239 Reviews"
12,"Infinix Hot 10 (Moonlight Jade, 128 GB)","4.375,268 Ratings & 7,480 Reviews"
13,LAVA A1,"4.294,320 Ratings & 10,372 Reviews"
14,Nokia TA-1010/105,"4.342,416 Ratings & 3,487 Reviews"
15,"POCO C3 (Arctic Blue, 64 GB)","4.31,72,674 Ratings & 10,771 Reviews"
16,"realme 8 5G (Supersonic Black, 128 GB)","4.39,791 Ratings & 735 Reviews"
17,"realme 8 5G (Supersonic Blue, 128 GB)","4.39,130 Ratings & 804 Reviews"
18,"realme 8 5G (Supersonic Black, 128 GB)","4.39,130 Ratings & 804 Reviews"
19,"MOTOROLA E7 Power (Tahiti Blue, 64 GB)","4.123,899 Ratings & 2,173 Reviews"
20,"realme 8 5G (Supersonic Blue, 128 GB)","4.39,791 Ratings & 735 Reviews"
21,"REDMI Note 9 (Arctic White, 64 GB)","4.344,239 Ratings & 3,225 Reviews"
22,Nokia 105 SS 2021,"4.251,746 Ratings & 3,999 Reviews"
23,"REDMI 9 Prime (Mint Green, 64 GB)","4.41,16,240 Ratings & 7,789 Reviews"
24,"realme C25 (Watery Blue, 64 GB)","4.419,855 Ratings & 852 Reviews"
25,"POCO M2 Reloaded (Mostly Blue, 64 GB)","4.45,266 Ratings & 360 Reviews"
26,"realme 8 5G (Supersonic Blue, 64 GB)","4.39,791 Ratings & 735 Reviews"
27,"REDMI Note 9 (Pebble Grey, 64 GB)","4.344,239 Ratings & 3,225 Reviews"
28,"realme C25 (Watery Grey, 128 GB)","4.419,855 Ratings & 852 Reviews"
29,"Infinix Smart HD 2021 (Obsidian Black, 32 GB)","4.444,217 Ratings & 2,822 Reviews"
30,"Infinix Smart HD 2021 (Topaz Blue, 32 GB)","4.444,217 Ratings & 2,822 Reviews"
31,"Infinix Smart HD 2021 (Quartz Green, 32 GB)","4.444,217 Ratings & 2,822 Reviews"
32,"SAMSUNG Galaxy F12 (Sky Blue, 64 GB)","4.236,819 Ratings & 3,055 Reviews"
33,Nokia 105 DS 2020,"4.213,644 Ratings & 1,075 Reviews"
34,SAMSUNG Guru 1200,"4.31,59,703 Ratings & 14,203 Reviews"
35,"REDMI 9 Power (Mighty Black, 64 GB)","4.359,410 Ratings & 4,239 Reviews"
36,"Infinix Hot 10 (Moonlight Jade, 128 GB)","4.375,268 Ratings & 7,480 Reviews"
37,LAVA A1,"4.294,320 Ratings & 10,372 Reviews"
38,Nokia TA-1010/105,"4.342,416 Ratings & 3,487 Reviews"
39,"POCO C3 (Arctic Blue, 64 GB)","4.31,72,674 Ratings & 10,771 Reviews"
40,"realme 8 5G (Supersonic Black, 128 GB)","4.39,791 Ratings & 735 Reviews"
41,"realme 8 5G (Supersonic Blue, 128 GB)","4.39,130 Ratings & 804 Reviews"
42,"realme 8 5G (Supersonic Black, 128 GB)","4.39,130 Ratings & 804 Reviews"
43,"MOTOROLA E7 Power (Tahiti Blue, 64 GB)","4.123,899 Ratings & 2,173 Reviews"
44,"realme 8 5G (Supersonic Blue, 128 GB)","4.39,791 Ratings & 735 Reviews"
45,"REDMI Note 9 (Arctic White, 64 GB)","4.344,239 Ratings & 3,225 Reviews"
46,Nokia 105 SS 2021,"4.251,746 Ratings & 3,999 Reviews"
47,"REDMI 9 Prime (Mint Green, 64 GB)","4.41,16,240 Ratings & 7,789 Reviews"
48,"realme C25 (Watery Blue, 64 GB)","4.419,855 Ratings & 852 Reviews"
49,"POCO M2 Reloaded (Mostly Blue, 64 GB)","4.45,266 Ratings & 360 Reviews"
50,"realme 8 5G (Supersonic Blue, 64 GB)","4.39,791 Ratings & 735 Reviews"
51,"REDMI Note 9 (Pebble Grey, 64 GB)","4.344,239 Ratings & 3,225 Reviews"
52,"realme C25 (Watery Grey, 128 GB)","4.419,855 Ratings & 852 Reviews"
53,"Infinix Smart HD 2021 (Obsidian Black, 32 GB)","4.444,217 Ratings & 2,822 Reviews"
54,"Infinix Smart HD 2021 (Topaz Blue, 32 GB)","4.444,217 Ratings & 2,822 Reviews"
55,"Infinix Smart HD 2021 (Quartz Green, 32 GB)","4.444,217 Ratings & 2,822 Reviews"
56,"SAMSUNG Galaxy F12 (Sky Blue, 64 GB)","4.236,819 Ratings & 3,055 Reviews"
57,Nokia 105 DS 2020,"4.213,644 Ratings & 1,075 Reviews"
58,SAMSUNG Guru 1200,"4.31,59,703 Ratings & 14,203 Reviews"
59,"REDMI 9 Power (Mighty Black, 64 GB)","4.359,410 Ratings & 4,239 Reviews"
60,"Infinix Hot 10 (Moonlight Jade, 128 GB)","4.375,268 Ratings & 7,480 Reviews"
61,LAVA A1,"4.294,320 Ratings & 10,372 Reviews"
62,Nokia TA-1010/105,"4.342,416 Ratings & 3,487 Reviews"
63,"POCO C3 (Arctic Blue, 64 GB)","4.31,72,674 Ratings & 10,771 Reviews"
64,"realme 8 5G (Supersonic Black, 128 GB)","4.39,791 Ratings & 735 Reviews"
65,"realme 8 5G (Supersonic Blue, 128 GB)","4.39,130 Ratings & 804 Reviews"
66,"realme 8 5G (Supersonic Black, 128 GB)","4.39,130 Ratings & 804 Reviews"
67,"MOTOROLA E7 Power (Tahiti Blue, 64 GB)","4.123,899 Ratings & 2,173 Reviews"
68,"realme 8 5G (Supersonic Blue, 128 GB)","4.39,791 Ratings & 735 Reviews"
69,"REDMI Note 9 (Arctic White, 64 GB)","4.344,239 Ratings & 3,225 Reviews"
70,Nokia 105 SS 2021,"4.251,746 Ratings & 3,999 Reviews"
71,"REDMI 9 Prime (Mint Green, 64 GB)","4.41,16,240 Ratings & 7,789 Reviews"
72,"realme C25 (Watery Blue, 64 GB)","4.419,855 Ratings & 852 Reviews"
73,"POCO M2 Reloaded (Mostly Blue, 64 GB)","4.45,266 Ratings & 360 Reviews"
74,"realme 8 5G (Supersonic Blue, 64 GB)","4.39,791 Ratings & 735 Reviews"
75,"REDMI Note 9 (Pebble Grey, 64 GB)","4.344,239 Ratings & 3,225 Reviews"
76,"realme C25 (Watery Grey, 128 GB)","4.419,855 Ratings & 852 Reviews"
77,"Infinix Smart HD 2021 (Obsidian Black, 32 GB)","4.444,217 Ratings & 2,822 Reviews"
78,"Infinix Smart HD 2021 (Topaz Blue, 32 GB)","4.444,217 Ratings & 2,822 Reviews"
79,"Infinix Smart HD 2021 (Quartz Green, 32 GB)","4.444,217 Ratings & 2,822 Reviews"
80,"SAMSUNG Galaxy F12 (Sky Blue, 64 GB)","4.236,819 Ratings & 3,055 Reviews"
81,Nokia 105 DS 2020,"4.213,644 Ratings & 1,075 Reviews"
82,SAMSUNG Guru 1200,"4.31,59,703 Ratings & 14,203 Reviews"
83,"REDMI 9 Power (Mighty Black, 64 GB)","4.359,410 Ratings & 4,239 Reviews"
84,"Infinix Hot 10 (Moonlight Jade, 128 GB)","4.375,268 Ratings & 7,480 Reviews"
85,LAVA A1,"4.294,320 Ratings & 10,372 Reviews"
86,Nokia TA-1010/105,"4.342,416 Ratings & 3,487 Reviews"
87,"POCO C3 (Arctic Blue, 64 GB)","4.31,72,674 Ratings & 10,771 Reviews"
88,"realme 8 5G (Supersonic Black, 128 GB)","4.39,791 Ratings & 735 Reviews"
89,"realme 8 5G (Supersonic Blue, 128 GB)","4.39,130 Ratings & 804 Reviews"
90,"realme 8 5G (Supersonic Black, 128 GB)","4.39,130 Ratings & 804 Reviews"
91,"MOTOROLA E7 Power (Tahiti Blue, 64 GB)","4.123,899 Ratings & 2,173 Reviews"
92,"realme 8 5G (Supersonic Blue, 128 GB)","4.39,791 Ratings & 735 Reviews"
93,"REDMI Note 9 (Arctic White, 64 GB)","4.344,239 Ratings & 3,225 Reviews"
94,Nokia 105 SS 2021,"4.251,746 Ratings & 3,999 Reviews"
95,"REDMI 9 Prime (Mint Green, 64 GB)","4.41,16,240 Ratings & 7,789 Reviews"
96,"realme C25 (Watery Blue, 64 GB)","4.419,855 Ratings & 852 Reviews"
97,"POCO M2 Reloaded (Mostly Blue, 64 GB)","4.45,266 Ratings & 360 Reviews"
98,"realme 8 5G (Supersonic Blue, 64 GB)","4.39,791 Ratings & 735 Reviews"
99,"REDMI Note 9 (Pebble Grey, 64 GB)","4.344,239 Ratings & 3,225 Reviews"
100,"realme C25 (Watery Grey, 128 GB)","4.419,855 Ratings & 852 Reviews"
101,"Infinix Smart HD 2021 (Obsidian Black, 32 GB)","4.444,217 Ratings & 2,822 Reviews"
102,"Infinix Smart HD 2021 (Topaz Blue, 32 GB)","4.444,217 Ratings & 2,822 Reviews"
103,"Infinix Smart HD 2021 (Quartz Green, 32 GB)","4.444,217 Ratings & 2,822 Reviews"
104,"SAMSUNG Galaxy F12 (Sky Blue, 64 GB)","4.236,819 Ratings & 3,055 Reviews"
105,Nokia 105 DS 2020,"4.213,644 Ratings & 1,075 Reviews"
106,SAMSUNG Guru 1200,"4.31,59,703 Ratings & 14,203 Reviews"
107,"REDMI 9 Power (Mighty Black, 64 GB)","4.359,410 Ratings & 4,239 Reviews"
108,"Infinix Hot 10 (Moonlight Jade, 128 GB)","4.375,268 Ratings & 7,480 Reviews"
109,LAVA A1,"4.294,320 Ratings & 10,372 Reviews"
110,Nokia TA-1010/105,"4.342,416 Ratings & 3,487 Reviews"
111,"POCO C3 (Arctic Blue, 64 GB)","4.31,72,674 Ratings & 10,771 Reviews"
112,"realme 8 5G (Supersonic Black, 128 GB)","4.39,791 Ratings & 735 Reviews"
113,"realme 8 5G (Supersonic Blue, 128 GB)","4.39,130 Ratings & 804 Reviews"
114,"realme 8 5G (Supersonic Black, 128 GB)","4.39,130 Ratings & 804 Reviews"
115,"MOTOROLA E7 Power (Tahiti Blue, 64 GB)","4.123,899 Ratings & 2,173 Reviews"
116,"realme 8 5G (Supersonic Blue, 128 GB)","4.39,791 Ratings & 735 Reviews"
117,"REDMI Note 9 (Arctic White, 64 GB)","4.344,239 Ratings & 3,225 Reviews"
118,Nokia 105 SS 2021,"4.251,746 Ratings & 3,999 Reviews"
119,"REDMI 9 Prime (Mint Green, 64 GB)","4.41,16,240 Ratings & 7,789 Reviews"
120,"realme C25 (Watery Blue, 64 GB)","4.419,855 Ratings & 852 Reviews"
121,"POCO M2 Reloaded (Mostly Blue, 64 GB)","4.45,266 Ratings & 360 Reviews"
122,"realme 8 5G (Supersonic Blue, 64 GB)","4.39,791 Ratings & 735 Reviews"
123,"REDMI Note 9 (Pebble Grey, 64 GB)","4.344,239 Ratings & 3,225 Reviews"
124,"realme C25 (Watery Grey, 128 GB)","4.419,855 Ratings & 852 Reviews"
125,"Infinix Smart HD 2021 (Obsidian Black, 32 GB)","4.444,217 Ratings & 2,822 Reviews"
126,"Infinix Smart HD 2021 (Topaz Blue, 32 GB)","4.444,217 Ratings & 2,822 Reviews"
127,"Infinix Smart HD 2021 (Quartz Green, 32 GB)","4.444,217 Ratings & 2,822 Reviews"
128,"SAMSUNG Galaxy F12 (Sky Blue, 64 GB)","4.236,819 Ratings & 3,055 Reviews"
129,Nokia 105 DS 2020,"4.213,644 Ratings & 1,075 Reviews"
130,SAMSUNG Guru 1200,"4.31,59,703 Ratings & 14,203 Reviews"
131,"REDMI 9 Power (Mighty Black, 64 GB)","4.359,410 Ratings & 4,239 Reviews"
132,"Infinix Hot 10 (Moonlight Jade, 128 GB)","4.375,268 Ratings & 7,480 Reviews"
133,LAVA A1,"4.294,320 Ratings & 10,372 Reviews"
134,Nokia TA-1010/105,"4.342,416 Ratings & 3,487 Reviews"
135,"POCO C3 (Arctic Blue, 64 GB)","4.31,72,674 Ratings & 10,771 Reviews"
136,"realme 8 5G (Supersonic Black, 128 GB)","4.39,791 Ratings & 735 Reviews"
137,"realme 8 5G (Supersonic Blue, 128 GB)","4.39,130 Ratings & 804 Reviews"
138,"realme 8 5G (Supersonic Black, 128 GB)","4.39,130 Ratings & 804 Reviews"
139,"MOTOROLA E7 Power (Tahiti Blue, 64 GB)","4.123,899 Ratings & 2,173 Reviews"
140,"realme 8 5G (Supersonic Blue, 128 GB)","4.39,791 Ratings & 735 Reviews"
141,"REDMI Note 9 (Arctic White, 64 GB)","4.344,239 Ratings & 3,225 Reviews"
142,Nokia 105 SS 2021,"4.251,746 Ratings & 3,999 Reviews"
143,"REDMI 9 Prime (Mint Green, 64 GB)","4.41,16,240 Ratings & 7,789 Reviews"
144,"realme C25 (Watery Blue, 64 GB)","4.419,855 Ratings & 852 Reviews"
145,"POCO M2 Reloaded (Mostly Blue, 64 GB)","4.45,266 Ratings & 360 Reviews"
146,"realme 8 5G (Supersonic Blue, 64 GB)","4.39,791 Ratings & 735 Reviews"
147,"REDMI Note 9 (Pebble Grey, 64 GB)","4.344,239 Ratings & 3,225 Reviews"
148,"realme C25 (Watery Grey, 128 GB)","4.419,855 Ratings & 852 Reviews"
149,"Infinix Smart HD 2021 (Obsidian Black, 32 GB)","4.444,217 Ratings & 2,822 Reviews"
150,"Infinix Smart HD 2021 (Topaz Blue, 32 GB)","4.444,217 Ratings & 2,822 Reviews"
151,"Infinix Smart HD 2021 (Quartz Green, 32 GB)","4.444,217 Ratings & 2,822 Reviews"
152,"SAMSUNG Galaxy F12 (Sky Blue, 64 GB)","4.236,819 Ratings & 3,055 Reviews"
153,Nokia 105 DS 2020,"4.213,644 Ratings & 1,075 Reviews"
154,SAMSUNG Guru 1200,"4.31,59,703 Ratings & 14,203 Reviews"
155,"REDMI 9 Power (Mighty Black, 64 GB)","4.359,410 Ratings & 4,239 Reviews"
156,"Infinix Hot 10 (Moonlight Jade, 128 GB)","4.375,268 Ratings & 7,480 Reviews"
157,LAVA A1,"4.294,320 Ratings & 10,372 Reviews"
158,Nokia TA-1010/105,"4.342,416 Ratings & 3,487 Reviews"
159,"POCO C3 (Arctic Blue, 64 GB)","4.31,72,674 Ratings & 10,771 Reviews"
160,"realme 8 5G (Supersonic Black, 128 GB)","4.39,791 Ratings & 735 Reviews"
161,"realme 8 5G (Supersonic Blue, 128 GB)","4.39,130 Ratings & 804 Reviews"
162,"realme 8 5G (Supersonic Black, 128 GB)","4.39,130 Ratings & 804 Reviews"
163,"MOTOROLA E7 Power (Tahiti Blue, 64 GB)","4.123,899 Ratings & 2,173 Reviews"
164,"realme 8 5G (Supersonic Blue, 128 GB)","4.39,791 Ratings & 735 Reviews"
165,"REDMI Note 9 (Arctic White, 64 GB)","4.344,239 Ratings & 3,225 Reviews"
166,Nokia 105 SS 2021,"4.251,746 Ratings & 3,999 Reviews"
167,"REDMI 9 Prime (Mint Green, 64 GB)","4.41,16,240 Ratings & 7,789 Reviews"
168,"realme C25 (Watery Blue, 64 GB)","4.419,855 Ratings & 852 Reviews"
169,"POCO M2 Reloaded (Mostly Blue, 64 GB)","4.45,266 Ratings & 360 Reviews"
170,"realme 8 5G (Supersonic Blue, 64 GB)","4.39,791 Ratings & 735 Reviews"
171,"REDMI Note 9 (Pebble Grey, 64 GB)","4.344,239 Ratings & 3,225 Reviews"
172,"realme C25 (Watery Grey, 128 GB)","4.419,855 Ratings & 852 Reviews"
173,"Infinix Smart HD 2021 (Obsidian Black, 32 GB)","4.444,217 Ratings & 2,822 Reviews"
174,"Infinix Smart HD 2021 (Topaz Blue, 32 GB)","4.444,217 Ratings & 2,822 Reviews"
175,"Infinix Smart HD 2021 (Quartz Green, 32 GB)","4.444,217 Ratings & 2,822 Reviews"
176,"SAMSUNG Galaxy F12 (Sky Blue, 64 GB)","4.236,819 Ratings & 3,055 Reviews"
177,Nokia 105 DS 2020,"4.213,644 Ratings & 1,075 Reviews"
178,SAMSUNG Guru 1200,"4.31,59,703 Ratings & 14,203 Reviews"
179,"REDMI 9 Power (Mighty Black, 64 GB)","4.359,410 Ratings & 4,239 Reviews"
180,"Infinix Hot 10 (Moonlight Jade, 128 GB)","4.375,268 Ratings & 7,480 Reviews"
181,LAVA A1,"4.294,320 Ratings & 10,372 Reviews"
182,Nokia TA-1010/105,"4.342,416 Ratings & 3,487 Reviews"
183,"POCO C3 (Arctic Blue, 64 GB)","4.31,72,674 Ratings & 10,771 Reviews"
184,"realme 8 5G (Supersonic Black, 128 GB)","4.39,791 Ratings & 735 Reviews"
185,"realme 8 5G (Supersonic Blue, 128 GB)","4.39,130 Ratings & 804 Reviews"
186,"realme 8 5G (Supersonic Black, 128 GB)","4.39,130 Ratings & 804 Reviews"
187,"MOTOROLA E7 Power (Tahiti Blue, 64 GB)","4.123,899 Ratings & 2,173 Reviews"
188,"realme 8 5G (Supersonic Blue, 128 GB)","4.39,791 Ratings & 735 Reviews"
189,"REDMI Note 9 (Arctic White, 64 GB)","4.344,239 Ratings & 3,225 Reviews"
190,Nokia 105 SS 2021,"4.251,746 Ratings & 3,999 Reviews"
191,"REDMI 9 Prime (Mint Green, 64 GB)","4.41,16,240 Ratings & 7,789 Reviews"
192,"realme C25 (Watery Blue, 64 GB)","4.419,855 Ratings & 852 Reviews"
193,"POCO M2 Reloaded (Mostly Blue, 64 GB)","4.45,266 Ratings & 360 Reviews"
194,"realme 8 5G (Supersonic Blue, 64 GB)","4.39,791 Ratings & 735 Reviews"
195,"REDMI Note 9 (Pebble Grey, 64 GB)","4.344,239 Ratings & 3,225 Reviews"
196,"realme C25 (Watery Grey, 128 GB)","4.419,855 Ratings & 852 Reviews"
197,"Infinix Smart HD 2021 (Obsidian Black, 32 GB)","4.444,217 Ratings & 2,822 Reviews"
198,"Infinix Smart HD 2021 (Topaz Blue, 32 GB)","4.444,217 Ratings & 2,822 Reviews"
199,"Infinix Smart HD 2021 (Quartz Green, 32 GB)","4.444,217 Ratings & 2,822 Reviews"
200,"SAMSUNG Galaxy F12 (Sky Blue, 64 GB)","4.236,819 Ratings & 3,055 Reviews"
201,Nokia 105 DS 2020,"4.213,644 Ratings & 1,075 Reviews"
202,SAMSUNG Guru 1200,"4.31,59,703 Ratings & 14,203 Reviews"
203,"REDMI 9 Power (Mighty Black, 64 GB)","4.359,410 Ratings & 4,239 Reviews"
204,"Infinix Hot 10 (Moonlight Jade, 128 GB)","4.375,268 Ratings & 7,480 Reviews"
205,LAVA A1,"4.294,320 Ratings & 10,372 Reviews"
206,Nokia TA-1010/105,"4.342,416 Ratings & 3,487 Reviews"
207,"POCO C3 (Arctic Blue, 64 GB)","4.31,72,674 Ratings & 10,771 Reviews"
208,"realme 8 5G (Supersonic Black, 128 GB)","4.39,791 Ratings & 735 Reviews"
209,"realme 8 5G (Supersonic Blue, 128 GB)","4.39,130 Ratings & 804 Reviews"
210,"realme 8 5G (Supersonic Black, 128 GB)","4.39,130 Ratings & 804 Reviews"
211,"MOTOROLA E7 Power (Tahiti Blue, 64 GB)","4.123,899 Ratings & 2,173 Reviews"
212,"realme 8 5G (Supersonic Blue, 128 GB)","4.39,791 Ratings & 735 Reviews"
213,"REDMI Note 9 (Arctic White, 64 GB)","4.344,239 Ratings & 3,225 Reviews"
214,Nokia 105 SS 2021,"4.251,746 Ratings & 3,999 Reviews"
215,"REDMI 9 Prime (Mint Green, 64 GB)","4.41,16,240 Ratings & 7,789 Reviews"
216,"realme C25 (Watery Blue, 64 GB)","4.419,855 Ratings & 852 Reviews"
217,"POCO M2 Reloaded (Mostly Blue, 64 GB)","4.45,266 Ratings & 360 Reviews"
218,"realme 8 5G (Supersonic Blue, 64 GB)","4.39,791 Ratings & 735 Reviews"
219,"REDMI Note 9 (Pebble Grey, 64 GB)","4.344,239 Ratings & 3,225 Reviews"
220,"realme C25 (Watery Grey, 128 GB)","4.419,855 Ratings & 852 Reviews"
221,"Infinix Smart HD 2021 (Obsidian Black, 32 GB)","4.444,217 Ratings & 2,822 Reviews"
222,"Infinix Smart HD 2021 (Topaz Blue, 32 GB)","4.444,217 Ratings & 2,822 Reviews"
223,"Infinix Smart HD 2021 (Quartz Green, 32 GB)","4.444,217 Ratings & 2,822 Reviews"
224,"SAMSUNG Galaxy F12 (Sky Blue, 64 GB)","4.236,819 Ratings & 3,055 Reviews"
225,Nokia 105 DS 2020,"4.213,644 Ratings & 1,075 Reviews"
226,SAMSUNG Guru 1200,"4.31,59,703 Ratings & 14,203 Reviews"
227,"REDMI 9 Power (Mighty Black, 64 GB)","4.359,410 Ratings & 4,239 Reviews"
228,"Infinix Hot 10 (Moonlight Jade, 128 GB)","4.375,268 Ratings & 7,480 Reviews"
229,LAVA A1,"4.294,320 Ratings & 10,372 Reviews"
230,Nokia TA-1010/105,"4.342,416 Ratings & 3,487 Reviews"
231,"POCO C3 (Arctic Blue, 64 GB)","4.31,72,674 Ratings & 10,771 Reviews"
232,"realme 8 5G (Supersonic Black, 128 GB)","4.39,791 Ratings & 735 Reviews"
233,"realme 8 5G (Supersonic Blue, 128 GB)","4.39,130 Ratings & 804 Reviews"
234,"realme 8 5G (Supersonic Black, 128 GB)","4.39,130 Ratings & 804 Reviews"
235,"MOTOROLA E7 Power (Tahiti Blue, 64 GB)","4.123,899 Ratings & 2,173 Reviews"
236,"realme 8 5G (Supersonic Blue, 128 GB)","4.39,791 Ratings & 735 Reviews"
237,"REDMI Note 9 (Arctic White, 64 GB)","4.344,239 Ratings & 3,225 Reviews"
238,Nokia 105 SS 2021,"4.251,746 Ratings & 3,999 Reviews"
239,"REDMI 9 Prime (Mint Green, 64 GB)","4.41,16,240 Ratings & 7,789 Reviews"
240,"realme C25 (Watery Blue, 64 GB)","4.419,855 Ratings & 852 Reviews"
241,"POCO M2 Reloaded (Mostly Blue, 64 GB)","4.45,266 Ratings & 360 Reviews"
242,"realme 8 5G (Supersonic Blue, 64 GB)","4.39,791 Ratings & 735 Reviews"
243,"REDMI Note 9 (Pebble Grey, 64 GB)","4.344,239 Ratings & 3,225 Reviews"
244,"realme C25 (Watery Grey, 128 GB)","4.419,855 Ratings & 852 Reviews"
245,"Infinix Smart HD 2021 (Obsidian Black, 32 GB)","4.444,217 Ratings & 2,822 Reviews"
246,"Infinix Smart HD 2021 (Topaz Blue, 32 GB)","4.444,217 Ratings & 2,822 Reviews"
247,"Infinix Smart HD 2021 (Quartz Green, 32 GB)","4.444,217 Ratings & 2,822 Reviews"
248,"SAMSUNG Galaxy F12 (Sky Blue, 64 GB)","4.236,819 Ratings & 3,055 Reviews"
249,Nokia 105 DS 2020,"4.213,644 Ratings & 1,075 Reviews"
250,SAMSUNG Guru 1200,"4.31,59,703 Ratings & 14,203 Reviews"
251,"REDMI 9 Power (Mighty Black, 64 GB)","4.359,410 Ratings & 4,239 Reviews"
252,"Infinix Hot 10 (Moonlight Jade, 128 GB)","4.375,268 Ratings & 7,480 Reviews"
253,LAVA A1,"4.294,320 Ratings & 10,372 Reviews"
254,Nokia TA-1010/105,"4.342,416 Ratings & 3,487 Reviews"
255,"POCO C3 (Arctic Blue, 64 GB)","4.31,72,674 Ratings & 10,771 Reviews"
256,"realme 8 5G (Supersonic Black, 128 GB)","4.39,791 Ratings & 735 Reviews"
257,"realme 8 5G (Supersonic Blue, 128 GB)","4.39,130 Ratings & 804 Reviews"
258,"realme 8 5G (Supersonic Black, 128 GB)","4.39,130 Ratings & 804 Reviews"
259,"MOTOROLA E7 Power (Tahiti Blue, 64 GB)","4.123,899 Ratings & 2,173 Reviews"
260,"realme 8 5G (Supersonic Blue, 128 GB)","4.39,791 Ratings & 735 Reviews"
261,"REDMI Note 9 (Arctic White, 64 GB)","4.344,239 Ratings & 3,225 Reviews"
262,Nokia 105 SS 2021,"4.251,746 Ratings & 3,999 Reviews"
263,"REDMI 9 Prime (Mint Green, 64 GB)","4.41,16,240 Ratings & 7,789 Reviews"
264,"realme C25 (Watery Blue, 64 GB)","4.419,855 Ratings & 852 Reviews"
265,"POCO M2 Reloaded (Mostly Blue, 64 GB)","4.45,266 Ratings & 360 Reviews"
266,"realme 8 5G (Supersonic Blue, 64 GB)","4.39,791 Ratings & 735 Reviews"
267,"REDMI Note 9 (Pebble Grey, 64 GB)","4.344,239 Ratings & 3,225 Reviews"
268,"realme C25 (Watery Grey, 128 GB)","4.419,855 Ratings & 852 Reviews"
269,"Infinix Smart HD 2021 (Obsidian Black, 32 GB)","4.444,217 Ratings & 2,822 Reviews"
270,"Infinix Smart HD 2021 (Topaz Blue, 32 GB)","4.444,217 Ratings & 2,822 Reviews"
271,"Infinix Smart HD 2021 (Quartz Green, 32 GB)","4.444,217 Ratings & 2,822 Reviews"
272,"SAMSUNG Galaxy F12 (Sky Blue, 64 GB)","4.236,819 Ratings & 3,055 Reviews"
273,Nokia 105 DS 2020,"4.213,644 Ratings & 1,075 Reviews"
274,SAMSUNG Guru 1200,"4.31,59,703 Ratings & 14,203 Reviews"
275,"REDMI 9 Power (Mighty Black, 64 GB)","4.359,410 Ratings & 4,239 Reviews"
276,"Infinix Hot 10 (Moonlight Jade, 128 GB)","4.375,268 Ratings & 7,480 Reviews"
277,LAVA A1,"4.294,320 Ratings & 10,372 Reviews"
278,Nokia TA-1010/105,"4.342,416 Ratings & 3,487 Reviews"
279,"POCO C3 (Arctic Blue, 64 GB)","4.31,72,674 Ratings & 10,771 Reviews"
280,"realme 8 5G (Supersonic Black, 128 GB)","4.39,791 Ratings & 735 Reviews"
281,"realme 8 5G (Supersonic Blue, 128 GB)","4.39,130 Ratings & 804 Reviews"
282,"realme 8 5G (Supersonic Black, 128 GB)","4.39,130 Ratings & 804 Reviews"
283,"MOTOROLA E7 Power (Tahiti Blue, 64 GB)","4.123,899 Ratings & 2,173 Reviews"
284,"realme 8 5G (Supersonic Blue, 128 GB)","4.39,791 Ratings & 735 Reviews"
285,"REDMI Note 9 (Arctic White, 64 GB)","4.344,239 Ratings & 3,225 Reviews"
286,Nokia 105 SS 2021,"4.251,746 Ratings & 3,999 Reviews"
287,"REDMI 9 Prime (Mint Green, 64 GB)","4.41,16,240 Ratings & 7,789 Reviews"
288,"realme C25 (Watery Blue, 64 GB)","4.419,855 Ratings & 852 Reviews"
289,"POCO M2 Reloaded (Mostly Blue, 64 GB)","4.45,266 Ratings & 360 Reviews"
290,"realme 8 5G (Supersonic Blue, 64 GB)","4.39,791 Ratings & 735 Reviews"
291,"REDMI Note 9 (Pebble Grey, 64 GB)","4.344,239 Ratings & 3,225 Reviews"
292,"realme C25 (Watery Grey, 128 GB)","4.419,855 Ratings & 852 Reviews"
293,"Infinix Smart HD 2021 (Obsidian Black, 32 GB)","4.444,217 Ratings & 2,822 Reviews"
294,"Infinix Smart HD 2021 (Topaz Blue, 32 GB)","4.444,217 Ratings & 2,822 Reviews"
295,"Infinix Smart HD 2021 (Quartz Green, 32 GB)","4.444,217 Ratings & 2,822 Reviews"
296,"SAMSUNG Galaxy F12 (Sky Blue, 64 GB)","4.236,819 Ratings & 3,055 Reviews"
297,Nokia 105 DS 2020,"4.213,644 Ratings & 1,075 Reviews"
298,SAMSUNG Guru 1200,"4.31,59,703 Ratings & 14,203 Reviews"
299,"REDMI 9 Power (Mighty Black, 64 GB)","4.359,410 Ratings & 4,239 Reviews"
300,"Infinix Hot 10 (Moonlight Jade, 128 GB)","4.375,268 Ratings & 7,480 Reviews"
301,LAVA A1,"4.294,320 Ratings & 10,372 Reviews"
302,Nokia TA-1010/105,"4.342,416 Ratings & 3,487 Reviews"
303,"POCO C3 (Arctic Blue, 64 GB)","4.31,72,674 Ratings & 10,771 Reviews"
304,"realme 8 5G (Supersonic Black, 128 GB)","4.39,791 Ratings & 735 Reviews"
305,"realme 8 5G (Supersonic Blue, 128 GB)","4.39,130 Ratings & 804 Reviews"
306,"realme 8 5G (Supersonic Black, 128 GB)","4.39,130 Ratings & 804 Reviews"
307,"MOTOROLA E7 Power (Tahiti Blue, 64 GB)","4.123,899 Ratings & 2,173 Reviews"
308,"realme 8 5G (Supersonic Blue, 128 GB)","4.39,791 Ratings & 735 Reviews"
309,"REDMI Note 9 (Arctic White, 64 GB)","4.344,239 Ratings & 3,225 Reviews"
310,Nokia 105 SS 2021,"4.251,746 Ratings & 3,999 Reviews"
311,"REDMI 9 Prime (Mint Green, 64 GB)","4.41,16,240 Ratings & 7,789 Reviews"
312,"realme C25 (Watery Blue, 64 GB)","4.419,855 Ratings & 852 Reviews"
313,"POCO M2 Reloaded (Mostly Blue, 64 GB)","4.45,266 Ratings & 360 Reviews"
314,"realme 8 5G (Supersonic Blue, 64 GB)","4.39,791 Ratings & 735 Reviews"
315,"REDMI Note 9 (Pebble Grey, 64 GB)","4.344,239 Ratings & 3,225 Reviews"
316,"realme C25 (Watery Grey, 128 GB)","4.419,855 Ratings & 852 Reviews"
317,"Infinix Smart HD 2021 (Obsidian Black, 32 GB)","4.444,217 Ratings & 2,822 Reviews"
318,"Infinix Smart HD 2021 (Topaz Blue, 32 GB)","4.444,217 Ratings & 2,822 Reviews"
319,"Infinix Smart HD 2021 (Quartz Green, 32 GB)","4.444,217 Ratings & 2,822 Reviews"
320,"SAMSUNG Galaxy F12 (Sky Blue, 64 GB)","4.236,819 Ratings & 3,055 Reviews"
321,Nokia 105 DS 2020,"4.213,644 Ratings & 1,075 Reviews"
322,SAMSUNG Guru 1200,"4.31,59,703 Ratings & 14,203 Reviews"
323,"REDMI 9 Power (Mighty Black, 64 GB)","4.359,410 Ratings & 4,239 Reviews"
324,"Infinix Hot 10 (Moonlight Jade, 128 GB)","4.375,268 Ratings & 7,480 Reviews"
325,LAVA A1,"4.294,320 Ratings & 10,372 Reviews"
326,Nokia TA-1010/105,"4.342,416 Ratings & 3,487 Reviews"
327,"POCO C3 (Arctic Blue, 64 GB)","4.31,72,674 Ratings & 10,771 Reviews"
328,"realme 8 5G (Supersonic Black, 128 GB)","4.39,791 Ratings & 735 Reviews"
329,"realme 8 5G (Supersonic Blue, 128 GB)","4.39,130 Ratings & 804 Reviews"
330,"realme 8 5G (Supersonic Black, 128 GB)","4.39,130 Ratings & 804 Reviews"
331,"MOTOROLA E7 Power (Tahiti Blue, 64 GB)","4.123,899 Ratings & 2,173 Reviews"
332,"realme 8 5G (Supersonic Blue, 128 GB)","4.39,791 Ratings & 735 Reviews"
333,"REDMI Note 9 (Arctic White, 64 GB)","4.344,239 Ratings & 3,225 Reviews"
334,Nokia 105 SS 2021,"4.251,746 Ratings & 3,999 Reviews"
335,"REDMI 9 Prime (Mint Green, 64 GB)","4.41,16,240 Ratings & 7,789 Reviews"
336,"realme C25 (Watery Blue, 64 GB)","4.419,855 Ratings & 852 Reviews"
337,"POCO M2 Reloaded (Mostly Blue, 64 GB)","4.45,266 Ratings & 360 Reviews"
338,"realme 8 5G (Supersonic Blue, 64 GB)","4.39,791 Ratings & 735 Reviews"
339,"REDMI Note 9 (Pebble Grey, 64 GB)","4.344,239 Ratings & 3,225 Reviews"
340,"realme C25 (Watery Grey, 128 GB)","4.419,855 Ratings & 852 Reviews"
341,"Infinix Smart HD 2021 (Obsidian Black, 32 GB)","4.444,217 Ratings & 2,822 Reviews"
342,"Infinix Smart HD 2021 (Topaz Blue, 32 GB)","4.444,217 Ratings & 2,822 Reviews"
343,"Infinix Smart HD 2021 (Quartz Green, 32 GB)","4.444,217 Ratings & 2,822 Reviews"
344,"SAMSUNG Galaxy F12 (Sky Blue, 64 GB)","4.236,819 Ratings & 3,055 Reviews"
345,Nokia 105 DS 2020,"4.213,644 Ratings & 1,075 Reviews"
346,SAMSUNG Guru 1200,"4.31,59,703 Ratings & 14,203 Reviews"
347,"REDMI 9 Power (Mighty Black, 64 GB)","4.359,410 Ratings & 4,239 Reviews"
348,"Infinix Hot 10 (Moonlight Jade, 128 GB)","4.375,268 Ratings & 7,480 Reviews"
349,LAVA A1,"4.294,320 Ratings & 10,372 Reviews"
350,Nokia TA-1010/105,"4.342,416 Ratings & 3,487 Reviews"
351,"POCO C3 (Arctic Blue, 64 GB)","4.31,72,674 Ratings & 10,771 Reviews"
352,"realme 8 5G (Supersonic Black, 128 GB)","4.39,791 Ratings & 735 Reviews"
353,"realme 8 5G (Supersonic Blue, 128 GB)","4.39,130 Ratings & 804 Reviews"
354,"realme 8 5G (Supersonic Black, 128 GB)","4.39,130 Ratings & 804 Reviews"
355,"MOTOROLA E7 Power (Tahiti Blue, 64 GB)","4.123,899 Ratings & 2,173 Reviews"
356,"realme 8 5G (Supersonic Blue, 128 GB)","4.39,791 Ratings & 735 Reviews"
357,"REDMI Note 9 (Arctic White, 64 GB)","4.344,239 Ratings & 3,225 Reviews"
358,Nokia 105 SS 2021,"4.251,746 Ratings & 3,999 Reviews"
359,"REDMI 9 Prime (Mint Green, 64 GB)","4.41,16,240 Ratings & 7,789 Reviews"
360,"realme C25 (Watery Blue, 64 GB)","4.419,855 Ratings & 852 Reviews"
361,"POCO M2 Reloaded (Mostly Blue, 64 GB)","4.45,266 Ratings & 360 Reviews"
362,"realme 8 5G (Supersonic Blue, 64 GB)","4.39,791 Ratings & 735 Reviews"
363,"REDMI Note 9 (Pebble Grey, 64 GB)","4.344,239 Ratings & 3,225 Reviews"
364,"realme C25 (Watery Grey, 128 GB)","4.419,855 Ratings & 852 Reviews"
365,"Infinix Smart HD 2021 (Obsidian Black, 32 GB)","4.444,217 Ratings & 2,822 Reviews"
366,"Infinix Smart HD 2021 (Topaz Blue, 32 GB)","4.444,217 Ratings & 2,822 Reviews"
367,"Infinix Smart HD 2021 (Quartz Green, 32 GB)","4.444,217 Ratings & 2,822 Reviews"
368,"SAMSUNG Galaxy F12 (Sky Blue, 64 GB)","4.236,819 Ratings & 3,055 Reviews"
369,Nokia 105 DS 2020,"4.213,644 Ratings & 1,075 Reviews"
370,SAMSUNG Guru 1200,"4.31,59,703 Ratings & 14,203 Reviews"
371,"REDMI 9 Power (Mighty Black, 64 GB)","4.359,410 Ratings & 4,239 Reviews"
372,"Infinix Hot 10 (Moonlight Jade, 128 GB)","4.375,268 Ratings & 7,480 Reviews"
373,LAVA A1,"4.294,320 Ratings & 10,372 Reviews"
374,Nokia TA-1010/105,"4.342,416 Ratings & 3,487 Reviews"
375,"POCO C3 (Arctic Blue, 64 GB)","4.31,72,674 Ratings & 10,771 Reviews"
376,"realme 8 5G (Supersonic Black, 128 GB)","4.39,791 Ratings & 735 Reviews"
377,"realme 8 5G (Supersonic Blue, 128 GB)","4.39,130 Ratings & 804 Reviews"
378,"realme 8 5G (Supersonic Black, 128 GB)","4.39,130 Ratings & 804 Reviews"
379,"MOTOROLA E7 Power (Tahiti Blue, 64 GB)","4.123,899 Ratings & 2,173 Reviews"
380,"realme 8 5G (Supersonic Blue, 128 GB)","4.39,791 Ratings & 735 Reviews"
381,"REDMI Note 9 (Arctic White, 64 GB)","4.344,239 Ratings & 3,225 Reviews"
382,Nokia 105 SS 2021,"4.251,746 Ratings & 3,999 Reviews"
383,"REDMI 9 Prime (Mint Green, 64 GB)","4.41,16,240 Ratings & 7,789 Reviews"
384,"realme C25 (Watery Blue, 64 GB)","4.419,855 Ratings & 852 Reviews"
385,"POCO M2 Reloaded (Mostly Blue, 64 GB)","4.45,266 Ratings & 360 Reviews"
386,"realme 8 5G (Supersonic Blue, 64 GB)","4.39,791 Ratings & 735 Reviews"
387,"REDMI Note 9 (Pebble Grey, 64 GB)","4.344,239 Ratings & 3,225 Reviews"
388,"realme C25 (Watery Grey, 128 GB)","4.419,855 Ratings & 852 Reviews"
389,"Infinix Smart HD 2021 (Obsidian Black, 32 GB)","4.444,217 Ratings & 2,822 Reviews"
390,"Infinix Smart HD 2021 (Topaz Blue, 32 GB)","4.444,217 Ratings & 2,822 Reviews"
391,"Infinix Smart HD 2021 (Quartz Green, 32 GB)","4.444,217 Ratings & 2,822 Reviews"
392,"SAMSUNG Galaxy F12 (Sky Blue, 64 GB)","4.236,819 Ratings & 3,055 Reviews"
393,Nokia 105 DS 2020,"4.213,644 Ratings & 1,075 Reviews"
394,SAMSUNG Guru 1200,"4.31,59,703 Ratings & 14,203 Reviews"
395,"REDMI 9 Power (Mighty Black, 64 GB)","4.359,410 Ratings & 4,239 Reviews"
396,"Infinix Hot 10 (Moonlight Jade, 128 GB)","4.375,268 Ratings & 7,480 Reviews"
397,LAVA A1,"4.294,320 Ratings & 10,372 Reviews"
398,Nokia TA-1010/105,"4.342,416 Ratings & 3,487 Reviews"
399,"POCO C3 (Arctic Blue, 64 GB)","4.31,72,674 Ratings & 10,771 Reviews"
400,"realme 8 5G (Supersonic Black, 128 GB)","4.39,791 Ratings & 735 Reviews"
401,"realme 8 5G (Supersonic Blue, 128 GB)","4.39,130 Ratings & 804 Reviews"
402,"realme 8 5G (Supersonic Black, 128 GB)","4.39,130 Ratings & 804 Reviews"
403,"MOTOROLA E7 Power (Tahiti Blue, 64 GB)","4.123,899 Ratings & 2,173 Reviews"
404,"realme 8 5G (Supersonic Blue, 128 GB)","4.39,791 Ratings & 735 Reviews"
405,"REDMI Note 9 (Arctic White, 64 GB)","4.344,239 Ratings & 3,225 Reviews"
406,Nokia 105 SS 2021,"4.251,746 Ratings & 3,999 Reviews"
407,"REDMI 9 Prime (Mint Green, 64 GB)","4.41,16,240 Ratings & 7,789 Reviews"
408,"realme C25 (Watery Blue, 64 GB)","4.419,855 Ratings & 852 Reviews"
409,"POCO M2 Reloaded (Mostly Blue, 64 GB)","4.45,266 Ratings & 360 Reviews"
410,"realme 8 5G (Supersonic Blue, 64 GB)","4.39,791 Ratings & 735 Reviews"
411,"REDMI Note 9 (Pebble Grey, 64 GB)","4.344,239 Ratings & 3,225 Reviews"
412,"realme C25 (Watery Grey, 128 GB)","4.419,855 Ratings & 852 Reviews"
413,"Infinix Smart HD 2021 (Obsidian Black, 32 GB)","4.444,217 Ratings & 2,822 Reviews"
414,"Infinix Smart HD 2021 (Topaz Blue, 32 GB)","4.444,217 Ratings & 2,822 Reviews"
415,"Infinix Smart HD 2021 (Quartz Green, 32 GB)","4.444,217 Ratings & 2,822 Reviews"
416,"SAMSUNG Galaxy F12 (Sky Blue, 64 GB)","4.236,819 Ratings & 3,055 Reviews"
417,Nokia 105 DS 2020,"4.213,644 Ratings & 1,075 Reviews"
418,SAMSUNG Guru 1200,"4.31,59,703 Ratings & 14,203 Reviews"
419,"REDMI 9 Power (Mighty Black, 64 GB)","4.359,410 Ratings & 4,239 Reviews"
420,"Infinix Hot 10 (Moonlight Jade, 128 GB)","4.375,268 Ratings & 7,480 Reviews"
421,LAVA A1,"4.294,320 Ratings & 10,372 Reviews"
422,Nokia TA-1010/105,"4.342,416 Ratings & 3,487 Reviews"
423,"POCO C3 (Arctic Blue, 64 GB)","4.31,72,674 Ratings & 10,771 Reviews"
424,"realme 8 5G (Supersonic Black, 128 GB)","4.39,791 Ratings & 735 Reviews"
425,"realme 8 5G (Supersonic Blue, 128 GB)","4.39,130 Ratings & 804 Reviews"
426,"realme 8 5G (Supersonic Black, 128 GB)","4.39,130 Ratings & 804 Reviews"
427,"MOTOROLA E7 Power (Tahiti Blue, 64 GB)","4.123,899 Ratings & 2,173 Reviews"
428,"realme 8 5G (Supersonic Blue, 128 GB)","4.39,791 Ratings & 735 Reviews"
429,"REDMI Note 9 (Arctic White, 64 GB)","4.344,239 Ratings & 3,225 Reviews"
430,Nokia 105 SS 2021,"4.251,746 Ratings & 3,999 Reviews"
431,"REDMI 9 Prime (Mint Green, 64 GB)","4.41,16,240 Ratings & 7,789 Reviews"
432,"realme C25 (Watery Blue, 64 GB)","4.419,855 Ratings & 852 Reviews"
433,"POCO M2 Reloaded (Mostly Blue, 64 GB)","4.45,266 Ratings & 360 Reviews"
434,"realme 8 5G (Supersonic Blue, 64 GB)","4.39,791 Ratings & 735 Reviews"
435,"REDMI Note 9 (Pebble Grey, 64 GB)","4.344,239 Ratings & 3,225 Reviews"
436,"realme C25 (Watery Grey, 128 GB)","4.419,855 Ratings & 852 Reviews"
437,"Infinix Smart HD 2021 (Obsidian Black, 32 GB)","4.444,217 Ratings & 2,822 Reviews"
438,"Infinix Smart HD 2021 (Topaz Blue, 32 GB)","4.444,217 Ratings & 2,822 Reviews"
439,"Infinix Smart HD 2021 (Quartz Green, 32 GB)","4.444,217 Ratings & 2,822 Reviews"
440,"SAMSUNG Galaxy F12 (Sky Blue, 64 GB)","4.236,819 Ratings & 3,055 Reviews"
441,Nokia 105 DS 2020,"4.213,644 Ratings & 1,075 Reviews"
442,SAMSUNG Guru 1200,"4.31,59,703 Ratings & 14,203 Reviews"
443,"REDMI 9 Power (Mighty Black, 64 GB)","4.359,410 Ratings & 4,239 Reviews"
444,"Infinix Hot 10 (Moonlight Jade, 128 GB)","4.375,268 Ratings & 7,480 Reviews"
445,LAVA A1,"4.294,320 Ratings & 10,372 Reviews"
446,Nokia TA-1010/105,"4.342,416 Ratings & 3,487 Reviews"
447,"POCO C3 (Arctic Blue, 64 GB)","4.31,72,674 Ratings & 10,771 Reviews"
448,"realme 8 5G (Supersonic Black, 128 GB)","4.39,791 Ratings & 735 Reviews"
449,"realme 8 5G (Supersonic Blue, 128 GB)","4.39,130 Ratings & 804 Reviews"
450,"realme 8 5G (Supersonic Black, 128 GB)","4.39,130 Ratings & 804 Reviews"
451,"MOTOROLA E7 Power (Tahiti Blue, 64 GB)","4.123,899 Ratings & 2,173 Reviews"
452,"realme 8 5G (Supersonic Blue, 128 GB)","4.39,791 Ratings & 735 Reviews"
453,"REDMI Note 9 (Arctic White, 64 GB)","4.344,239 Ratings & 3,225 Reviews"
454,Nokia 105 SS 2021,"4.251,746 Ratings & 3,999 Reviews"
455,"REDMI 9 Prime (Mint Green, 64 GB)","4.41,16,240 Ratings & 7,789 Reviews"
456,"realme C25 (Watery Blue, 64 GB)","4.419,855 Ratings & 852 Reviews"
457,"POCO M2 Reloaded (Mostly Blue, 64 GB)","4.45,266 Ratings & 360 Reviews"
458,"realme 8 5G (Supersonic Blue, 64 GB)","4.39,791 Ratings & 735 Reviews"
459,"REDMI Note 9 (Pebble Grey, 64 GB)","4.344,239 Ratings & 3,225 Reviews"
460,"realme C25 (Watery Grey, 128 GB)","4.419,855 Ratings & 852 Reviews"
461,"Infinix Smart HD 2021 (Obsidian Black, 32 GB)","4.444,217 Ratings & 2,822 Reviews"
462,"Infinix Smart HD 2021 (Topaz Blue, 32 GB)","4.444,217 Ratings & 2,822 Reviews"
463,"Infinix Smart HD 2021 (Quartz Green, 32 GB)","4.444,217 Ratings & 2,822 Reviews"
464,"SAMSUNG Galaxy F12 (Sky Blue, 64 GB)","4.236,819 Ratings & 3,055 Reviews"
465,Nokia 105 DS 2020,"4.213,644 Ratings & 1,075 Reviews"
466,SAMSUNG Guru 1200,"4.31,59,703 Ratings & 14,203 Reviews"
467,"REDMI 9 Power (Mighty Black, 64 GB)","4.359,410 Ratings & 4,239 Reviews"
468,"Infinix Hot 10 (Moonlight Jade, 128 GB)","4.375,268 Ratings & 7,480 Reviews"
469,LAVA A1,"4.294,320 Ratings & 10,372 Reviews"
470,Nokia TA-1010/105,"4.342,416 Ratings & 3,487 Reviews"
471,"POCO C3 (Arctic Blue, 64 GB)","4.31,72,674 Ratings & 10,771 Reviews"
472,"realme 8 5G (Supersonic Black, 128 GB)","4.39,791 Ratings & 735 Reviews"
473,"realme 8 5G (Supersonic Blue, 128 GB)","4.39,130 Ratings & 804 Reviews"
474,"realme 8 5G (Supersonic Black, 128 GB)","4.39,130 Ratings & 804 Reviews"
475,"MOTOROLA E7 Power (Tahiti Blue, 64 GB)","4.123,899 Ratings & 2,173 Reviews"
476,"realme 8 5G (Supersonic Blue, 128 GB)","4.39,791 Ratings & 735 Reviews"
477,"REDMI Note 9 (Arctic White, 64 GB)","4.344,239 Ratings & 3,225 Reviews"
478,Nokia 105 SS 2021,"4.251,746 Ratings & 3,999 Reviews"
479,"REDMI 9 Prime (Mint Green, 64 GB)","4.41,16,240 Ratings & 7,789 Reviews"
