,tv,review&rating
0,Nokia 80 cm (32 inch) HD Ready LED Smart Android TV with Sound by Onkyo,"4.312,359 Ratings & 2,221 Reviews"
1,Nokia 108 cm (43 inch) Ultra HD (4K) LED Smart Android TV with Sound by Onkyo,"4.34,416 Ratings & 779 Reviews"
2,Thomson R9 80 cm (32 inch) HD Ready LED TV,"4.241,599 Ratings & 6,597 Reviews"
3,iFFALCON by TCL 108 cm (43 inch) Ultra HD (4K) LED Smart Android TV,"4.24,799 Ratings & 665 Reviews"
4,realme 126 cm (50 inch) Ultra HD (4K) LED Smart Android TV with Handsfree Voice Search and Dolby Visio...,4.1353 Ratings & 52 Reviews
5,SAMSUNG 80 cm (32 inch) HD Ready LED Smart TV 2020 Edition,"4.431,683 Ratings & 2,963 Reviews"
6,MOTOROLA ZX2 80 cm (32 inch) HD Ready LED Smart Android TV with Dolby Atmos and Dolby Vision,"4.413,529 Ratings & 2,403 Reviews"
7,infinix X1 108 cm (43 inch) Full HD LED Smart Android TV with Eye Care Technology,"4.24,549 Ratings & 735 Reviews"
8,Thomson R9 60 cm (24 inch) HD Ready LED TV,"4.241,599 Ratings & 6,597 Reviews"
9,SAMSUNG 108 cm (43 inch) Full HD LED Smart TV,"4.42,437 Ratings & 265 Reviews"
10,Nokia 107.9 cm (43 inch) Full HD LED Smart Android TV with Sound by Onkyo,"4.34,395 Ratings & 773 Reviews"
11,Thomson 9A Series 80 cm (32 inch) HD Ready LED Smart Android TV,"4.438,126 Ratings & 9,727 Reviews"
12,Coocaa 81 cm (32 inch) HD Ready LED Smart TV with YouTube,"4.26,537 Ratings & 1,133 Reviews"
13,MOTOROLA ZX2 100.3 cm (40 inch) Full HD LED Smart Android TV with Dolby Atmos and Dolby Vision,"4.413,529 Ratings & 2,403 Reviews"
14,SAMSUNG Crystal 4K Pro 108 cm (43 inch) Ultra HD (4K) LED Smart TV with Voice Search,4.2263 Ratings & 43 Reviews
15,SAMSUNG 163 cm (65 inch) Ultra HD (4K) LED Smart TV,4.425 Ratings & 2 Reviews
16,KODAK 7XPRO Series 106 cm (42 inch) Full HD LED Smart Android TV,"4.513,053 Ratings & 3,449 Reviews"
17,SAMSUNG Crystal 4K 108 cm (43 inch) Ultra HD (4K) LED Smart TV,4.1291 Ratings & 45 Reviews
18,MOTOROLA ZX Pro 109 cm (43 inch) Ultra HD (4K) LED Smart Android TV with Wireless Gamepad,"4.46,825 Ratings & 1,084 Reviews"
19,SAMSUNG 80 cm (32 inch) HD Ready LED Smart TV 2020 Edition with Voice Search,"4.418,936 Ratings & 2,432 Reviews"
20,TOSHIBA U50 Series 108 cm (43 inch) Ultra HD (4K) LED Smart TV with Dolby Vision & ATMOS,"4.31,575 Ratings & 284 Reviews"
21,Vu Cinema TV Action Series 139 cm (55 inch) Ultra HD (4K) LED Smart Android TV with Dolby Vision,4.5665 Ratings & 115 Reviews
22,Vu Premium 139 cm (55 inch) Ultra HD (4K) LED Smart Android TV,"4.516,934 Ratings & 3,034 Reviews"
23,"Hisense A73F 139 cm (55 inch) Ultra HD (4K) LED Smart Android TV with 102W JBL 6 Speakers, Dolby Visio...",4.5828 Ratings & 209 Reviews
24,Nokia 80 cm (32 inch) HD Ready LED Smart Android TV with Sound by Onkyo,"4.312,359 Ratings & 2,221 Reviews"
25,Nokia 108 cm (43 inch) Ultra HD (4K) LED Smart Android TV with Sound by Onkyo,"4.34,416 Ratings & 779 Reviews"
26,Thomson R9 80 cm (32 inch) HD Ready LED TV,"4.241,599 Ratings & 6,597 Reviews"
27,iFFALCON by TCL 108 cm (43 inch) Ultra HD (4K) LED Smart Android TV,"4.24,799 Ratings & 665 Reviews"
28,realme 126 cm (50 inch) Ultra HD (4K) LED Smart Android TV with Handsfree Voice Search and Dolby Visio...,4.1353 Ratings & 52 Reviews
29,SAMSUNG 80 cm (32 inch) HD Ready LED Smart TV 2020 Edition,"4.431,683 Ratings & 2,963 Reviews"
30,MOTOROLA ZX2 80 cm (32 inch) HD Ready LED Smart Android TV with Dolby Atmos and Dolby Vision,"4.413,529 Ratings & 2,403 Reviews"
31,infinix X1 108 cm (43 inch) Full HD LED Smart Android TV with Eye Care Technology,"4.24,549 Ratings & 735 Reviews"
32,Thomson R9 60 cm (24 inch) HD Ready LED TV,"4.241,599 Ratings & 6,597 Reviews"
33,SAMSUNG 108 cm (43 inch) Full HD LED Smart TV,"4.42,437 Ratings & 265 Reviews"
34,Nokia 107.9 cm (43 inch) Full HD LED Smart Android TV with Sound by Onkyo,"4.34,395 Ratings & 773 Reviews"
35,Thomson 9A Series 80 cm (32 inch) HD Ready LED Smart Android TV,"4.438,126 Ratings & 9,727 Reviews"
36,Coocaa 81 cm (32 inch) HD Ready LED Smart TV with YouTube,"4.26,537 Ratings & 1,133 Reviews"
37,MOTOROLA ZX2 100.3 cm (40 inch) Full HD LED Smart Android TV with Dolby Atmos and Dolby Vision,"4.413,529 Ratings & 2,403 Reviews"
38,SAMSUNG Crystal 4K Pro 108 cm (43 inch) Ultra HD (4K) LED Smart TV with Voice Search,4.2263 Ratings & 43 Reviews
39,SAMSUNG 163 cm (65 inch) Ultra HD (4K) LED Smart TV,4.425 Ratings & 2 Reviews
40,KODAK 7XPRO Series 106 cm (42 inch) Full HD LED Smart Android TV,"4.513,053 Ratings & 3,449 Reviews"
41,SAMSUNG Crystal 4K 108 cm (43 inch) Ultra HD (4K) LED Smart TV,4.1291 Ratings & 45 Reviews
42,MOTOROLA ZX Pro 109 cm (43 inch) Ultra HD (4K) LED Smart Android TV with Wireless Gamepad,"4.46,825 Ratings & 1,084 Reviews"
43,SAMSUNG 80 cm (32 inch) HD Ready LED Smart TV 2020 Edition with Voice Search,"4.418,936 Ratings & 2,432 Reviews"
44,TOSHIBA U50 Series 108 cm (43 inch) Ultra HD (4K) LED Smart TV with Dolby Vision & ATMOS,"4.31,575 Ratings & 284 Reviews"
45,Vu Cinema TV Action Series 139 cm (55 inch) Ultra HD (4K) LED Smart Android TV with Dolby Vision,4.5665 Ratings & 115 Reviews
46,Vu Premium 139 cm (55 inch) Ultra HD (4K) LED Smart Android TV,"4.516,934 Ratings & 3,034 Reviews"
47,"Hisense A73F 139 cm (55 inch) Ultra HD (4K) LED Smart Android TV with 102W JBL 6 Speakers, Dolby Visio...",4.5828 Ratings & 209 Reviews
48,Nokia 80 cm (32 inch) HD Ready LED Smart Android TV with Sound by Onkyo,"4.312,359 Ratings & 2,221 Reviews"
49,Nokia 108 cm (43 inch) Ultra HD (4K) LED Smart Android TV with Sound by Onkyo,"4.34,416 Ratings & 779 Reviews"
50,Thomson R9 80 cm (32 inch) HD Ready LED TV,"4.241,599 Ratings & 6,597 Reviews"
51,iFFALCON by TCL 108 cm (43 inch) Ultra HD (4K) LED Smart Android TV,"4.24,799 Ratings & 665 Reviews"
52,realme 126 cm (50 inch) Ultra HD (4K) LED Smart Android TV with Handsfree Voice Search and Dolby Visio...,4.1353 Ratings & 52 Reviews
53,SAMSUNG 80 cm (32 inch) HD Ready LED Smart TV 2020 Edition,"4.431,683 Ratings & 2,963 Reviews"
54,MOTOROLA ZX2 80 cm (32 inch) HD Ready LED Smart Android TV with Dolby Atmos and Dolby Vision,"4.413,529 Ratings & 2,403 Reviews"
55,infinix X1 108 cm (43 inch) Full HD LED Smart Android TV with Eye Care Technology,"4.24,549 Ratings & 735 Reviews"
56,Thomson R9 60 cm (24 inch) HD Ready LED TV,"4.241,599 Ratings & 6,597 Reviews"
57,SAMSUNG 108 cm (43 inch) Full HD LED Smart TV,"4.42,437 Ratings & 265 Reviews"
58,Nokia 107.9 cm (43 inch) Full HD LED Smart Android TV with Sound by Onkyo,"4.34,395 Ratings & 773 Reviews"
59,Thomson 9A Series 80 cm (32 inch) HD Ready LED Smart Android TV,"4.438,126 Ratings & 9,727 Reviews"
60,Coocaa 81 cm (32 inch) HD Ready LED Smart TV with YouTube,"4.26,537 Ratings & 1,133 Reviews"
61,MOTOROLA ZX2 100.3 cm (40 inch) Full HD LED Smart Android TV with Dolby Atmos and Dolby Vision,"4.413,529 Ratings & 2,403 Reviews"
62,SAMSUNG Crystal 4K Pro 108 cm (43 inch) Ultra HD (4K) LED Smart TV with Voice Search,4.2263 Ratings & 43 Reviews
63,SAMSUNG 163 cm (65 inch) Ultra HD (4K) LED Smart TV,4.425 Ratings & 2 Reviews
64,KODAK 7XPRO Series 106 cm (42 inch) Full HD LED Smart Android TV,"4.513,053 Ratings & 3,449 Reviews"
65,SAMSUNG Crystal 4K 108 cm (43 inch) Ultra HD (4K) LED Smart TV,4.1291 Ratings & 45 Reviews
66,MOTOROLA ZX Pro 109 cm (43 inch) Ultra HD (4K) LED Smart Android TV with Wireless Gamepad,"4.46,825 Ratings & 1,084 Reviews"
67,SAMSUNG 80 cm (32 inch) HD Ready LED Smart TV 2020 Edition with Voice Search,"4.418,936 Ratings & 2,432 Reviews"
68,TOSHIBA U50 Series 108 cm (43 inch) Ultra HD (4K) LED Smart TV with Dolby Vision & ATMOS,"4.31,575 Ratings & 284 Reviews"
69,Vu Cinema TV Action Series 139 cm (55 inch) Ultra HD (4K) LED Smart Android TV with Dolby Vision,4.5665 Ratings & 115 Reviews
70,Vu Premium 139 cm (55 inch) Ultra HD (4K) LED Smart Android TV,"4.516,934 Ratings & 3,034 Reviews"
71,"Hisense A73F 139 cm (55 inch) Ultra HD (4K) LED Smart Android TV with 102W JBL 6 Speakers, Dolby Visio...",4.5828 Ratings & 209 Reviews
72,Nokia 80 cm (32 inch) HD Ready LED Smart Android TV with Sound by Onkyo,"4.312,359 Ratings & 2,221 Reviews"
73,Nokia 108 cm (43 inch) Ultra HD (4K) LED Smart Android TV with Sound by Onkyo,"4.34,416 Ratings & 779 Reviews"
74,Thomson R9 80 cm (32 inch) HD Ready LED TV,"4.241,599 Ratings & 6,597 Reviews"
75,iFFALCON by TCL 108 cm (43 inch) Ultra HD (4K) LED Smart Android TV,"4.24,799 Ratings & 665 Reviews"
76,realme 126 cm (50 inch) Ultra HD (4K) LED Smart Android TV with Handsfree Voice Search and Dolby Visio...,4.1353 Ratings & 52 Reviews
77,SAMSUNG 80 cm (32 inch) HD Ready LED Smart TV 2020 Edition,"4.431,683 Ratings & 2,963 Reviews"
78,MOTOROLA ZX2 80 cm (32 inch) HD Ready LED Smart Android TV with Dolby Atmos and Dolby Vision,"4.413,529 Ratings & 2,403 Reviews"
79,infinix X1 108 cm (43 inch) Full HD LED Smart Android TV with Eye Care Technology,"4.24,549 Ratings & 735 Reviews"
80,Thomson R9 60 cm (24 inch) HD Ready LED TV,"4.241,599 Ratings & 6,597 Reviews"
81,SAMSUNG 108 cm (43 inch) Full HD LED Smart TV,"4.42,437 Ratings & 265 Reviews"
82,Nokia 107.9 cm (43 inch) Full HD LED Smart Android TV with Sound by Onkyo,"4.34,395 Ratings & 773 Reviews"
83,Thomson 9A Series 80 cm (32 inch) HD Ready LED Smart Android TV,"4.438,126 Ratings & 9,727 Reviews"
84,Coocaa 81 cm (32 inch) HD Ready LED Smart TV with YouTube,"4.26,537 Ratings & 1,133 Reviews"
85,MOTOROLA ZX2 100.3 cm (40 inch) Full HD LED Smart Android TV with Dolby Atmos and Dolby Vision,"4.413,529 Ratings & 2,403 Reviews"
86,SAMSUNG Crystal 4K Pro 108 cm (43 inch) Ultra HD (4K) LED Smart TV with Voice Search,4.2263 Ratings & 43 Reviews
87,SAMSUNG 163 cm (65 inch) Ultra HD (4K) LED Smart TV,4.425 Ratings & 2 Reviews
88,KODAK 7XPRO Series 106 cm (42 inch) Full HD LED Smart Android TV,"4.513,053 Ratings & 3,449 Reviews"
89,SAMSUNG Crystal 4K 108 cm (43 inch) Ultra HD (4K) LED Smart TV,4.1291 Ratings & 45 Reviews
90,MOTOROLA ZX Pro 109 cm (43 inch) Ultra HD (4K) LED Smart Android TV with Wireless Gamepad,"4.46,825 Ratings & 1,084 Reviews"
91,SAMSUNG 80 cm (32 inch) HD Ready LED Smart TV 2020 Edition with Voice Search,"4.418,936 Ratings & 2,432 Reviews"
92,TOSHIBA U50 Series 108 cm (43 inch) Ultra HD (4K) LED Smart TV with Dolby Vision & ATMOS,"4.31,575 Ratings & 284 Reviews"
93,Vu Cinema TV Action Series 139 cm (55 inch) Ultra HD (4K) LED Smart Android TV with Dolby Vision,4.5665 Ratings & 115 Reviews
94,Vu Premium 139 cm (55 inch) Ultra HD (4K) LED Smart Android TV,"4.516,934 Ratings & 3,034 Reviews"
95,"Hisense A73F 139 cm (55 inch) Ultra HD (4K) LED Smart Android TV with 102W JBL 6 Speakers, Dolby Visio...",4.5828 Ratings & 209 Reviews
96,Nokia 80 cm (32 inch) HD Ready LED Smart Android TV with Sound by Onkyo,"4.312,359 Ratings & 2,221 Reviews"
97,Nokia 108 cm (43 inch) Ultra HD (4K) LED Smart Android TV with Sound by Onkyo,"4.34,416 Ratings & 779 Reviews"
98,Thomson R9 80 cm (32 inch) HD Ready LED TV,"4.241,599 Ratings & 6,597 Reviews"
99,iFFALCON by TCL 108 cm (43 inch) Ultra HD (4K) LED Smart Android TV,"4.24,799 Ratings & 665 Reviews"
100,realme 126 cm (50 inch) Ultra HD (4K) LED Smart Android TV with Handsfree Voice Search and Dolby Visio...,4.1353 Ratings & 52 Reviews
101,SAMSUNG 80 cm (32 inch) HD Ready LED Smart TV 2020 Edition,"4.431,683 Ratings & 2,963 Reviews"
102,MOTOROLA ZX2 80 cm (32 inch) HD Ready LED Smart Android TV with Dolby Atmos and Dolby Vision,"4.413,529 Ratings & 2,403 Reviews"
103,infinix X1 108 cm (43 inch) Full HD LED Smart Android TV with Eye Care Technology,"4.24,549 Ratings & 735 Reviews"
104,Thomson R9 60 cm (24 inch) HD Ready LED TV,"4.241,599 Ratings & 6,597 Reviews"
105,SAMSUNG 108 cm (43 inch) Full HD LED Smart TV,"4.42,437 Ratings & 265 Reviews"
106,Nokia 107.9 cm (43 inch) Full HD LED Smart Android TV with Sound by Onkyo,"4.34,395 Ratings & 773 Reviews"
107,Thomson 9A Series 80 cm (32 inch) HD Ready LED Smart Android TV,"4.438,126 Ratings & 9,727 Reviews"
108,Coocaa 81 cm (32 inch) HD Ready LED Smart TV with YouTube,"4.26,537 Ratings & 1,133 Reviews"
109,MOTOROLA ZX2 100.3 cm (40 inch) Full HD LED Smart Android TV with Dolby Atmos and Dolby Vision,"4.413,529 Ratings & 2,403 Reviews"
110,SAMSUNG Crystal 4K Pro 108 cm (43 inch) Ultra HD (4K) LED Smart TV with Voice Search,4.2263 Ratings & 43 Reviews
111,SAMSUNG 163 cm (65 inch) Ultra HD (4K) LED Smart TV,4.425 Ratings & 2 Reviews
112,KODAK 7XPRO Series 106 cm (42 inch) Full HD LED Smart Android TV,"4.513,053 Ratings & 3,449 Reviews"
113,SAMSUNG Crystal 4K 108 cm (43 inch) Ultra HD (4K) LED Smart TV,4.1291 Ratings & 45 Reviews
114,MOTOROLA ZX Pro 109 cm (43 inch) Ultra HD (4K) LED Smart Android TV with Wireless Gamepad,"4.46,825 Ratings & 1,084 Reviews"
115,SAMSUNG 80 cm (32 inch) HD Ready LED Smart TV 2020 Edition with Voice Search,"4.418,936 Ratings & 2,432 Reviews"
116,TOSHIBA U50 Series 108 cm (43 inch) Ultra HD (4K) LED Smart TV with Dolby Vision & ATMOS,"4.31,575 Ratings & 284 Reviews"
117,Vu Cinema TV Action Series 139 cm (55 inch) Ultra HD (4K) LED Smart Android TV with Dolby Vision,4.5665 Ratings & 115 Reviews
118,Vu Premium 139 cm (55 inch) Ultra HD (4K) LED Smart Android TV,"4.516,934 Ratings & 3,034 Reviews"
119,"Hisense A73F 139 cm (55 inch) Ultra HD (4K) LED Smart Android TV with 102W JBL 6 Speakers, Dolby Visio...",4.5828 Ratings & 209 Reviews
120,Nokia 80 cm (32 inch) HD Ready LED Smart Android TV with Sound by Onkyo,"4.312,359 Ratings & 2,221 Reviews"
121,Nokia 108 cm (43 inch) Ultra HD (4K) LED Smart Android TV with Sound by Onkyo,"4.34,416 Ratings & 779 Reviews"
122,Thomson R9 80 cm (32 inch) HD Ready LED TV,"4.241,599 Ratings & 6,597 Reviews"
123,iFFALCON by TCL 108 cm (43 inch) Ultra HD (4K) LED Smart Android TV,"4.24,799 Ratings & 665 Reviews"
124,realme 126 cm (50 inch) Ultra HD (4K) LED Smart Android TV with Handsfree Voice Search and Dolby Visio...,4.1353 Ratings & 52 Reviews
125,SAMSUNG 80 cm (32 inch) HD Ready LED Smart TV 2020 Edition,"4.431,683 Ratings & 2,963 Reviews"
126,MOTOROLA ZX2 80 cm (32 inch) HD Ready LED Smart Android TV with Dolby Atmos and Dolby Vision,"4.413,529 Ratings & 2,403 Reviews"
127,infinix X1 108 cm (43 inch) Full HD LED Smart Android TV with Eye Care Technology,"4.24,549 Ratings & 735 Reviews"
128,Thomson R9 60 cm (24 inch) HD Ready LED TV,"4.241,599 Ratings & 6,597 Reviews"
129,SAMSUNG 108 cm (43 inch) Full HD LED Smart TV,"4.42,437 Ratings & 265 Reviews"
130,Nokia 107.9 cm (43 inch) Full HD LED Smart Android TV with Sound by Onkyo,"4.34,395 Ratings & 773 Reviews"
131,Thomson 9A Series 80 cm (32 inch) HD Ready LED Smart Android TV,"4.438,126 Ratings & 9,727 Reviews"
132,Coocaa 81 cm (32 inch) HD Ready LED Smart TV with YouTube,"4.26,537 Ratings & 1,133 Reviews"
133,MOTOROLA ZX2 100.3 cm (40 inch) Full HD LED Smart Android TV with Dolby Atmos and Dolby Vision,"4.413,529 Ratings & 2,403 Reviews"
134,SAMSUNG Crystal 4K Pro 108 cm (43 inch) Ultra HD (4K) LED Smart TV with Voice Search,4.2263 Ratings & 43 Reviews
135,SAMSUNG 163 cm (65 inch) Ultra HD (4K) LED Smart TV,4.425 Ratings & 2 Reviews
136,KODAK 7XPRO Series 106 cm (42 inch) Full HD LED Smart Android TV,"4.513,053 Ratings & 3,449 Reviews"
137,SAMSUNG Crystal 4K 108 cm (43 inch) Ultra HD (4K) LED Smart TV,4.1291 Ratings & 45 Reviews
138,MOTOROLA ZX Pro 109 cm (43 inch) Ultra HD (4K) LED Smart Android TV with Wireless Gamepad,"4.46,825 Ratings & 1,084 Reviews"
139,SAMSUNG 80 cm (32 inch) HD Ready LED Smart TV 2020 Edition with Voice Search,"4.418,936 Ratings & 2,432 Reviews"
140,TOSHIBA U50 Series 108 cm (43 inch) Ultra HD (4K) LED Smart TV with Dolby Vision & ATMOS,"4.31,575 Ratings & 284 Reviews"
141,Vu Cinema TV Action Series 139 cm (55 inch) Ultra HD (4K) LED Smart Android TV with Dolby Vision,4.5665 Ratings & 115 Reviews
142,Vu Premium 139 cm (55 inch) Ultra HD (4K) LED Smart Android TV,"4.516,934 Ratings & 3,034 Reviews"
143,"Hisense A73F 139 cm (55 inch) Ultra HD (4K) LED Smart Android TV with 102W JBL 6 Speakers, Dolby Visio...",4.5828 Ratings & 209 Reviews
144,Nokia 80 cm (32 inch) HD Ready LED Smart Android TV with Sound by Onkyo,"4.312,359 Ratings & 2,221 Reviews"
145,Nokia 108 cm (43 inch) Ultra HD (4K) LED Smart Android TV with Sound by Onkyo,"4.34,416 Ratings & 779 Reviews"
146,Thomson R9 80 cm (32 inch) HD Ready LED TV,"4.241,599 Ratings & 6,597 Reviews"
147,iFFALCON by TCL 108 cm (43 inch) Ultra HD (4K) LED Smart Android TV,"4.24,799 Ratings & 665 Reviews"
148,realme 126 cm (50 inch) Ultra HD (4K) LED Smart Android TV with Handsfree Voice Search and Dolby Visio...,4.1353 Ratings & 52 Reviews
149,SAMSUNG 80 cm (32 inch) HD Ready LED Smart TV 2020 Edition,"4.431,683 Ratings & 2,963 Reviews"
150,MOTOROLA ZX2 80 cm (32 inch) HD Ready LED Smart Android TV with Dolby Atmos and Dolby Vision,"4.413,529 Ratings & 2,403 Reviews"
151,infinix X1 108 cm (43 inch) Full HD LED Smart Android TV with Eye Care Technology,"4.24,549 Ratings & 735 Reviews"
152,Thomson R9 60 cm (24 inch) HD Ready LED TV,"4.241,599 Ratings & 6,597 Reviews"
153,SAMSUNG 108 cm (43 inch) Full HD LED Smart TV,"4.42,437 Ratings & 265 Reviews"
154,Nokia 107.9 cm (43 inch) Full HD LED Smart Android TV with Sound by Onkyo,"4.34,395 Ratings & 773 Reviews"
155,Thomson 9A Series 80 cm (32 inch) HD Ready LED Smart Android TV,"4.438,126 Ratings & 9,727 Reviews"
156,Coocaa 81 cm (32 inch) HD Ready LED Smart TV with YouTube,"4.26,537 Ratings & 1,133 Reviews"
157,MOTOROLA ZX2 100.3 cm (40 inch) Full HD LED Smart Android TV with Dolby Atmos and Dolby Vision,"4.413,529 Ratings & 2,403 Reviews"
158,SAMSUNG Crystal 4K Pro 108 cm (43 inch) Ultra HD (4K) LED Smart TV with Voice Search,4.2263 Ratings & 43 Reviews
159,SAMSUNG 163 cm (65 inch) Ultra HD (4K) LED Smart TV,4.425 Ratings & 2 Reviews
160,KODAK 7XPRO Series 106 cm (42 inch) Full HD LED Smart Android TV,"4.513,053 Ratings & 3,449 Reviews"
161,SAMSUNG Crystal 4K 108 cm (43 inch) Ultra HD (4K) LED Smart TV,4.1291 Ratings & 45 Reviews
162,MOTOROLA ZX Pro 109 cm (43 inch) Ultra HD (4K) LED Smart Android TV with Wireless Gamepad,"4.46,825 Ratings & 1,084 Reviews"
163,SAMSUNG 80 cm (32 inch) HD Ready LED Smart TV 2020 Edition with Voice Search,"4.418,936 Ratings & 2,432 Reviews"
164,TOSHIBA U50 Series 108 cm (43 inch) Ultra HD (4K) LED Smart TV with Dolby Vision & ATMOS,"4.31,575 Ratings & 284 Reviews"
165,Vu Cinema TV Action Series 139 cm (55 inch) Ultra HD (4K) LED Smart Android TV with Dolby Vision,4.5665 Ratings & 115 Reviews
166,Vu Premium 139 cm (55 inch) Ultra HD (4K) LED Smart Android TV,"4.516,934 Ratings & 3,034 Reviews"
167,"Hisense A73F 139 cm (55 inch) Ultra HD (4K) LED Smart Android TV with 102W JBL 6 Speakers, Dolby Visio...",4.5828 Ratings & 209 Reviews
168,Nokia 80 cm (32 inch) HD Ready LED Smart Android TV with Sound by Onkyo,"4.312,359 Ratings & 2,221 Reviews"
169,Nokia 108 cm (43 inch) Ultra HD (4K) LED Smart Android TV with Sound by Onkyo,"4.34,416 Ratings & 779 Reviews"
170,Thomson R9 80 cm (32 inch) HD Ready LED TV,"4.241,599 Ratings & 6,597 Reviews"
171,iFFALCON by TCL 108 cm (43 inch) Ultra HD (4K) LED Smart Android TV,"4.24,799 Ratings & 665 Reviews"
172,realme 126 cm (50 inch) Ultra HD (4K) LED Smart Android TV with Handsfree Voice Search and Dolby Visio...,4.1353 Ratings & 52 Reviews
173,SAMSUNG 80 cm (32 inch) HD Ready LED Smart TV 2020 Edition,"4.431,683 Ratings & 2,963 Reviews"
174,MOTOROLA ZX2 80 cm (32 inch) HD Ready LED Smart Android TV with Dolby Atmos and Dolby Vision,"4.413,529 Ratings & 2,403 Reviews"
175,infinix X1 108 cm (43 inch) Full HD LED Smart Android TV with Eye Care Technology,"4.24,549 Ratings & 735 Reviews"
176,Thomson R9 60 cm (24 inch) HD Ready LED TV,"4.241,599 Ratings & 6,597 Reviews"
177,SAMSUNG 108 cm (43 inch) Full HD LED Smart TV,"4.42,437 Ratings & 265 Reviews"
178,Nokia 107.9 cm (43 inch) Full HD LED Smart Android TV with Sound by Onkyo,"4.34,395 Ratings & 773 Reviews"
179,Thomson 9A Series 80 cm (32 inch) HD Ready LED Smart Android TV,"4.438,126 Ratings & 9,727 Reviews"
180,Coocaa 81 cm (32 inch) HD Ready LED Smart TV with YouTube,"4.26,537 Ratings & 1,133 Reviews"
181,MOTOROLA ZX2 100.3 cm (40 inch) Full HD LED Smart Android TV with Dolby Atmos and Dolby Vision,"4.413,529 Ratings & 2,403 Reviews"
182,SAMSUNG Crystal 4K Pro 108 cm (43 inch) Ultra HD (4K) LED Smart TV with Voice Search,4.2263 Ratings & 43 Reviews
183,SAMSUNG 163 cm (65 inch) Ultra HD (4K) LED Smart TV,4.425 Ratings & 2 Reviews
184,KODAK 7XPRO Series 106 cm (42 inch) Full HD LED Smart Android TV,"4.513,053 Ratings & 3,449 Reviews"
185,SAMSUNG Crystal 4K 108 cm (43 inch) Ultra HD (4K) LED Smart TV,4.1291 Ratings & 45 Reviews
186,MOTOROLA ZX Pro 109 cm (43 inch) Ultra HD (4K) LED Smart Android TV with Wireless Gamepad,"4.46,825 Ratings & 1,084 Reviews"
187,SAMSUNG 80 cm (32 inch) HD Ready LED Smart TV 2020 Edition with Voice Search,"4.418,936 Ratings & 2,432 Reviews"
188,TOSHIBA U50 Series 108 cm (43 inch) Ultra HD (4K) LED Smart TV with Dolby Vision & ATMOS,"4.31,575 Ratings & 284 Reviews"
189,Vu Cinema TV Action Series 139 cm (55 inch) Ultra HD (4K) LED Smart Android TV with Dolby Vision,4.5665 Ratings & 115 Reviews
190,Vu Premium 139 cm (55 inch) Ultra HD (4K) LED Smart Android TV,"4.516,934 Ratings & 3,034 Reviews"
191,"Hisense A73F 139 cm (55 inch) Ultra HD (4K) LED Smart Android TV with 102W JBL 6 Speakers, Dolby Visio...",4.5828 Ratings & 209 Reviews
192,Nokia 80 cm (32 inch) HD Ready LED Smart Android TV with Sound by Onkyo,"4.312,359 Ratings & 2,221 Reviews"
193,Nokia 108 cm (43 inch) Ultra HD (4K) LED Smart Android TV with Sound by Onkyo,"4.34,416 Ratings & 779 Reviews"
194,Thomson R9 80 cm (32 inch) HD Ready LED TV,"4.241,599 Ratings & 6,597 Reviews"
195,iFFALCON by TCL 108 cm (43 inch) Ultra HD (4K) LED Smart Android TV,"4.24,799 Ratings & 665 Reviews"
196,realme 126 cm (50 inch) Ultra HD (4K) LED Smart Android TV with Handsfree Voice Search and Dolby Visio...,4.1353 Ratings & 52 Reviews
197,SAMSUNG 80 cm (32 inch) HD Ready LED Smart TV 2020 Edition,"4.431,683 Ratings & 2,963 Reviews"
198,MOTOROLA ZX2 80 cm (32 inch) HD Ready LED Smart Android TV with Dolby Atmos and Dolby Vision,"4.413,529 Ratings & 2,403 Reviews"
199,infinix X1 108 cm (43 inch) Full HD LED Smart Android TV with Eye Care Technology,"4.24,549 Ratings & 735 Reviews"
200,Thomson R9 60 cm (24 inch) HD Ready LED TV,"4.241,599 Ratings & 6,597 Reviews"
201,SAMSUNG 108 cm (43 inch) Full HD LED Smart TV,"4.42,437 Ratings & 265 Reviews"
202,Nokia 107.9 cm (43 inch) Full HD LED Smart Android TV with Sound by Onkyo,"4.34,395 Ratings & 773 Reviews"
203,Thomson 9A Series 80 cm (32 inch) HD Ready LED Smart Android TV,"4.438,126 Ratings & 9,727 Reviews"
204,Coocaa 81 cm (32 inch) HD Ready LED Smart TV with YouTube,"4.26,537 Ratings & 1,133 Reviews"
205,MOTOROLA ZX2 100.3 cm (40 inch) Full HD LED Smart Android TV with Dolby Atmos and Dolby Vision,"4.413,529 Ratings & 2,403 Reviews"
206,SAMSUNG Crystal 4K Pro 108 cm (43 inch) Ultra HD (4K) LED Smart TV with Voice Search,4.2263 Ratings & 43 Reviews
207,SAMSUNG 163 cm (65 inch) Ultra HD (4K) LED Smart TV,4.425 Ratings & 2 Reviews
208,KODAK 7XPRO Series 106 cm (42 inch) Full HD LED Smart Android TV,"4.513,053 Ratings & 3,449 Reviews"
209,SAMSUNG Crystal 4K 108 cm (43 inch) Ultra HD (4K) LED Smart TV,4.1291 Ratings & 45 Reviews
210,MOTOROLA ZX Pro 109 cm (43 inch) Ultra HD (4K) LED Smart Android TV with Wireless Gamepad,"4.46,825 Ratings & 1,084 Reviews"
211,SAMSUNG 80 cm (32 inch) HD Ready LED Smart TV 2020 Edition with Voice Search,"4.418,936 Ratings & 2,432 Reviews"
212,TOSHIBA U50 Series 108 cm (43 inch) Ultra HD (4K) LED Smart TV with Dolby Vision & ATMOS,"4.31,575 Ratings & 284 Reviews"
213,Vu Cinema TV Action Series 139 cm (55 inch) Ultra HD (4K) LED Smart Android TV with Dolby Vision,4.5665 Ratings & 115 Reviews
214,Vu Premium 139 cm (55 inch) Ultra HD (4K) LED Smart Android TV,"4.516,934 Ratings & 3,034 Reviews"
215,"Hisense A73F 139 cm (55 inch) Ultra HD (4K) LED Smart Android TV with 102W JBL 6 Speakers, Dolby Visio...",4.5828 Ratings & 209 Reviews
216,Nokia 80 cm (32 inch) HD Ready LED Smart Android TV with Sound by Onkyo,"4.312,359 Ratings & 2,221 Reviews"
217,Nokia 108 cm (43 inch) Ultra HD (4K) LED Smart Android TV with Sound by Onkyo,"4.34,416 Ratings & 779 Reviews"
218,Thomson R9 80 cm (32 inch) HD Ready LED TV,"4.241,599 Ratings & 6,597 Reviews"
219,iFFALCON by TCL 108 cm (43 inch) Ultra HD (4K) LED Smart Android TV,"4.24,799 Ratings & 665 Reviews"
220,realme 126 cm (50 inch) Ultra HD (4K) LED Smart Android TV with Handsfree Voice Search and Dolby Visio...,4.1353 Ratings & 52 Reviews
221,SAMSUNG 80 cm (32 inch) HD Ready LED Smart TV 2020 Edition,"4.431,683 Ratings & 2,963 Reviews"
222,MOTOROLA ZX2 80 cm (32 inch) HD Ready LED Smart Android TV with Dolby Atmos and Dolby Vision,"4.413,529 Ratings & 2,403 Reviews"
223,infinix X1 108 cm (43 inch) Full HD LED Smart Android TV with Eye Care Technology,"4.24,549 Ratings & 735 Reviews"
224,Thomson R9 60 cm (24 inch) HD Ready LED TV,"4.241,599 Ratings & 6,597 Reviews"
225,SAMSUNG 108 cm (43 inch) Full HD LED Smart TV,"4.42,437 Ratings & 265 Reviews"
226,Nokia 107.9 cm (43 inch) Full HD LED Smart Android TV with Sound by Onkyo,"4.34,395 Ratings & 773 Reviews"
227,Thomson 9A Series 80 cm (32 inch) HD Ready LED Smart Android TV,"4.438,126 Ratings & 9,727 Reviews"
228,Coocaa 81 cm (32 inch) HD Ready LED Smart TV with YouTube,"4.26,537 Ratings & 1,133 Reviews"
229,MOTOROLA ZX2 100.3 cm (40 inch) Full HD LED Smart Android TV with Dolby Atmos and Dolby Vision,"4.413,529 Ratings & 2,403 Reviews"
230,SAMSUNG Crystal 4K Pro 108 cm (43 inch) Ultra HD (4K) LED Smart TV with Voice Search,4.2263 Ratings & 43 Reviews
231,SAMSUNG 163 cm (65 inch) Ultra HD (4K) LED Smart TV,4.425 Ratings & 2 Reviews
232,KODAK 7XPRO Series 106 cm (42 inch) Full HD LED Smart Android TV,"4.513,053 Ratings & 3,449 Reviews"
233,SAMSUNG Crystal 4K 108 cm (43 inch) Ultra HD (4K) LED Smart TV,4.1291 Ratings & 45 Reviews
234,MOTOROLA ZX Pro 109 cm (43 inch) Ultra HD (4K) LED Smart Android TV with Wireless Gamepad,"4.46,825 Ratings & 1,084 Reviews"
235,SAMSUNG 80 cm (32 inch) HD Ready LED Smart TV 2020 Edition with Voice Search,"4.418,936 Ratings & 2,432 Reviews"
236,TOSHIBA U50 Series 108 cm (43 inch) Ultra HD (4K) LED Smart TV with Dolby Vision & ATMOS,"4.31,575 Ratings & 284 Reviews"
237,Vu Cinema TV Action Series 139 cm (55 inch) Ultra HD (4K) LED Smart Android TV with Dolby Vision,4.5665 Ratings & 115 Reviews
238,Vu Premium 139 cm (55 inch) Ultra HD (4K) LED Smart Android TV,"4.516,934 Ratings & 3,034 Reviews"
239,"Hisense A73F 139 cm (55 inch) Ultra HD (4K) LED Smart Android TV with 102W JBL 6 Speakers, Dolby Visio...",4.5828 Ratings & 209 Reviews
240,Nokia 80 cm (32 inch) HD Ready LED Smart Android TV with Sound by Onkyo,"4.312,359 Ratings & 2,221 Reviews"
241,Nokia 108 cm (43 inch) Ultra HD (4K) LED Smart Android TV with Sound by Onkyo,"4.34,416 Ratings & 779 Reviews"
242,Thomson R9 80 cm (32 inch) HD Ready LED TV,"4.241,599 Ratings & 6,597 Reviews"
243,iFFALCON by TCL 108 cm (43 inch) Ultra HD (4K) LED Smart Android TV,"4.24,799 Ratings & 665 Reviews"
244,realme 126 cm (50 inch) Ultra HD (4K) LED Smart Android TV with Handsfree Voice Search and Dolby Visio...,4.1353 Ratings & 52 Reviews
245,SAMSUNG 80 cm (32 inch) HD Ready LED Smart TV 2020 Edition,"4.431,683 Ratings & 2,963 Reviews"
246,MOTOROLA ZX2 80 cm (32 inch) HD Ready LED Smart Android TV with Dolby Atmos and Dolby Vision,"4.413,529 Ratings & 2,403 Reviews"
247,infinix X1 108 cm (43 inch) Full HD LED Smart Android TV with Eye Care Technology,"4.24,549 Ratings & 735 Reviews"
248,Thomson R9 60 cm (24 inch) HD Ready LED TV,"4.241,599 Ratings & 6,597 Reviews"
249,SAMSUNG 108 cm (43 inch) Full HD LED Smart TV,"4.42,437 Ratings & 265 Reviews"
250,Nokia 107.9 cm (43 inch) Full HD LED Smart Android TV with Sound by Onkyo,"4.34,395 Ratings & 773 Reviews"
251,Thomson 9A Series 80 cm (32 inch) HD Ready LED Smart Android TV,"4.438,126 Ratings & 9,727 Reviews"
252,Coocaa 81 cm (32 inch) HD Ready LED Smart TV with YouTube,"4.26,537 Ratings & 1,133 Reviews"
253,MOTOROLA ZX2 100.3 cm (40 inch) Full HD LED Smart Android TV with Dolby Atmos and Dolby Vision,"4.413,529 Ratings & 2,403 Reviews"
254,SAMSUNG Crystal 4K Pro 108 cm (43 inch) Ultra HD (4K) LED Smart TV with Voice Search,4.2263 Ratings & 43 Reviews
255,SAMSUNG 163 cm (65 inch) Ultra HD (4K) LED Smart TV,4.425 Ratings & 2 Reviews
256,KODAK 7XPRO Series 106 cm (42 inch) Full HD LED Smart Android TV,"4.513,053 Ratings & 3,449 Reviews"
257,SAMSUNG Crystal 4K 108 cm (43 inch) Ultra HD (4K) LED Smart TV,4.1291 Ratings & 45 Reviews
258,MOTOROLA ZX Pro 109 cm (43 inch) Ultra HD (4K) LED Smart Android TV with Wireless Gamepad,"4.46,825 Ratings & 1,084 Reviews"
259,SAMSUNG 80 cm (32 inch) HD Ready LED Smart TV 2020 Edition with Voice Search,"4.418,936 Ratings & 2,432 Reviews"
260,TOSHIBA U50 Series 108 cm (43 inch) Ultra HD (4K) LED Smart TV with Dolby Vision & ATMOS,"4.31,575 Ratings & 284 Reviews"
261,Vu Cinema TV Action Series 139 cm (55 inch) Ultra HD (4K) LED Smart Android TV with Dolby Vision,4.5665 Ratings & 115 Reviews
262,Vu Premium 139 cm (55 inch) Ultra HD (4K) LED Smart Android TV,"4.516,934 Ratings & 3,034 Reviews"
263,"Hisense A73F 139 cm (55 inch) Ultra HD (4K) LED Smart Android TV with 102W JBL 6 Speakers, Dolby Visio...",4.5828 Ratings & 209 Reviews
264,Nokia 80 cm (32 inch) HD Ready LED Smart Android TV with Sound by Onkyo,"4.312,359 Ratings & 2,221 Reviews"
265,Nokia 108 cm (43 inch) Ultra HD (4K) LED Smart Android TV with Sound by Onkyo,"4.34,416 Ratings & 779 Reviews"
266,Thomson R9 80 cm (32 inch) HD Ready LED TV,"4.241,599 Ratings & 6,597 Reviews"
267,iFFALCON by TCL 108 cm (43 inch) Ultra HD (4K) LED Smart Android TV,"4.24,799 Ratings & 665 Reviews"
268,realme 126 cm (50 inch) Ultra HD (4K) LED Smart Android TV with Handsfree Voice Search and Dolby Visio...,4.1353 Ratings & 52 Reviews
269,SAMSUNG 80 cm (32 inch) HD Ready LED Smart TV 2020 Edition,"4.431,683 Ratings & 2,963 Reviews"
270,MOTOROLA ZX2 80 cm (32 inch) HD Ready LED Smart Android TV with Dolby Atmos and Dolby Vision,"4.413,529 Ratings & 2,403 Reviews"
271,infinix X1 108 cm (43 inch) Full HD LED Smart Android TV with Eye Care Technology,"4.24,549 Ratings & 735 Reviews"
272,Thomson R9 60 cm (24 inch) HD Ready LED TV,"4.241,599 Ratings & 6,597 Reviews"
273,SAMSUNG 108 cm (43 inch) Full HD LED Smart TV,"4.42,437 Ratings & 265 Reviews"
274,Nokia 107.9 cm (43 inch) Full HD LED Smart Android TV with Sound by Onkyo,"4.34,395 Ratings & 773 Reviews"
275,Thomson 9A Series 80 cm (32 inch) HD Ready LED Smart Android TV,"4.438,126 Ratings & 9,727 Reviews"
276,Coocaa 81 cm (32 inch) HD Ready LED Smart TV with YouTube,"4.26,537 Ratings & 1,133 Reviews"
277,MOTOROLA ZX2 100.3 cm (40 inch) Full HD LED Smart Android TV with Dolby Atmos and Dolby Vision,"4.413,529 Ratings & 2,403 Reviews"
278,SAMSUNG Crystal 4K Pro 108 cm (43 inch) Ultra HD (4K) LED Smart TV with Voice Search,4.2263 Ratings & 43 Reviews
279,SAMSUNG 163 cm (65 inch) Ultra HD (4K) LED Smart TV,4.425 Ratings & 2 Reviews
280,KODAK 7XPRO Series 106 cm (42 inch) Full HD LED Smart Android TV,"4.513,053 Ratings & 3,449 Reviews"
281,SAMSUNG Crystal 4K 108 cm (43 inch) Ultra HD (4K) LED Smart TV,4.1291 Ratings & 45 Reviews
282,MOTOROLA ZX Pro 109 cm (43 inch) Ultra HD (4K) LED Smart Android TV with Wireless Gamepad,"4.46,825 Ratings & 1,084 Reviews"
283,SAMSUNG 80 cm (32 inch) HD Ready LED Smart TV 2020 Edition with Voice Search,"4.418,936 Ratings & 2,432 Reviews"
284,TOSHIBA U50 Series 108 cm (43 inch) Ultra HD (4K) LED Smart TV with Dolby Vision & ATMOS,"4.31,575 Ratings & 284 Reviews"
285,Vu Cinema TV Action Series 139 cm (55 inch) Ultra HD (4K) LED Smart Android TV with Dolby Vision,4.5665 Ratings & 115 Reviews
286,Vu Premium 139 cm (55 inch) Ultra HD (4K) LED Smart Android TV,"4.516,934 Ratings & 3,034 Reviews"
287,"Hisense A73F 139 cm (55 inch) Ultra HD (4K) LED Smart Android TV with 102W JBL 6 Speakers, Dolby Visio...",4.5828 Ratings & 209 Reviews
288,Nokia 80 cm (32 inch) HD Ready LED Smart Android TV with Sound by Onkyo,"4.312,359 Ratings & 2,221 Reviews"
289,Nokia 108 cm (43 inch) Ultra HD (4K) LED Smart Android TV with Sound by Onkyo,"4.34,416 Ratings & 779 Reviews"
290,Thomson R9 80 cm (32 inch) HD Ready LED TV,"4.241,599 Ratings & 6,597 Reviews"
291,iFFALCON by TCL 108 cm (43 inch) Ultra HD (4K) LED Smart Android TV,"4.24,799 Ratings & 665 Reviews"
292,realme 126 cm (50 inch) Ultra HD (4K) LED Smart Android TV with Handsfree Voice Search and Dolby Visio...,4.1353 Ratings & 52 Reviews
293,SAMSUNG 80 cm (32 inch) HD Ready LED Smart TV 2020 Edition,"4.431,683 Ratings & 2,963 Reviews"
294,MOTOROLA ZX2 80 cm (32 inch) HD Ready LED Smart Android TV with Dolby Atmos and Dolby Vision,"4.413,529 Ratings & 2,403 Reviews"
295,infinix X1 108 cm (43 inch) Full HD LED Smart Android TV with Eye Care Technology,"4.24,549 Ratings & 735 Reviews"
296,Thomson R9 60 cm (24 inch) HD Ready LED TV,"4.241,599 Ratings & 6,597 Reviews"
297,SAMSUNG 108 cm (43 inch) Full HD LED Smart TV,"4.42,437 Ratings & 265 Reviews"
298,Nokia 107.9 cm (43 inch) Full HD LED Smart Android TV with Sound by Onkyo,"4.34,395 Ratings & 773 Reviews"
299,Thomson 9A Series 80 cm (32 inch) HD Ready LED Smart Android TV,"4.438,126 Ratings & 9,727 Reviews"
300,Coocaa 81 cm (32 inch) HD Ready LED Smart TV with YouTube,"4.26,537 Ratings & 1,133 Reviews"
301,MOTOROLA ZX2 100.3 cm (40 inch) Full HD LED Smart Android TV with Dolby Atmos and Dolby Vision,"4.413,529 Ratings & 2,403 Reviews"
302,SAMSUNG Crystal 4K Pro 108 cm (43 inch) Ultra HD (4K) LED Smart TV with Voice Search,4.2263 Ratings & 43 Reviews
303,SAMSUNG 163 cm (65 inch) Ultra HD (4K) LED Smart TV,4.425 Ratings & 2 Reviews
304,KODAK 7XPRO Series 106 cm (42 inch) Full HD LED Smart Android TV,"4.513,053 Ratings & 3,449 Reviews"
305,SAMSUNG Crystal 4K 108 cm (43 inch) Ultra HD (4K) LED Smart TV,4.1291 Ratings & 45 Reviews
306,MOTOROLA ZX Pro 109 cm (43 inch) Ultra HD (4K) LED Smart Android TV with Wireless Gamepad,"4.46,825 Ratings & 1,084 Reviews"
307,SAMSUNG 80 cm (32 inch) HD Ready LED Smart TV 2020 Edition with Voice Search,"4.418,936 Ratings & 2,432 Reviews"
308,TOSHIBA U50 Series 108 cm (43 inch) Ultra HD (4K) LED Smart TV with Dolby Vision & ATMOS,"4.31,575 Ratings & 284 Reviews"
309,Vu Cinema TV Action Series 139 cm (55 inch) Ultra HD (4K) LED Smart Android TV with Dolby Vision,4.5665 Ratings & 115 Reviews
310,Vu Premium 139 cm (55 inch) Ultra HD (4K) LED Smart Android TV,"4.516,934 Ratings & 3,034 Reviews"
311,"Hisense A73F 139 cm (55 inch) Ultra HD (4K) LED Smart Android TV with 102W JBL 6 Speakers, Dolby Visio...",4.5828 Ratings & 209 Reviews
312,Nokia 80 cm (32 inch) HD Ready LED Smart Android TV with Sound by Onkyo,"4.312,359 Ratings & 2,221 Reviews"
313,Nokia 108 cm (43 inch) Ultra HD (4K) LED Smart Android TV with Sound by Onkyo,"4.34,416 Ratings & 779 Reviews"
314,Thomson R9 80 cm (32 inch) HD Ready LED TV,"4.241,599 Ratings & 6,597 Reviews"
315,iFFALCON by TCL 108 cm (43 inch) Ultra HD (4K) LED Smart Android TV,"4.24,799 Ratings & 665 Reviews"
316,realme 126 cm (50 inch) Ultra HD (4K) LED Smart Android TV with Handsfree Voice Search and Dolby Visio...,4.1353 Ratings & 52 Reviews
317,SAMSUNG 80 cm (32 inch) HD Ready LED Smart TV 2020 Edition,"4.431,683 Ratings & 2,963 Reviews"
318,MOTOROLA ZX2 80 cm (32 inch) HD Ready LED Smart Android TV with Dolby Atmos and Dolby Vision,"4.413,529 Ratings & 2,403 Reviews"
319,infinix X1 108 cm (43 inch) Full HD LED Smart Android TV with Eye Care Technology,"4.24,549 Ratings & 735 Reviews"
320,Thomson R9 60 cm (24 inch) HD Ready LED TV,"4.241,599 Ratings & 6,597 Reviews"
321,SAMSUNG 108 cm (43 inch) Full HD LED Smart TV,"4.42,437 Ratings & 265 Reviews"
322,Nokia 107.9 cm (43 inch) Full HD LED Smart Android TV with Sound by Onkyo,"4.34,395 Ratings & 773 Reviews"
323,Thomson 9A Series 80 cm (32 inch) HD Ready LED Smart Android TV,"4.438,126 Ratings & 9,727 Reviews"
324,Coocaa 81 cm (32 inch) HD Ready LED Smart TV with YouTube,"4.26,537 Ratings & 1,133 Reviews"
325,MOTOROLA ZX2 100.3 cm (40 inch) Full HD LED Smart Android TV with Dolby Atmos and Dolby Vision,"4.413,529 Ratings & 2,403 Reviews"
326,SAMSUNG Crystal 4K Pro 108 cm (43 inch) Ultra HD (4K) LED Smart TV with Voice Search,4.2263 Ratings & 43 Reviews
327,SAMSUNG 163 cm (65 inch) Ultra HD (4K) LED Smart TV,4.425 Ratings & 2 Reviews
328,KODAK 7XPRO Series 106 cm (42 inch) Full HD LED Smart Android TV,"4.513,053 Ratings & 3,449 Reviews"
329,SAMSUNG Crystal 4K 108 cm (43 inch) Ultra HD (4K) LED Smart TV,4.1291 Ratings & 45 Reviews
330,MOTOROLA ZX Pro 109 cm (43 inch) Ultra HD (4K) LED Smart Android TV with Wireless Gamepad,"4.46,825 Ratings & 1,084 Reviews"
331,SAMSUNG 80 cm (32 inch) HD Ready LED Smart TV 2020 Edition with Voice Search,"4.418,936 Ratings & 2,432 Reviews"
332,TOSHIBA U50 Series 108 cm (43 inch) Ultra HD (4K) LED Smart TV with Dolby Vision & ATMOS,"4.31,575 Ratings & 284 Reviews"
333,Vu Cinema TV Action Series 139 cm (55 inch) Ultra HD (4K) LED Smart Android TV with Dolby Vision,4.5665 Ratings & 115 Reviews
334,Vu Premium 139 cm (55 inch) Ultra HD (4K) LED Smart Android TV,"4.516,934 Ratings & 3,034 Reviews"
335,"Hisense A73F 139 cm (55 inch) Ultra HD (4K) LED Smart Android TV with 102W JBL 6 Speakers, Dolby Visio...",4.5828 Ratings & 209 Reviews
336,Nokia 80 cm (32 inch) HD Ready LED Smart Android TV with Sound by Onkyo,"4.312,359 Ratings & 2,221 Reviews"
337,Nokia 108 cm (43 inch) Ultra HD (4K) LED Smart Android TV with Sound by Onkyo,"4.34,416 Ratings & 779 Reviews"
338,Thomson R9 80 cm (32 inch) HD Ready LED TV,"4.241,599 Ratings & 6,597 Reviews"
339,iFFALCON by TCL 108 cm (43 inch) Ultra HD (4K) LED Smart Android TV,"4.24,799 Ratings & 665 Reviews"
340,realme 126 cm (50 inch) Ultra HD (4K) LED Smart Android TV with Handsfree Voice Search and Dolby Visio...,4.1353 Ratings & 52 Reviews
341,SAMSUNG 80 cm (32 inch) HD Ready LED Smart TV 2020 Edition,"4.431,683 Ratings & 2,963 Reviews"
342,MOTOROLA ZX2 80 cm (32 inch) HD Ready LED Smart Android TV with Dolby Atmos and Dolby Vision,"4.413,529 Ratings & 2,403 Reviews"
343,infinix X1 108 cm (43 inch) Full HD LED Smart Android TV with Eye Care Technology,"4.24,549 Ratings & 735 Reviews"
344,Thomson R9 60 cm (24 inch) HD Ready LED TV,"4.241,599 Ratings & 6,597 Reviews"
345,SAMSUNG 108 cm (43 inch) Full HD LED Smart TV,"4.42,437 Ratings & 265 Reviews"
346,Nokia 107.9 cm (43 inch) Full HD LED Smart Android TV with Sound by Onkyo,"4.34,395 Ratings & 773 Reviews"
347,Thomson 9A Series 80 cm (32 inch) HD Ready LED Smart Android TV,"4.438,126 Ratings & 9,727 Reviews"
348,Coocaa 81 cm (32 inch) HD Ready LED Smart TV with YouTube,"4.26,537 Ratings & 1,133 Reviews"
349,MOTOROLA ZX2 100.3 cm (40 inch) Full HD LED Smart Android TV with Dolby Atmos and Dolby Vision,"4.413,529 Ratings & 2,403 Reviews"
350,SAMSUNG Crystal 4K Pro 108 cm (43 inch) Ultra HD (4K) LED Smart TV with Voice Search,4.2263 Ratings & 43 Reviews
351,SAMSUNG 163 cm (65 inch) Ultra HD (4K) LED Smart TV,4.425 Ratings & 2 Reviews
352,KODAK 7XPRO Series 106 cm (42 inch) Full HD LED Smart Android TV,"4.513,053 Ratings & 3,449 Reviews"
353,SAMSUNG Crystal 4K 108 cm (43 inch) Ultra HD (4K) LED Smart TV,4.1291 Ratings & 45 Reviews
354,MOTOROLA ZX Pro 109 cm (43 inch) Ultra HD (4K) LED Smart Android TV with Wireless Gamepad,"4.46,825 Ratings & 1,084 Reviews"
355,SAMSUNG 80 cm (32 inch) HD Ready LED Smart TV 2020 Edition with Voice Search,"4.418,936 Ratings & 2,432 Reviews"
356,TOSHIBA U50 Series 108 cm (43 inch) Ultra HD (4K) LED Smart TV with Dolby Vision & ATMOS,"4.31,575 Ratings & 284 Reviews"
357,Vu Cinema TV Action Series 139 cm (55 inch) Ultra HD (4K) LED Smart Android TV with Dolby Vision,4.5665 Ratings & 115 Reviews
358,Vu Premium 139 cm (55 inch) Ultra HD (4K) LED Smart Android TV,"4.516,934 Ratings & 3,034 Reviews"
359,"Hisense A73F 139 cm (55 inch) Ultra HD (4K) LED Smart Android TV with 102W JBL 6 Speakers, Dolby Visio...",4.5828 Ratings & 209 Reviews
360,Nokia 80 cm (32 inch) HD Ready LED Smart Android TV with Sound by Onkyo,"4.312,359 Ratings & 2,221 Reviews"
361,Nokia 108 cm (43 inch) Ultra HD (4K) LED Smart Android TV with Sound by Onkyo,"4.34,416 Ratings & 779 Reviews"
362,Thomson R9 80 cm (32 inch) HD Ready LED TV,"4.241,599 Ratings & 6,597 Reviews"
363,iFFALCON by TCL 108 cm (43 inch) Ultra HD (4K) LED Smart Android TV,"4.24,799 Ratings & 665 Reviews"
364,realme 126 cm (50 inch) Ultra HD (4K) LED Smart Android TV with Handsfree Voice Search and Dolby Visio...,4.1353 Ratings & 52 Reviews
365,SAMSUNG 80 cm (32 inch) HD Ready LED Smart TV 2020 Edition,"4.431,683 Ratings & 2,963 Reviews"
366,MOTOROLA ZX2 80 cm (32 inch) HD Ready LED Smart Android TV with Dolby Atmos and Dolby Vision,"4.413,529 Ratings & 2,403 Reviews"
367,infinix X1 108 cm (43 inch) Full HD LED Smart Android TV with Eye Care Technology,"4.24,549 Ratings & 735 Reviews"
368,Thomson R9 60 cm (24 inch) HD Ready LED TV,"4.241,599 Ratings & 6,597 Reviews"
369,SAMSUNG 108 cm (43 inch) Full HD LED Smart TV,"4.42,437 Ratings & 265 Reviews"
370,Nokia 107.9 cm (43 inch) Full HD LED Smart Android TV with Sound by Onkyo,"4.34,395 Ratings & 773 Reviews"
371,Thomson 9A Series 80 cm (32 inch) HD Ready LED Smart Android TV,"4.438,126 Ratings & 9,727 Reviews"
372,Coocaa 81 cm (32 inch) HD Ready LED Smart TV with YouTube,"4.26,537 Ratings & 1,133 Reviews"
373,MOTOROLA ZX2 100.3 cm (40 inch) Full HD LED Smart Android TV with Dolby Atmos and Dolby Vision,"4.413,529 Ratings & 2,403 Reviews"
374,SAMSUNG Crystal 4K Pro 108 cm (43 inch) Ultra HD (4K) LED Smart TV with Voice Search,4.2263 Ratings & 43 Reviews
375,SAMSUNG 163 cm (65 inch) Ultra HD (4K) LED Smart TV,4.425 Ratings & 2 Reviews
376,KODAK 7XPRO Series 106 cm (42 inch) Full HD LED Smart Android TV,"4.513,053 Ratings & 3,449 Reviews"
377,SAMSUNG Crystal 4K 108 cm (43 inch) Ultra HD (4K) LED Smart TV,4.1291 Ratings & 45 Reviews
378,MOTOROLA ZX Pro 109 cm (43 inch) Ultra HD (4K) LED Smart Android TV with Wireless Gamepad,"4.46,825 Ratings & 1,084 Reviews"
379,SAMSUNG 80 cm (32 inch) HD Ready LED Smart TV 2020 Edition with Voice Search,"4.418,936 Ratings & 2,432 Reviews"
380,TOSHIBA U50 Series 108 cm (43 inch) Ultra HD (4K) LED Smart TV with Dolby Vision & ATMOS,"4.31,575 Ratings & 284 Reviews"
381,Vu Cinema TV Action Series 139 cm (55 inch) Ultra HD (4K) LED Smart Android TV with Dolby Vision,4.5665 Ratings & 115 Reviews
382,Vu Premium 139 cm (55 inch) Ultra HD (4K) LED Smart Android TV,"4.516,934 Ratings & 3,034 Reviews"
383,"Hisense A73F 139 cm (55 inch) Ultra HD (4K) LED Smart Android TV with 102W JBL 6 Speakers, Dolby Visio...",4.5828 Ratings & 209 Reviews
384,Nokia 80 cm (32 inch) HD Ready LED Smart Android TV with Sound by Onkyo,"4.312,359 Ratings & 2,221 Reviews"
385,Nokia 108 cm (43 inch) Ultra HD (4K) LED Smart Android TV with Sound by Onkyo,"4.34,416 Ratings & 779 Reviews"
386,Thomson R9 80 cm (32 inch) HD Ready LED TV,"4.241,599 Ratings & 6,597 Reviews"
387,iFFALCON by TCL 108 cm (43 inch) Ultra HD (4K) LED Smart Android TV,"4.24,799 Ratings & 665 Reviews"
388,realme 126 cm (50 inch) Ultra HD (4K) LED Smart Android TV with Handsfree Voice Search and Dolby Visio...,4.1353 Ratings & 52 Reviews
389,SAMSUNG 80 cm (32 inch) HD Ready LED Smart TV 2020 Edition,"4.431,683 Ratings & 2,963 Reviews"
390,MOTOROLA ZX2 80 cm (32 inch) HD Ready LED Smart Android TV with Dolby Atmos and Dolby Vision,"4.413,529 Ratings & 2,403 Reviews"
391,infinix X1 108 cm (43 inch) Full HD LED Smart Android TV with Eye Care Technology,"4.24,549 Ratings & 735 Reviews"
392,Thomson R9 60 cm (24 inch) HD Ready LED TV,"4.241,599 Ratings & 6,597 Reviews"
393,SAMSUNG 108 cm (43 inch) Full HD LED Smart TV,"4.42,437 Ratings & 265 Reviews"
394,Nokia 107.9 cm (43 inch) Full HD LED Smart Android TV with Sound by Onkyo,"4.34,395 Ratings & 773 Reviews"
395,Thomson 9A Series 80 cm (32 inch) HD Ready LED Smart Android TV,"4.438,126 Ratings & 9,727 Reviews"
396,Coocaa 81 cm (32 inch) HD Ready LED Smart TV with YouTube,"4.26,537 Ratings & 1,133 Reviews"
397,MOTOROLA ZX2 100.3 cm (40 inch) Full HD LED Smart Android TV with Dolby Atmos and Dolby Vision,"4.413,529 Ratings & 2,403 Reviews"
398,SAMSUNG Crystal 4K Pro 108 cm (43 inch) Ultra HD (4K) LED Smart TV with Voice Search,4.2263 Ratings & 43 Reviews
399,SAMSUNG 163 cm (65 inch) Ultra HD (4K) LED Smart TV,4.425 Ratings & 2 Reviews
400,KODAK 7XPRO Series 106 cm (42 inch) Full HD LED Smart Android TV,"4.513,053 Ratings & 3,449 Reviews"
401,SAMSUNG Crystal 4K 108 cm (43 inch) Ultra HD (4K) LED Smart TV,4.1291 Ratings & 45 Reviews
402,MOTOROLA ZX Pro 109 cm (43 inch) Ultra HD (4K) LED Smart Android TV with Wireless Gamepad,"4.46,825 Ratings & 1,084 Reviews"
403,SAMSUNG 80 cm (32 inch) HD Ready LED Smart TV 2020 Edition with Voice Search,"4.418,936 Ratings & 2,432 Reviews"
404,TOSHIBA U50 Series 108 cm (43 inch) Ultra HD (4K) LED Smart TV with Dolby Vision & ATMOS,"4.31,575 Ratings & 284 Reviews"
405,Vu Cinema TV Action Series 139 cm (55 inch) Ultra HD (4K) LED Smart Android TV with Dolby Vision,4.5665 Ratings & 115 Reviews
406,Vu Premium 139 cm (55 inch) Ultra HD (4K) LED Smart Android TV,"4.516,934 Ratings & 3,034 Reviews"
407,"Hisense A73F 139 cm (55 inch) Ultra HD (4K) LED Smart Android TV with 102W JBL 6 Speakers, Dolby Visio...",4.5828 Ratings & 209 Reviews
408,Nokia 80 cm (32 inch) HD Ready LED Smart Android TV with Sound by Onkyo,"4.312,359 Ratings & 2,221 Reviews"
409,Nokia 108 cm (43 inch) Ultra HD (4K) LED Smart Android TV with Sound by Onkyo,"4.34,416 Ratings & 779 Reviews"
410,Thomson R9 80 cm (32 inch) HD Ready LED TV,"4.241,599 Ratings & 6,597 Reviews"
411,iFFALCON by TCL 108 cm (43 inch) Ultra HD (4K) LED Smart Android TV,"4.24,799 Ratings & 665 Reviews"
412,realme 126 cm (50 inch) Ultra HD (4K) LED Smart Android TV with Handsfree Voice Search and Dolby Visio...,4.1353 Ratings & 52 Reviews
413,SAMSUNG 80 cm (32 inch) HD Ready LED Smart TV 2020 Edition,"4.431,683 Ratings & 2,963 Reviews"
414,MOTOROLA ZX2 80 cm (32 inch) HD Ready LED Smart Android TV with Dolby Atmos and Dolby Vision,"4.413,529 Ratings & 2,403 Reviews"
415,infinix X1 108 cm (43 inch) Full HD LED Smart Android TV with Eye Care Technology,"4.24,549 Ratings & 735 Reviews"
416,Thomson R9 60 cm (24 inch) HD Ready LED TV,"4.241,599 Ratings & 6,597 Reviews"
417,SAMSUNG 108 cm (43 inch) Full HD LED Smart TV,"4.42,437 Ratings & 265 Reviews"
418,Nokia 107.9 cm (43 inch) Full HD LED Smart Android TV with Sound by Onkyo,"4.34,395 Ratings & 773 Reviews"
419,Thomson 9A Series 80 cm (32 inch) HD Ready LED Smart Android TV,"4.438,126 Ratings & 9,727 Reviews"
420,Coocaa 81 cm (32 inch) HD Ready LED Smart TV with YouTube,"4.26,537 Ratings & 1,133 Reviews"
421,MOTOROLA ZX2 100.3 cm (40 inch) Full HD LED Smart Android TV with Dolby Atmos and Dolby Vision,"4.413,529 Ratings & 2,403 Reviews"
422,SAMSUNG Crystal 4K Pro 108 cm (43 inch) Ultra HD (4K) LED Smart TV with Voice Search,4.2263 Ratings & 43 Reviews
423,SAMSUNG 163 cm (65 inch) Ultra HD (4K) LED Smart TV,4.425 Ratings & 2 Reviews
424,KODAK 7XPRO Series 106 cm (42 inch) Full HD LED Smart Android TV,"4.513,053 Ratings & 3,449 Reviews"
425,SAMSUNG Crystal 4K 108 cm (43 inch) Ultra HD (4K) LED Smart TV,4.1291 Ratings & 45 Reviews
426,MOTOROLA ZX Pro 109 cm (43 inch) Ultra HD (4K) LED Smart Android TV with Wireless Gamepad,"4.46,825 Ratings & 1,084 Reviews"
427,SAMSUNG 80 cm (32 inch) HD Ready LED Smart TV 2020 Edition with Voice Search,"4.418,936 Ratings & 2,432 Reviews"
428,TOSHIBA U50 Series 108 cm (43 inch) Ultra HD (4K) LED Smart TV with Dolby Vision & ATMOS,"4.31,575 Ratings & 284 Reviews"
429,Vu Cinema TV Action Series 139 cm (55 inch) Ultra HD (4K) LED Smart Android TV with Dolby Vision,4.5665 Ratings & 115 Reviews
430,Vu Premium 139 cm (55 inch) Ultra HD (4K) LED Smart Android TV,"4.516,934 Ratings & 3,034 Reviews"
431,"Hisense A73F 139 cm (55 inch) Ultra HD (4K) LED Smart Android TV with 102W JBL 6 Speakers, Dolby Visio...",4.5828 Ratings & 209 Reviews
432,Nokia 80 cm (32 inch) HD Ready LED Smart Android TV with Sound by Onkyo,"4.312,359 Ratings & 2,221 Reviews"
433,Nokia 108 cm (43 inch) Ultra HD (4K) LED Smart Android TV with Sound by Onkyo,"4.34,416 Ratings & 779 Reviews"
434,Thomson R9 80 cm (32 inch) HD Ready LED TV,"4.241,599 Ratings & 6,597 Reviews"
435,iFFALCON by TCL 108 cm (43 inch) Ultra HD (4K) LED Smart Android TV,"4.24,799 Ratings & 665 Reviews"
436,realme 126 cm (50 inch) Ultra HD (4K) LED Smart Android TV with Handsfree Voice Search and Dolby Visio...,4.1353 Ratings & 52 Reviews
437,SAMSUNG 80 cm (32 inch) HD Ready LED Smart TV 2020 Edition,"4.431,683 Ratings & 2,963 Reviews"
438,MOTOROLA ZX2 80 cm (32 inch) HD Ready LED Smart Android TV with Dolby Atmos and Dolby Vision,"4.413,529 Ratings & 2,403 Reviews"
439,infinix X1 108 cm (43 inch) Full HD LED Smart Android TV with Eye Care Technology,"4.24,549 Ratings & 735 Reviews"
440,Thomson R9 60 cm (24 inch) HD Ready LED TV,"4.241,599 Ratings & 6,597 Reviews"
441,SAMSUNG 108 cm (43 inch) Full HD LED Smart TV,"4.42,437 Ratings & 265 Reviews"
442,Nokia 107.9 cm (43 inch) Full HD LED Smart Android TV with Sound by Onkyo,"4.34,395 Ratings & 773 Reviews"
443,Thomson 9A Series 80 cm (32 inch) HD Ready LED Smart Android TV,"4.438,126 Ratings & 9,727 Reviews"
444,Coocaa 81 cm (32 inch) HD Ready LED Smart TV with YouTube,"4.26,537 Ratings & 1,133 Reviews"
445,MOTOROLA ZX2 100.3 cm (40 inch) Full HD LED Smart Android TV with Dolby Atmos and Dolby Vision,"4.413,529 Ratings & 2,403 Reviews"
446,SAMSUNG Crystal 4K Pro 108 cm (43 inch) Ultra HD (4K) LED Smart TV with Voice Search,4.2263 Ratings & 43 Reviews
447,SAMSUNG 163 cm (65 inch) Ultra HD (4K) LED Smart TV,4.425 Ratings & 2 Reviews
448,KODAK 7XPRO Series 106 cm (42 inch) Full HD LED Smart Android TV,"4.513,053 Ratings & 3,449 Reviews"
449,SAMSUNG Crystal 4K 108 cm (43 inch) Ultra HD (4K) LED Smart TV,4.1291 Ratings & 45 Reviews
450,MOTOROLA ZX Pro 109 cm (43 inch) Ultra HD (4K) LED Smart Android TV with Wireless Gamepad,"4.46,825 Ratings & 1,084 Reviews"
451,SAMSUNG 80 cm (32 inch) HD Ready LED Smart TV 2020 Edition with Voice Search,"4.418,936 Ratings & 2,432 Reviews"
452,TOSHIBA U50 Series 108 cm (43 inch) Ultra HD (4K) LED Smart TV with Dolby Vision & ATMOS,"4.31,575 Ratings & 284 Reviews"
453,Vu Cinema TV Action Series 139 cm (55 inch) Ultra HD (4K) LED Smart Android TV with Dolby Vision,4.5665 Ratings & 115 Reviews
454,Vu Premium 139 cm (55 inch) Ultra HD (4K) LED Smart Android TV,"4.516,934 Ratings & 3,034 Reviews"
455,"Hisense A73F 139 cm (55 inch) Ultra HD (4K) LED Smart Android TV with 102W JBL 6 Speakers, Dolby Visio...",4.5828 Ratings & 209 Reviews
456,Nokia 80 cm (32 inch) HD Ready LED Smart Android TV with Sound by Onkyo,"4.312,359 Ratings & 2,221 Reviews"
457,Nokia 108 cm (43 inch) Ultra HD (4K) LED Smart Android TV with Sound by Onkyo,"4.34,416 Ratings & 779 Reviews"
458,Thomson R9 80 cm (32 inch) HD Ready LED TV,"4.241,599 Ratings & 6,597 Reviews"
459,iFFALCON by TCL 108 cm (43 inch) Ultra HD (4K) LED Smart Android TV,"4.24,799 Ratings & 665 Reviews"
460,realme 126 cm (50 inch) Ultra HD (4K) LED Smart Android TV with Handsfree Voice Search and Dolby Visio...,4.1353 Ratings & 52 Reviews
461,SAMSUNG 80 cm (32 inch) HD Ready LED Smart TV 2020 Edition,"4.431,683 Ratings & 2,963 Reviews"
462,MOTOROLA ZX2 80 cm (32 inch) HD Ready LED Smart Android TV with Dolby Atmos and Dolby Vision,"4.413,529 Ratings & 2,403 Reviews"
463,infinix X1 108 cm (43 inch) Full HD LED Smart Android TV with Eye Care Technology,"4.24,549 Ratings & 735 Reviews"
464,Thomson R9 60 cm (24 inch) HD Ready LED TV,"4.241,599 Ratings & 6,597 Reviews"
465,SAMSUNG 108 cm (43 inch) Full HD LED Smart TV,"4.42,437 Ratings & 265 Reviews"
466,Nokia 107.9 cm (43 inch) Full HD LED Smart Android TV with Sound by Onkyo,"4.34,395 Ratings & 773 Reviews"
467,Thomson 9A Series 80 cm (32 inch) HD Ready LED Smart Android TV,"4.438,126 Ratings & 9,727 Reviews"
468,Coocaa 81 cm (32 inch) HD Ready LED Smart TV with YouTube,"4.26,537 Ratings & 1,133 Reviews"
469,MOTOROLA ZX2 100.3 cm (40 inch) Full HD LED Smart Android TV with Dolby Atmos and Dolby Vision,"4.413,529 Ratings & 2,403 Reviews"
470,SAMSUNG Crystal 4K Pro 108 cm (43 inch) Ultra HD (4K) LED Smart TV with Voice Search,4.2263 Ratings & 43 Reviews
471,SAMSUNG 163 cm (65 inch) Ultra HD (4K) LED Smart TV,4.425 Ratings & 2 Reviews
472,KODAK 7XPRO Series 106 cm (42 inch) Full HD LED Smart Android TV,"4.513,053 Ratings & 3,449 Reviews"
473,SAMSUNG Crystal 4K 108 cm (43 inch) Ultra HD (4K) LED Smart TV,4.1291 Ratings & 45 Reviews
474,MOTOROLA ZX Pro 109 cm (43 inch) Ultra HD (4K) LED Smart Android TV with Wireless Gamepad,"4.46,825 Ratings & 1,084 Reviews"
475,SAMSUNG 80 cm (32 inch) HD Ready LED Smart TV 2020 Edition with Voice Search,"4.418,936 Ratings & 2,432 Reviews"
476,TOSHIBA U50 Series 108 cm (43 inch) Ultra HD (4K) LED Smart TV with Dolby Vision & ATMOS,"4.31,575 Ratings & 284 Reviews"
477,Vu Cinema TV Action Series 139 cm (55 inch) Ultra HD (4K) LED Smart Android TV with Dolby Vision,4.5665 Ratings & 115 Reviews
478,Vu Premium 139 cm (55 inch) Ultra HD (4K) LED Smart Android TV,"4.516,934 Ratings & 3,034 Reviews"
479,"Hisense A73F 139 cm (55 inch) Ultra HD (4K) LED Smart Android TV with 102W JBL 6 Speakers, Dolby Visio...",4.5828 Ratings & 209 Reviews
