,tv1,review&rating
0,LG 165.1 cm (65 inch) Ultra HD (4K) LED Smart TV,4.69 Ratings & 1 Reviews
1,SAMSUNG R5570 108 cm (43 inch) Full HD LED Smart TV,4.459 Ratings & 14 Reviews
2,LG 123 cm (49 inch) Ultra HD (4K) LED Smart TV,"4.431,685 Ratings & 2,963 Reviews"
3,SAMSUNG 80 cm (32 inch) HD Ready LED Smart TV 2020 Edition,4.84 Ratings & 1 Reviews
4,LG 164 cm (65 inch) OLED Ultra HD (4K) Smart TV,4.640 Ratings & 6 Reviews
5,Haier 80 cm (32 inch) HD Ready LED TV,4.2190 Ratings & 49 Reviews
6,Blaupunkt 100 cm (40 inch) Full HD LED TV,"4.42,440 Ratings & 265 Reviews"
7,SAMSUNG 108 cm (43 inch) Full HD LED Smart TV,4.443 Ratings & 8 Reviews
8,SAMSUNG 165 cm (65 inch) QLED Ultra HD (4K) Smart TV,4.710 Ratings & 5 Reviews
9,Panasonic 123 cm (49 inch) Full HD LED TV,4.425 Ratings & 2 Reviews
10,SONY 163.9 cm (65 inch) Ultra HD (4K) LED Smart Android TV,4.88 Ratings & 1 Reviews
11,SAMSUNG 163 cm (65 inch) Ultra HD (4K) LED Smart TV,4.2636 Ratings & 135 Reviews
12,SONY 163.9 cm (65 inch) Ultra HD (4K) LED Smart Android TV,4.6170 Ratings & 26 Reviews
13,SAMSUNG 108 cm (43 inch) Full HD LED TV,"4.418,933 Ratings & 2,432 Reviews"
14,LG 126 cm (50 inch) Ultra HD (4K) LED Smart TV,32 Ratings & 1 Reviews
15,SAMSUNG 80 cm (32 inch) HD Ready LED Smart TV 2020 Edition with Voice Search,4.34 Ratings & 3 Reviews
16,SAMSUNG Series 7 138 cm (55 inch) Ultra HD (4K) LED Smart TV,4.263 Ratings & 15 Reviews
17,Sansui 139 cm (55 inch) Ultra HD (4K) Curved LED Smart TV,"4.31,575 Ratings & 284 Reviews"
18,Micromax 139 cm (55 inch) Full HD LED TV,"4.11,930 Ratings & 588 Reviews"
19,TOSHIBA U50 Series 126 cm (50 inch) Ultra HD (4K) LED Smart TV with Dolby Vision & ATMOS,4.1357 Ratings & 96 Reviews
20,CloudWalker 139 cm (55 inch) Ultra HD (4K) LED Smart TV,4.1253 Ratings & 86 Reviews
21,Panasonic 109 cm (43 inch) Full HD LED Smart TV,"4.31,575 Ratings & 284 Reviews"
22,CloudWalker Cloud TV 165 cm (65 inch) Ultra HD (4K) LED Smart TV,4.69 Ratings & 1 Reviews
23,TOSHIBA U50 Series 139 cm (55 inch) Ultra HD (4K) LED Smart TV with Dolby Vision & ATMOS,4.459 Ratings & 14 Reviews
24,LG 165.1 cm (65 inch) Ultra HD (4K) LED Smart TV,"4.431,685 Ratings & 2,963 Reviews"
25,SAMSUNG R5570 108 cm (43 inch) Full HD LED Smart TV,4.84 Ratings & 1 Reviews
26,LG 123 cm (49 inch) Ultra HD (4K) LED Smart TV,4.640 Ratings & 6 Reviews
27,SAMSUNG 80 cm (32 inch) HD Ready LED Smart TV 2020 Edition,4.2190 Ratings & 49 Reviews
28,LG 164 cm (65 inch) OLED Ultra HD (4K) Smart TV,"4.42,440 Ratings & 265 Reviews"
29,Haier 80 cm (32 inch) HD Ready LED TV,4.443 Ratings & 8 Reviews
30,Blaupunkt 100 cm (40 inch) Full HD LED TV,4.710 Ratings & 5 Reviews
31,SAMSUNG 108 cm (43 inch) Full HD LED Smart TV,4.425 Ratings & 2 Reviews
32,SAMSUNG 165 cm (65 inch) QLED Ultra HD (4K) Smart TV,4.88 Ratings & 1 Reviews
33,Panasonic 123 cm (49 inch) Full HD LED TV,4.2636 Ratings & 135 Reviews
34,SONY 163.9 cm (65 inch) Ultra HD (4K) LED Smart Android TV,4.6170 Ratings & 26 Reviews
35,SAMSUNG 163 cm (65 inch) Ultra HD (4K) LED Smart TV,"4.418,933 Ratings & 2,432 Reviews"
36,SONY 163.9 cm (65 inch) Ultra HD (4K) LED Smart Android TV,32 Ratings & 1 Reviews
37,SAMSUNG 108 cm (43 inch) Full HD LED TV,4.34 Ratings & 3 Reviews
38,LG 126 cm (50 inch) Ultra HD (4K) LED Smart TV,4.263 Ratings & 15 Reviews
39,SAMSUNG 80 cm (32 inch) HD Ready LED Smart TV 2020 Edition with Voice Search,"4.31,575 Ratings & 284 Reviews"
40,SAMSUNG Series 7 138 cm (55 inch) Ultra HD (4K) LED Smart TV,"4.11,930 Ratings & 588 Reviews"
41,Sansui 139 cm (55 inch) Ultra HD (4K) Curved LED Smart TV,4.1357 Ratings & 96 Reviews
42,Micromax 139 cm (55 inch) Full HD LED TV,4.1253 Ratings & 86 Reviews
43,TOSHIBA U50 Series 126 cm (50 inch) Ultra HD (4K) LED Smart TV with Dolby Vision & ATMOS,"4.31,575 Ratings & 284 Reviews"
44,CloudWalker 139 cm (55 inch) Ultra HD (4K) LED Smart TV,4.69 Ratings & 1 Reviews
45,Panasonic 109 cm (43 inch) Full HD LED Smart TV,4.459 Ratings & 14 Reviews
46,CloudWalker Cloud TV 165 cm (65 inch) Ultra HD (4K) LED Smart TV,"4.431,685 Ratings & 2,963 Reviews"
47,TOSHIBA U50 Series 139 cm (55 inch) Ultra HD (4K) LED Smart TV with Dolby Vision & ATMOS,4.84 Ratings & 1 Reviews
48,LG 165.1 cm (65 inch) Ultra HD (4K) LED Smart TV,4.640 Ratings & 6 Reviews
49,SAMSUNG R5570 108 cm (43 inch) Full HD LED Smart TV,4.2190 Ratings & 49 Reviews
50,LG 123 cm (49 inch) Ultra HD (4K) LED Smart TV,"4.42,440 Ratings & 265 Reviews"
51,SAMSUNG 80 cm (32 inch) HD Ready LED Smart TV 2020 Edition,4.443 Ratings & 8 Reviews
52,LG 164 cm (65 inch) OLED Ultra HD (4K) Smart TV,4.710 Ratings & 5 Reviews
53,Haier 80 cm (32 inch) HD Ready LED TV,4.425 Ratings & 2 Reviews
54,Blaupunkt 100 cm (40 inch) Full HD LED TV,4.88 Ratings & 1 Reviews
55,SAMSUNG 108 cm (43 inch) Full HD LED Smart TV,4.2636 Ratings & 135 Reviews
56,SAMSUNG 165 cm (65 inch) QLED Ultra HD (4K) Smart TV,4.6170 Ratings & 26 Reviews
57,Panasonic 123 cm (49 inch) Full HD LED TV,"4.418,933 Ratings & 2,432 Reviews"
58,SONY 163.9 cm (65 inch) Ultra HD (4K) LED Smart Android TV,32 Ratings & 1 Reviews
59,SAMSUNG 163 cm (65 inch) Ultra HD (4K) LED Smart TV,4.34 Ratings & 3 Reviews
60,SONY 163.9 cm (65 inch) Ultra HD (4K) LED Smart Android TV,4.263 Ratings & 15 Reviews
61,SAMSUNG 108 cm (43 inch) Full HD LED TV,"4.31,575 Ratings & 284 Reviews"
62,LG 126 cm (50 inch) Ultra HD (4K) LED Smart TV,"4.11,930 Ratings & 588 Reviews"
63,SAMSUNG 80 cm (32 inch) HD Ready LED Smart TV 2020 Edition with Voice Search,4.1357 Ratings & 96 Reviews
64,SAMSUNG Series 7 138 cm (55 inch) Ultra HD (4K) LED Smart TV,4.1253 Ratings & 86 Reviews
65,Sansui 139 cm (55 inch) Ultra HD (4K) Curved LED Smart TV,"4.31,575 Ratings & 284 Reviews"
66,Micromax 139 cm (55 inch) Full HD LED TV,4.69 Ratings & 1 Reviews
67,TOSHIBA U50 Series 126 cm (50 inch) Ultra HD (4K) LED Smart TV with Dolby Vision & ATMOS,4.459 Ratings & 14 Reviews
68,CloudWalker 139 cm (55 inch) Ultra HD (4K) LED Smart TV,"4.431,685 Ratings & 2,963 Reviews"
69,Panasonic 109 cm (43 inch) Full HD LED Smart TV,4.84 Ratings & 1 Reviews
70,CloudWalker Cloud TV 165 cm (65 inch) Ultra HD (4K) LED Smart TV,4.640 Ratings & 6 Reviews
71,TOSHIBA U50 Series 139 cm (55 inch) Ultra HD (4K) LED Smart TV with Dolby Vision & ATMOS,4.2190 Ratings & 49 Reviews
72,LG 165.1 cm (65 inch) Ultra HD (4K) LED Smart TV,"4.42,440 Ratings & 265 Reviews"
73,SAMSUNG R5570 108 cm (43 inch) Full HD LED Smart TV,4.443 Ratings & 8 Reviews
74,LG 123 cm (49 inch) Ultra HD (4K) LED Smart TV,4.710 Ratings & 5 Reviews
75,SAMSUNG 80 cm (32 inch) HD Ready LED Smart TV 2020 Edition,4.425 Ratings & 2 Reviews
76,LG 164 cm (65 inch) OLED Ultra HD (4K) Smart TV,4.88 Ratings & 1 Reviews
77,Haier 80 cm (32 inch) HD Ready LED TV,4.2636 Ratings & 135 Reviews
78,Blaupunkt 100 cm (40 inch) Full HD LED TV,4.6170 Ratings & 26 Reviews
79,SAMSUNG 108 cm (43 inch) Full HD LED Smart TV,"4.418,933 Ratings & 2,432 Reviews"
80,SAMSUNG 165 cm (65 inch) QLED Ultra HD (4K) Smart TV,32 Ratings & 1 Reviews
81,Panasonic 123 cm (49 inch) Full HD LED TV,4.34 Ratings & 3 Reviews
82,SONY 163.9 cm (65 inch) Ultra HD (4K) LED Smart Android TV,4.263 Ratings & 15 Reviews
83,SAMSUNG 163 cm (65 inch) Ultra HD (4K) LED Smart TV,"4.31,575 Ratings & 284 Reviews"
84,SONY 163.9 cm (65 inch) Ultra HD (4K) LED Smart Android TV,"4.11,930 Ratings & 588 Reviews"
85,SAMSUNG 108 cm (43 inch) Full HD LED TV,4.1357 Ratings & 96 Reviews
86,LG 126 cm (50 inch) Ultra HD (4K) LED Smart TV,4.1253 Ratings & 86 Reviews
87,SAMSUNG 80 cm (32 inch) HD Ready LED Smart TV 2020 Edition with Voice Search,"4.31,575 Ratings & 284 Reviews"
88,SAMSUNG Series 7 138 cm (55 inch) Ultra HD (4K) LED Smart TV,4.69 Ratings & 1 Reviews
89,Sansui 139 cm (55 inch) Ultra HD (4K) Curved LED Smart TV,4.459 Ratings & 14 Reviews
90,Micromax 139 cm (55 inch) Full HD LED TV,"4.431,685 Ratings & 2,963 Reviews"
91,TOSHIBA U50 Series 126 cm (50 inch) Ultra HD (4K) LED Smart TV with Dolby Vision & ATMOS,4.84 Ratings & 1 Reviews
92,CloudWalker 139 cm (55 inch) Ultra HD (4K) LED Smart TV,4.640 Ratings & 6 Reviews
93,Panasonic 109 cm (43 inch) Full HD LED Smart TV,4.2190 Ratings & 49 Reviews
94,CloudWalker Cloud TV 165 cm (65 inch) Ultra HD (4K) LED Smart TV,"4.42,440 Ratings & 265 Reviews"
95,TOSHIBA U50 Series 139 cm (55 inch) Ultra HD (4K) LED Smart TV with Dolby Vision & ATMOS,4.443 Ratings & 8 Reviews
96,LG 165.1 cm (65 inch) Ultra HD (4K) LED Smart TV,4.710 Ratings & 5 Reviews
97,SAMSUNG R5570 108 cm (43 inch) Full HD LED Smart TV,4.425 Ratings & 2 Reviews
98,LG 123 cm (49 inch) Ultra HD (4K) LED Smart TV,4.88 Ratings & 1 Reviews
99,SAMSUNG 80 cm (32 inch) HD Ready LED Smart TV 2020 Edition,4.2636 Ratings & 135 Reviews
100,LG 164 cm (65 inch) OLED Ultra HD (4K) Smart TV,4.6170 Ratings & 26 Reviews
101,Haier 80 cm (32 inch) HD Ready LED TV,"4.418,933 Ratings & 2,432 Reviews"
102,Blaupunkt 100 cm (40 inch) Full HD LED TV,32 Ratings & 1 Reviews
103,SAMSUNG 108 cm (43 inch) Full HD LED Smart TV,4.34 Ratings & 3 Reviews
104,SAMSUNG 165 cm (65 inch) QLED Ultra HD (4K) Smart TV,4.263 Ratings & 15 Reviews
105,Panasonic 123 cm (49 inch) Full HD LED TV,"4.31,575 Ratings & 284 Reviews"
106,SONY 163.9 cm (65 inch) Ultra HD (4K) LED Smart Android TV,"4.11,930 Ratings & 588 Reviews"
107,SAMSUNG 163 cm (65 inch) Ultra HD (4K) LED Smart TV,4.1357 Ratings & 96 Reviews
108,SONY 163.9 cm (65 inch) Ultra HD (4K) LED Smart Android TV,4.1253 Ratings & 86 Reviews
109,SAMSUNG 108 cm (43 inch) Full HD LED TV,"4.31,575 Ratings & 284 Reviews"
110,LG 126 cm (50 inch) Ultra HD (4K) LED Smart TV,4.69 Ratings & 1 Reviews
111,SAMSUNG 80 cm (32 inch) HD Ready LED Smart TV 2020 Edition with Voice Search,4.459 Ratings & 14 Reviews
112,SAMSUNG Series 7 138 cm (55 inch) Ultra HD (4K) LED Smart TV,"4.431,685 Ratings & 2,963 Reviews"
113,Sansui 139 cm (55 inch) Ultra HD (4K) Curved LED Smart TV,4.84 Ratings & 1 Reviews
114,Micromax 139 cm (55 inch) Full HD LED TV,4.640 Ratings & 6 Reviews
115,TOSHIBA U50 Series 126 cm (50 inch) Ultra HD (4K) LED Smart TV with Dolby Vision & ATMOS,4.2190 Ratings & 49 Reviews
116,CloudWalker 139 cm (55 inch) Ultra HD (4K) LED Smart TV,"4.42,440 Ratings & 265 Reviews"
117,Panasonic 109 cm (43 inch) Full HD LED Smart TV,4.443 Ratings & 8 Reviews
118,CloudWalker Cloud TV 165 cm (65 inch) Ultra HD (4K) LED Smart TV,4.710 Ratings & 5 Reviews
119,TOSHIBA U50 Series 139 cm (55 inch) Ultra HD (4K) LED Smart TV with Dolby Vision & ATMOS,4.425 Ratings & 2 Reviews
120,LG 165.1 cm (65 inch) Ultra HD (4K) LED Smart TV,4.88 Ratings & 1 Reviews
121,SAMSUNG R5570 108 cm (43 inch) Full HD LED Smart TV,4.2636 Ratings & 135 Reviews
122,LG 123 cm (49 inch) Ultra HD (4K) LED Smart TV,4.6170 Ratings & 26 Reviews
123,SAMSUNG 80 cm (32 inch) HD Ready LED Smart TV 2020 Edition,"4.418,933 Ratings & 2,432 Reviews"
124,LG 164 cm (65 inch) OLED Ultra HD (4K) Smart TV,32 Ratings & 1 Reviews
125,Haier 80 cm (32 inch) HD Ready LED TV,4.34 Ratings & 3 Reviews
126,Blaupunkt 100 cm (40 inch) Full HD LED TV,4.263 Ratings & 15 Reviews
127,SAMSUNG 108 cm (43 inch) Full HD LED Smart TV,"4.31,575 Ratings & 284 Reviews"
128,SAMSUNG 165 cm (65 inch) QLED Ultra HD (4K) Smart TV,"4.11,930 Ratings & 588 Reviews"
129,Panasonic 123 cm (49 inch) Full HD LED TV,4.1357 Ratings & 96 Reviews
130,SONY 163.9 cm (65 inch) Ultra HD (4K) LED Smart Android TV,4.1253 Ratings & 86 Reviews
131,SAMSUNG 163 cm (65 inch) Ultra HD (4K) LED Smart TV,"4.31,575 Ratings & 284 Reviews"
132,SONY 163.9 cm (65 inch) Ultra HD (4K) LED Smart Android TV,4.69 Ratings & 1 Reviews
133,SAMSUNG 108 cm (43 inch) Full HD LED TV,4.459 Ratings & 14 Reviews
134,LG 126 cm (50 inch) Ultra HD (4K) LED Smart TV,"4.431,685 Ratings & 2,963 Reviews"
135,SAMSUNG 80 cm (32 inch) HD Ready LED Smart TV 2020 Edition with Voice Search,4.84 Ratings & 1 Reviews
136,SAMSUNG Series 7 138 cm (55 inch) Ultra HD (4K) LED Smart TV,4.640 Ratings & 6 Reviews
137,Sansui 139 cm (55 inch) Ultra HD (4K) Curved LED Smart TV,4.2190 Ratings & 49 Reviews
138,Micromax 139 cm (55 inch) Full HD LED TV,"4.42,440 Ratings & 265 Reviews"
139,TOSHIBA U50 Series 126 cm (50 inch) Ultra HD (4K) LED Smart TV with Dolby Vision & ATMOS,4.443 Ratings & 8 Reviews
140,CloudWalker 139 cm (55 inch) Ultra HD (4K) LED Smart TV,4.710 Ratings & 5 Reviews
141,Panasonic 109 cm (43 inch) Full HD LED Smart TV,4.425 Ratings & 2 Reviews
142,CloudWalker Cloud TV 165 cm (65 inch) Ultra HD (4K) LED Smart TV,4.88 Ratings & 1 Reviews
143,TOSHIBA U50 Series 139 cm (55 inch) Ultra HD (4K) LED Smart TV with Dolby Vision & ATMOS,4.2636 Ratings & 135 Reviews
144,LG 165.1 cm (65 inch) Ultra HD (4K) LED Smart TV,4.6170 Ratings & 26 Reviews
145,SAMSUNG R5570 108 cm (43 inch) Full HD LED Smart TV,"4.418,933 Ratings & 2,432 Reviews"
146,LG 123 cm (49 inch) Ultra HD (4K) LED Smart TV,32 Ratings & 1 Reviews
147,SAMSUNG 80 cm (32 inch) HD Ready LED Smart TV 2020 Edition,4.34 Ratings & 3 Reviews
148,LG 164 cm (65 inch) OLED Ultra HD (4K) Smart TV,4.263 Ratings & 15 Reviews
149,Haier 80 cm (32 inch) HD Ready LED TV,"4.31,575 Ratings & 284 Reviews"
150,Blaupunkt 100 cm (40 inch) Full HD LED TV,"4.11,930 Ratings & 588 Reviews"
151,SAMSUNG 108 cm (43 inch) Full HD LED Smart TV,4.1357 Ratings & 96 Reviews
152,SAMSUNG 165 cm (65 inch) QLED Ultra HD (4K) Smart TV,4.1253 Ratings & 86 Reviews
153,Panasonic 123 cm (49 inch) Full HD LED TV,"4.31,575 Ratings & 284 Reviews"
154,SONY 163.9 cm (65 inch) Ultra HD (4K) LED Smart Android TV,4.69 Ratings & 1 Reviews
155,SAMSUNG 163 cm (65 inch) Ultra HD (4K) LED Smart TV,4.459 Ratings & 14 Reviews
156,SONY 163.9 cm (65 inch) Ultra HD (4K) LED Smart Android TV,"4.431,685 Ratings & 2,963 Reviews"
157,SAMSUNG 108 cm (43 inch) Full HD LED TV,4.84 Ratings & 1 Reviews
158,LG 126 cm (50 inch) Ultra HD (4K) LED Smart TV,4.640 Ratings & 6 Reviews
159,SAMSUNG 80 cm (32 inch) HD Ready LED Smart TV 2020 Edition with Voice Search,4.2190 Ratings & 49 Reviews
160,SAMSUNG Series 7 138 cm (55 inch) Ultra HD (4K) LED Smart TV,"4.42,440 Ratings & 265 Reviews"
161,Sansui 139 cm (55 inch) Ultra HD (4K) Curved LED Smart TV,4.443 Ratings & 8 Reviews
162,Micromax 139 cm (55 inch) Full HD LED TV,4.710 Ratings & 5 Reviews
163,TOSHIBA U50 Series 126 cm (50 inch) Ultra HD (4K) LED Smart TV with Dolby Vision & ATMOS,4.425 Ratings & 2 Reviews
164,CloudWalker 139 cm (55 inch) Ultra HD (4K) LED Smart TV,4.88 Ratings & 1 Reviews
165,Panasonic 109 cm (43 inch) Full HD LED Smart TV,4.2636 Ratings & 135 Reviews
166,CloudWalker Cloud TV 165 cm (65 inch) Ultra HD (4K) LED Smart TV,4.6170 Ratings & 26 Reviews
167,TOSHIBA U50 Series 139 cm (55 inch) Ultra HD (4K) LED Smart TV with Dolby Vision & ATMOS,"4.418,933 Ratings & 2,432 Reviews"
168,LG 165.1 cm (65 inch) Ultra HD (4K) LED Smart TV,32 Ratings & 1 Reviews
169,SAMSUNG R5570 108 cm (43 inch) Full HD LED Smart TV,4.34 Ratings & 3 Reviews
170,LG 123 cm (49 inch) Ultra HD (4K) LED Smart TV,4.263 Ratings & 15 Reviews
171,SAMSUNG 80 cm (32 inch) HD Ready LED Smart TV 2020 Edition,"4.31,575 Ratings & 284 Reviews"
172,LG 164 cm (65 inch) OLED Ultra HD (4K) Smart TV,"4.11,930 Ratings & 588 Reviews"
173,Haier 80 cm (32 inch) HD Ready LED TV,4.1357 Ratings & 96 Reviews
174,Blaupunkt 100 cm (40 inch) Full HD LED TV,4.1253 Ratings & 86 Reviews
175,SAMSUNG 108 cm (43 inch) Full HD LED Smart TV,"4.31,575 Ratings & 284 Reviews"
176,SAMSUNG 165 cm (65 inch) QLED Ultra HD (4K) Smart TV,4.69 Ratings & 1 Reviews
177,Panasonic 123 cm (49 inch) Full HD LED TV,4.459 Ratings & 14 Reviews
178,SONY 163.9 cm (65 inch) Ultra HD (4K) LED Smart Android TV,"4.431,685 Ratings & 2,963 Reviews"
179,SAMSUNG 163 cm (65 inch) Ultra HD (4K) LED Smart TV,4.84 Ratings & 1 Reviews
180,SONY 163.9 cm (65 inch) Ultra HD (4K) LED Smart Android TV,4.640 Ratings & 6 Reviews
181,SAMSUNG 108 cm (43 inch) Full HD LED TV,4.2190 Ratings & 49 Reviews
182,LG 126 cm (50 inch) Ultra HD (4K) LED Smart TV,"4.42,440 Ratings & 265 Reviews"
183,SAMSUNG 80 cm (32 inch) HD Ready LED Smart TV 2020 Edition with Voice Search,4.443 Ratings & 8 Reviews
184,SAMSUNG Series 7 138 cm (55 inch) Ultra HD (4K) LED Smart TV,4.710 Ratings & 5 Reviews
185,Sansui 139 cm (55 inch) Ultra HD (4K) Curved LED Smart TV,4.425 Ratings & 2 Reviews
186,Micromax 139 cm (55 inch) Full HD LED TV,4.88 Ratings & 1 Reviews
187,TOSHIBA U50 Series 126 cm (50 inch) Ultra HD (4K) LED Smart TV with Dolby Vision & ATMOS,4.2636 Ratings & 135 Reviews
188,CloudWalker 139 cm (55 inch) Ultra HD (4K) LED Smart TV,4.6170 Ratings & 26 Reviews
189,Panasonic 109 cm (43 inch) Full HD LED Smart TV,"4.418,933 Ratings & 2,432 Reviews"
190,CloudWalker Cloud TV 165 cm (65 inch) Ultra HD (4K) LED Smart TV,32 Ratings & 1 Reviews
191,TOSHIBA U50 Series 139 cm (55 inch) Ultra HD (4K) LED Smart TV with Dolby Vision & ATMOS,4.34 Ratings & 3 Reviews
192,LG 165.1 cm (65 inch) Ultra HD (4K) LED Smart TV,4.263 Ratings & 15 Reviews
193,SAMSUNG R5570 108 cm (43 inch) Full HD LED Smart TV,"4.31,575 Ratings & 284 Reviews"
194,LG 123 cm (49 inch) Ultra HD (4K) LED Smart TV,"4.11,930 Ratings & 588 Reviews"
195,SAMSUNG 80 cm (32 inch) HD Ready LED Smart TV 2020 Edition,4.1357 Ratings & 96 Reviews
196,LG 164 cm (65 inch) OLED Ultra HD (4K) Smart TV,4.1253 Ratings & 86 Reviews
197,Haier 80 cm (32 inch) HD Ready LED TV,"4.31,575 Ratings & 284 Reviews"
198,Blaupunkt 100 cm (40 inch) Full HD LED TV,4.69 Ratings & 1 Reviews
199,SAMSUNG 108 cm (43 inch) Full HD LED Smart TV,4.459 Ratings & 14 Reviews
200,SAMSUNG 165 cm (65 inch) QLED Ultra HD (4K) Smart TV,"4.431,685 Ratings & 2,963 Reviews"
201,Panasonic 123 cm (49 inch) Full HD LED TV,4.84 Ratings & 1 Reviews
202,SONY 163.9 cm (65 inch) Ultra HD (4K) LED Smart Android TV,4.640 Ratings & 6 Reviews
203,SAMSUNG 163 cm (65 inch) Ultra HD (4K) LED Smart TV,4.2190 Ratings & 49 Reviews
204,SONY 163.9 cm (65 inch) Ultra HD (4K) LED Smart Android TV,"4.42,440 Ratings & 265 Reviews"
205,SAMSUNG 108 cm (43 inch) Full HD LED TV,4.443 Ratings & 8 Reviews
206,LG 126 cm (50 inch) Ultra HD (4K) LED Smart TV,4.710 Ratings & 5 Reviews
207,SAMSUNG 80 cm (32 inch) HD Ready LED Smart TV 2020 Edition with Voice Search,4.425 Ratings & 2 Reviews
208,SAMSUNG Series 7 138 cm (55 inch) Ultra HD (4K) LED Smart TV,4.88 Ratings & 1 Reviews
209,Sansui 139 cm (55 inch) Ultra HD (4K) Curved LED Smart TV,4.2636 Ratings & 135 Reviews
210,Micromax 139 cm (55 inch) Full HD LED TV,4.6170 Ratings & 26 Reviews
211,TOSHIBA U50 Series 126 cm (50 inch) Ultra HD (4K) LED Smart TV with Dolby Vision & ATMOS,"4.418,933 Ratings & 2,432 Reviews"
212,CloudWalker 139 cm (55 inch) Ultra HD (4K) LED Smart TV,32 Ratings & 1 Reviews
213,Panasonic 109 cm (43 inch) Full HD LED Smart TV,4.34 Ratings & 3 Reviews
214,CloudWalker Cloud TV 165 cm (65 inch) Ultra HD (4K) LED Smart TV,4.263 Ratings & 15 Reviews
215,TOSHIBA U50 Series 139 cm (55 inch) Ultra HD (4K) LED Smart TV with Dolby Vision & ATMOS,"4.31,575 Ratings & 284 Reviews"
216,LG 165.1 cm (65 inch) Ultra HD (4K) LED Smart TV,"4.11,930 Ratings & 588 Reviews"
217,SAMSUNG R5570 108 cm (43 inch) Full HD LED Smart TV,4.1357 Ratings & 96 Reviews
218,LG 123 cm (49 inch) Ultra HD (4K) LED Smart TV,4.1253 Ratings & 86 Reviews
219,SAMSUNG 80 cm (32 inch) HD Ready LED Smart TV 2020 Edition,"4.31,575 Ratings & 284 Reviews"
220,LG 164 cm (65 inch) OLED Ultra HD (4K) Smart TV,4.69 Ratings & 1 Reviews
221,Haier 80 cm (32 inch) HD Ready LED TV,4.459 Ratings & 14 Reviews
222,Blaupunkt 100 cm (40 inch) Full HD LED TV,"4.431,685 Ratings & 2,963 Reviews"
223,SAMSUNG 108 cm (43 inch) Full HD LED Smart TV,4.84 Ratings & 1 Reviews
224,SAMSUNG 165 cm (65 inch) QLED Ultra HD (4K) Smart TV,4.640 Ratings & 6 Reviews
225,Panasonic 123 cm (49 inch) Full HD LED TV,4.2190 Ratings & 49 Reviews
226,SONY 163.9 cm (65 inch) Ultra HD (4K) LED Smart Android TV,"4.42,440 Ratings & 265 Reviews"
227,SAMSUNG 163 cm (65 inch) Ultra HD (4K) LED Smart TV,4.443 Ratings & 8 Reviews
228,SONY 163.9 cm (65 inch) Ultra HD (4K) LED Smart Android TV,4.710 Ratings & 5 Reviews
229,SAMSUNG 108 cm (43 inch) Full HD LED TV,4.425 Ratings & 2 Reviews
230,LG 126 cm (50 inch) Ultra HD (4K) LED Smart TV,4.88 Ratings & 1 Reviews
231,SAMSUNG 80 cm (32 inch) HD Ready LED Smart TV 2020 Edition with Voice Search,4.2636 Ratings & 135 Reviews
232,SAMSUNG Series 7 138 cm (55 inch) Ultra HD (4K) LED Smart TV,4.6170 Ratings & 26 Reviews
233,Sansui 139 cm (55 inch) Ultra HD (4K) Curved LED Smart TV,"4.418,933 Ratings & 2,432 Reviews"
234,Micromax 139 cm (55 inch) Full HD LED TV,32 Ratings & 1 Reviews
235,TOSHIBA U50 Series 126 cm (50 inch) Ultra HD (4K) LED Smart TV with Dolby Vision & ATMOS,4.34 Ratings & 3 Reviews
236,CloudWalker 139 cm (55 inch) Ultra HD (4K) LED Smart TV,4.263 Ratings & 15 Reviews
237,Panasonic 109 cm (43 inch) Full HD LED Smart TV,"4.31,575 Ratings & 284 Reviews"
238,CloudWalker Cloud TV 165 cm (65 inch) Ultra HD (4K) LED Smart TV,"4.11,930 Ratings & 588 Reviews"
239,TOSHIBA U50 Series 139 cm (55 inch) Ultra HD (4K) LED Smart TV with Dolby Vision & ATMOS,4.1357 Ratings & 96 Reviews
240,LG 165.1 cm (65 inch) Ultra HD (4K) LED Smart TV,4.1253 Ratings & 86 Reviews
241,SAMSUNG R5570 108 cm (43 inch) Full HD LED Smart TV,"4.31,575 Ratings & 284 Reviews"
242,LG 123 cm (49 inch) Ultra HD (4K) LED Smart TV,4.69 Ratings & 1 Reviews
243,SAMSUNG 80 cm (32 inch) HD Ready LED Smart TV 2020 Edition,4.459 Ratings & 14 Reviews
244,LG 164 cm (65 inch) OLED Ultra HD (4K) Smart TV,"4.431,685 Ratings & 2,963 Reviews"
245,Haier 80 cm (32 inch) HD Ready LED TV,4.84 Ratings & 1 Reviews
246,Blaupunkt 100 cm (40 inch) Full HD LED TV,4.640 Ratings & 6 Reviews
247,SAMSUNG 108 cm (43 inch) Full HD LED Smart TV,4.2190 Ratings & 49 Reviews
248,SAMSUNG 165 cm (65 inch) QLED Ultra HD (4K) Smart TV,"4.42,440 Ratings & 265 Reviews"
249,Panasonic 123 cm (49 inch) Full HD LED TV,4.443 Ratings & 8 Reviews
250,SONY 163.9 cm (65 inch) Ultra HD (4K) LED Smart Android TV,4.710 Ratings & 5 Reviews
251,SAMSUNG 163 cm (65 inch) Ultra HD (4K) LED Smart TV,4.425 Ratings & 2 Reviews
252,SONY 163.9 cm (65 inch) Ultra HD (4K) LED Smart Android TV,4.88 Ratings & 1 Reviews
253,SAMSUNG 108 cm (43 inch) Full HD LED TV,4.2636 Ratings & 135 Reviews
254,LG 126 cm (50 inch) Ultra HD (4K) LED Smart TV,4.6170 Ratings & 26 Reviews
255,SAMSUNG 80 cm (32 inch) HD Ready LED Smart TV 2020 Edition with Voice Search,"4.418,933 Ratings & 2,432 Reviews"
256,SAMSUNG Series 7 138 cm (55 inch) Ultra HD (4K) LED Smart TV,32 Ratings & 1 Reviews
257,Sansui 139 cm (55 inch) Ultra HD (4K) Curved LED Smart TV,4.34 Ratings & 3 Reviews
258,Micromax 139 cm (55 inch) Full HD LED TV,4.263 Ratings & 15 Reviews
259,TOSHIBA U50 Series 126 cm (50 inch) Ultra HD (4K) LED Smart TV with Dolby Vision & ATMOS,"4.31,575 Ratings & 284 Reviews"
260,CloudWalker 139 cm (55 inch) Ultra HD (4K) LED Smart TV,"4.11,930 Ratings & 588 Reviews"
261,Panasonic 109 cm (43 inch) Full HD LED Smart TV,4.1357 Ratings & 96 Reviews
262,CloudWalker Cloud TV 165 cm (65 inch) Ultra HD (4K) LED Smart TV,4.1253 Ratings & 86 Reviews
263,TOSHIBA U50 Series 139 cm (55 inch) Ultra HD (4K) LED Smart TV with Dolby Vision & ATMOS,"4.31,575 Ratings & 284 Reviews"
264,LG 165.1 cm (65 inch) Ultra HD (4K) LED Smart TV,4.69 Ratings & 1 Reviews
265,SAMSUNG R5570 108 cm (43 inch) Full HD LED Smart TV,4.459 Ratings & 14 Reviews
266,LG 123 cm (49 inch) Ultra HD (4K) LED Smart TV,"4.431,685 Ratings & 2,963 Reviews"
267,SAMSUNG 80 cm (32 inch) HD Ready LED Smart TV 2020 Edition,4.84 Ratings & 1 Reviews
268,LG 164 cm (65 inch) OLED Ultra HD (4K) Smart TV,4.640 Ratings & 6 Reviews
269,Haier 80 cm (32 inch) HD Ready LED TV,4.2190 Ratings & 49 Reviews
270,Blaupunkt 100 cm (40 inch) Full HD LED TV,"4.42,440 Ratings & 265 Reviews"
271,SAMSUNG 108 cm (43 inch) Full HD LED Smart TV,4.443 Ratings & 8 Reviews
272,SAMSUNG 165 cm (65 inch) QLED Ultra HD (4K) Smart TV,4.710 Ratings & 5 Reviews
273,Panasonic 123 cm (49 inch) Full HD LED TV,4.425 Ratings & 2 Reviews
274,SONY 163.9 cm (65 inch) Ultra HD (4K) LED Smart Android TV,4.88 Ratings & 1 Reviews
275,SAMSUNG 163 cm (65 inch) Ultra HD (4K) LED Smart TV,4.2636 Ratings & 135 Reviews
276,SONY 163.9 cm (65 inch) Ultra HD (4K) LED Smart Android TV,4.6170 Ratings & 26 Reviews
277,SAMSUNG 108 cm (43 inch) Full HD LED TV,"4.418,933 Ratings & 2,432 Reviews"
278,LG 126 cm (50 inch) Ultra HD (4K) LED Smart TV,32 Ratings & 1 Reviews
279,SAMSUNG 80 cm (32 inch) HD Ready LED Smart TV 2020 Edition with Voice Search,4.34 Ratings & 3 Reviews
280,SAMSUNG Series 7 138 cm (55 inch) Ultra HD (4K) LED Smart TV,4.263 Ratings & 15 Reviews
281,Sansui 139 cm (55 inch) Ultra HD (4K) Curved LED Smart TV,"4.31,575 Ratings & 284 Reviews"
282,Micromax 139 cm (55 inch) Full HD LED TV,"4.11,930 Ratings & 588 Reviews"
283,TOSHIBA U50 Series 126 cm (50 inch) Ultra HD (4K) LED Smart TV with Dolby Vision & ATMOS,4.1357 Ratings & 96 Reviews
284,CloudWalker 139 cm (55 inch) Ultra HD (4K) LED Smart TV,4.1253 Ratings & 86 Reviews
285,Panasonic 109 cm (43 inch) Full HD LED Smart TV,"4.31,575 Ratings & 284 Reviews"
286,CloudWalker Cloud TV 165 cm (65 inch) Ultra HD (4K) LED Smart TV,4.69 Ratings & 1 Reviews
287,TOSHIBA U50 Series 139 cm (55 inch) Ultra HD (4K) LED Smart TV with Dolby Vision & ATMOS,4.459 Ratings & 14 Reviews
288,LG 165.1 cm (65 inch) Ultra HD (4K) LED Smart TV,"4.431,685 Ratings & 2,963 Reviews"
289,SAMSUNG R5570 108 cm (43 inch) Full HD LED Smart TV,4.84 Ratings & 1 Reviews
290,LG 123 cm (49 inch) Ultra HD (4K) LED Smart TV,4.640 Ratings & 6 Reviews
291,SAMSUNG 80 cm (32 inch) HD Ready LED Smart TV 2020 Edition,4.2190 Ratings & 49 Reviews
292,LG 164 cm (65 inch) OLED Ultra HD (4K) Smart TV,"4.42,440 Ratings & 265 Reviews"
293,Haier 80 cm (32 inch) HD Ready LED TV,4.443 Ratings & 8 Reviews
294,Blaupunkt 100 cm (40 inch) Full HD LED TV,4.710 Ratings & 5 Reviews
295,SAMSUNG 108 cm (43 inch) Full HD LED Smart TV,4.425 Ratings & 2 Reviews
296,SAMSUNG 165 cm (65 inch) QLED Ultra HD (4K) Smart TV,4.88 Ratings & 1 Reviews
297,Panasonic 123 cm (49 inch) Full HD LED TV,4.2636 Ratings & 135 Reviews
298,SONY 163.9 cm (65 inch) Ultra HD (4K) LED Smart Android TV,4.6170 Ratings & 26 Reviews
299,SAMSUNG 163 cm (65 inch) Ultra HD (4K) LED Smart TV,"4.418,933 Ratings & 2,432 Reviews"
300,SONY 163.9 cm (65 inch) Ultra HD (4K) LED Smart Android TV,32 Ratings & 1 Reviews
301,SAMSUNG 108 cm (43 inch) Full HD LED TV,4.34 Ratings & 3 Reviews
302,LG 126 cm (50 inch) Ultra HD (4K) LED Smart TV,4.263 Ratings & 15 Reviews
303,SAMSUNG 80 cm (32 inch) HD Ready LED Smart TV 2020 Edition with Voice Search,"4.31,575 Ratings & 284 Reviews"
304,SAMSUNG Series 7 138 cm (55 inch) Ultra HD (4K) LED Smart TV,"4.11,930 Ratings & 588 Reviews"
305,Sansui 139 cm (55 inch) Ultra HD (4K) Curved LED Smart TV,4.1357 Ratings & 96 Reviews
306,Micromax 139 cm (55 inch) Full HD LED TV,4.1253 Ratings & 86 Reviews
307,TOSHIBA U50 Series 126 cm (50 inch) Ultra HD (4K) LED Smart TV with Dolby Vision & ATMOS,"4.31,575 Ratings & 284 Reviews"
308,CloudWalker 139 cm (55 inch) Ultra HD (4K) LED Smart TV,4.69 Ratings & 1 Reviews
309,Panasonic 109 cm (43 inch) Full HD LED Smart TV,4.459 Ratings & 14 Reviews
310,CloudWalker Cloud TV 165 cm (65 inch) Ultra HD (4K) LED Smart TV,"4.431,685 Ratings & 2,963 Reviews"
311,TOSHIBA U50 Series 139 cm (55 inch) Ultra HD (4K) LED Smart TV with Dolby Vision & ATMOS,4.84 Ratings & 1 Reviews
312,LG 165.1 cm (65 inch) Ultra HD (4K) LED Smart TV,4.640 Ratings & 6 Reviews
313,SAMSUNG R5570 108 cm (43 inch) Full HD LED Smart TV,4.2190 Ratings & 49 Reviews
314,LG 123 cm (49 inch) Ultra HD (4K) LED Smart TV,"4.42,440 Ratings & 265 Reviews"
315,SAMSUNG 80 cm (32 inch) HD Ready LED Smart TV 2020 Edition,4.443 Ratings & 8 Reviews
316,LG 164 cm (65 inch) OLED Ultra HD (4K) Smart TV,4.710 Ratings & 5 Reviews
317,Haier 80 cm (32 inch) HD Ready LED TV,4.425 Ratings & 2 Reviews
318,Blaupunkt 100 cm (40 inch) Full HD LED TV,4.88 Ratings & 1 Reviews
319,SAMSUNG 108 cm (43 inch) Full HD LED Smart TV,4.2636 Ratings & 135 Reviews
320,SAMSUNG 165 cm (65 inch) QLED Ultra HD (4K) Smart TV,4.6170 Ratings & 26 Reviews
321,Panasonic 123 cm (49 inch) Full HD LED TV,"4.418,933 Ratings & 2,432 Reviews"
322,SONY 163.9 cm (65 inch) Ultra HD (4K) LED Smart Android TV,32 Ratings & 1 Reviews
323,SAMSUNG 163 cm (65 inch) Ultra HD (4K) LED Smart TV,4.34 Ratings & 3 Reviews
324,SONY 163.9 cm (65 inch) Ultra HD (4K) LED Smart Android TV,4.263 Ratings & 15 Reviews
325,SAMSUNG 108 cm (43 inch) Full HD LED TV,"4.31,575 Ratings & 284 Reviews"
326,LG 126 cm (50 inch) Ultra HD (4K) LED Smart TV,"4.11,930 Ratings & 588 Reviews"
327,SAMSUNG 80 cm (32 inch) HD Ready LED Smart TV 2020 Edition with Voice Search,4.1357 Ratings & 96 Reviews
328,SAMSUNG Series 7 138 cm (55 inch) Ultra HD (4K) LED Smart TV,4.1253 Ratings & 86 Reviews
329,Sansui 139 cm (55 inch) Ultra HD (4K) Curved LED Smart TV,"4.31,575 Ratings & 284 Reviews"
330,Micromax 139 cm (55 inch) Full HD LED TV,4.69 Ratings & 1 Reviews
331,TOSHIBA U50 Series 126 cm (50 inch) Ultra HD (4K) LED Smart TV with Dolby Vision & ATMOS,4.459 Ratings & 14 Reviews
332,CloudWalker 139 cm (55 inch) Ultra HD (4K) LED Smart TV,"4.431,685 Ratings & 2,963 Reviews"
333,Panasonic 109 cm (43 inch) Full HD LED Smart TV,4.84 Ratings & 1 Reviews
334,CloudWalker Cloud TV 165 cm (65 inch) Ultra HD (4K) LED Smart TV,4.640 Ratings & 6 Reviews
335,TOSHIBA U50 Series 139 cm (55 inch) Ultra HD (4K) LED Smart TV with Dolby Vision & ATMOS,4.2190 Ratings & 49 Reviews
336,LG 165.1 cm (65 inch) Ultra HD (4K) LED Smart TV,"4.42,440 Ratings & 265 Reviews"
337,SAMSUNG R5570 108 cm (43 inch) Full HD LED Smart TV,4.443 Ratings & 8 Reviews
338,LG 123 cm (49 inch) Ultra HD (4K) LED Smart TV,4.710 Ratings & 5 Reviews
339,SAMSUNG 80 cm (32 inch) HD Ready LED Smart TV 2020 Edition,4.425 Ratings & 2 Reviews
340,LG 164 cm (65 inch) OLED Ultra HD (4K) Smart TV,4.88 Ratings & 1 Reviews
341,Haier 80 cm (32 inch) HD Ready LED TV,4.2636 Ratings & 135 Reviews
342,Blaupunkt 100 cm (40 inch) Full HD LED TV,4.6170 Ratings & 26 Reviews
343,SAMSUNG 108 cm (43 inch) Full HD LED Smart TV,"4.418,933 Ratings & 2,432 Reviews"
344,SAMSUNG 165 cm (65 inch) QLED Ultra HD (4K) Smart TV,32 Ratings & 1 Reviews
345,Panasonic 123 cm (49 inch) Full HD LED TV,4.34 Ratings & 3 Reviews
346,SONY 163.9 cm (65 inch) Ultra HD (4K) LED Smart Android TV,4.263 Ratings & 15 Reviews
347,SAMSUNG 163 cm (65 inch) Ultra HD (4K) LED Smart TV,"4.31,575 Ratings & 284 Reviews"
348,SONY 163.9 cm (65 inch) Ultra HD (4K) LED Smart Android TV,"4.11,930 Ratings & 588 Reviews"
349,SAMSUNG 108 cm (43 inch) Full HD LED TV,4.1357 Ratings & 96 Reviews
350,LG 126 cm (50 inch) Ultra HD (4K) LED Smart TV,4.1253 Ratings & 86 Reviews
351,SAMSUNG 80 cm (32 inch) HD Ready LED Smart TV 2020 Edition with Voice Search,"4.31,575 Ratings & 284 Reviews"
352,SAMSUNG Series 7 138 cm (55 inch) Ultra HD (4K) LED Smart TV,4.69 Ratings & 1 Reviews
353,Sansui 139 cm (55 inch) Ultra HD (4K) Curved LED Smart TV,4.459 Ratings & 14 Reviews
354,Micromax 139 cm (55 inch) Full HD LED TV,"4.431,685 Ratings & 2,963 Reviews"
355,TOSHIBA U50 Series 126 cm (50 inch) Ultra HD (4K) LED Smart TV with Dolby Vision & ATMOS,4.84 Ratings & 1 Reviews
356,CloudWalker 139 cm (55 inch) Ultra HD (4K) LED Smart TV,4.640 Ratings & 6 Reviews
357,Panasonic 109 cm (43 inch) Full HD LED Smart TV,4.2190 Ratings & 49 Reviews
358,CloudWalker Cloud TV 165 cm (65 inch) Ultra HD (4K) LED Smart TV,"4.42,440 Ratings & 265 Reviews"
359,TOSHIBA U50 Series 139 cm (55 inch) Ultra HD (4K) LED Smart TV with Dolby Vision & ATMOS,4.443 Ratings & 8 Reviews
360,LG 165.1 cm (65 inch) Ultra HD (4K) LED Smart TV,4.710 Ratings & 5 Reviews
361,SAMSUNG R5570 108 cm (43 inch) Full HD LED Smart TV,4.425 Ratings & 2 Reviews
362,LG 123 cm (49 inch) Ultra HD (4K) LED Smart TV,4.88 Ratings & 1 Reviews
363,SAMSUNG 80 cm (32 inch) HD Ready LED Smart TV 2020 Edition,4.2636 Ratings & 135 Reviews
364,LG 164 cm (65 inch) OLED Ultra HD (4K) Smart TV,4.6170 Ratings & 26 Reviews
365,Haier 80 cm (32 inch) HD Ready LED TV,"4.418,933 Ratings & 2,432 Reviews"
366,Blaupunkt 100 cm (40 inch) Full HD LED TV,32 Ratings & 1 Reviews
367,SAMSUNG 108 cm (43 inch) Full HD LED Smart TV,4.34 Ratings & 3 Reviews
368,SAMSUNG 165 cm (65 inch) QLED Ultra HD (4K) Smart TV,4.263 Ratings & 15 Reviews
369,Panasonic 123 cm (49 inch) Full HD LED TV,"4.31,575 Ratings & 284 Reviews"
370,SONY 163.9 cm (65 inch) Ultra HD (4K) LED Smart Android TV,"4.11,930 Ratings & 588 Reviews"
371,SAMSUNG 163 cm (65 inch) Ultra HD (4K) LED Smart TV,4.1357 Ratings & 96 Reviews
372,SONY 163.9 cm (65 inch) Ultra HD (4K) LED Smart Android TV,4.1253 Ratings & 86 Reviews
373,SAMSUNG 108 cm (43 inch) Full HD LED TV,"4.31,575 Ratings & 284 Reviews"
374,LG 126 cm (50 inch) Ultra HD (4K) LED Smart TV,4.69 Ratings & 1 Reviews
375,SAMSUNG 80 cm (32 inch) HD Ready LED Smart TV 2020 Edition with Voice Search,4.459 Ratings & 14 Reviews
376,SAMSUNG Series 7 138 cm (55 inch) Ultra HD (4K) LED Smart TV,"4.431,685 Ratings & 2,963 Reviews"
377,Sansui 139 cm (55 inch) Ultra HD (4K) Curved LED Smart TV,4.84 Ratings & 1 Reviews
378,Micromax 139 cm (55 inch) Full HD LED TV,4.640 Ratings & 6 Reviews
379,TOSHIBA U50 Series 126 cm (50 inch) Ultra HD (4K) LED Smart TV with Dolby Vision & ATMOS,4.2190 Ratings & 49 Reviews
380,CloudWalker 139 cm (55 inch) Ultra HD (4K) LED Smart TV,"4.42,440 Ratings & 265 Reviews"
381,Panasonic 109 cm (43 inch) Full HD LED Smart TV,4.443 Ratings & 8 Reviews
382,CloudWalker Cloud TV 165 cm (65 inch) Ultra HD (4K) LED Smart TV,4.710 Ratings & 5 Reviews
383,TOSHIBA U50 Series 139 cm (55 inch) Ultra HD (4K) LED Smart TV with Dolby Vision & ATMOS,4.425 Ratings & 2 Reviews
384,LG 165.1 cm (65 inch) Ultra HD (4K) LED Smart TV,4.88 Ratings & 1 Reviews
385,SAMSUNG R5570 108 cm (43 inch) Full HD LED Smart TV,4.2636 Ratings & 135 Reviews
386,LG 123 cm (49 inch) Ultra HD (4K) LED Smart TV,4.6170 Ratings & 26 Reviews
387,SAMSUNG 80 cm (32 inch) HD Ready LED Smart TV 2020 Edition,"4.418,933 Ratings & 2,432 Reviews"
388,LG 164 cm (65 inch) OLED Ultra HD (4K) Smart TV,32 Ratings & 1 Reviews
389,Haier 80 cm (32 inch) HD Ready LED TV,4.34 Ratings & 3 Reviews
390,Blaupunkt 100 cm (40 inch) Full HD LED TV,4.263 Ratings & 15 Reviews
391,SAMSUNG 108 cm (43 inch) Full HD LED Smart TV,"4.31,575 Ratings & 284 Reviews"
392,SAMSUNG 165 cm (65 inch) QLED Ultra HD (4K) Smart TV,"4.11,930 Ratings & 588 Reviews"
393,Panasonic 123 cm (49 inch) Full HD LED TV,4.1357 Ratings & 96 Reviews
394,SONY 163.9 cm (65 inch) Ultra HD (4K) LED Smart Android TV,4.1253 Ratings & 86 Reviews
395,SAMSUNG 163 cm (65 inch) Ultra HD (4K) LED Smart TV,"4.31,575 Ratings & 284 Reviews"
396,SONY 163.9 cm (65 inch) Ultra HD (4K) LED Smart Android TV,4.69 Ratings & 1 Reviews
397,SAMSUNG 108 cm (43 inch) Full HD LED TV,4.459 Ratings & 14 Reviews
398,LG 126 cm (50 inch) Ultra HD (4K) LED Smart TV,"4.431,685 Ratings & 2,963 Reviews"
399,SAMSUNG 80 cm (32 inch) HD Ready LED Smart TV 2020 Edition with Voice Search,4.84 Ratings & 1 Reviews
400,SAMSUNG Series 7 138 cm (55 inch) Ultra HD (4K) LED Smart TV,4.640 Ratings & 6 Reviews
401,Sansui 139 cm (55 inch) Ultra HD (4K) Curved LED Smart TV,4.2190 Ratings & 49 Reviews
402,Micromax 139 cm (55 inch) Full HD LED TV,"4.42,440 Ratings & 265 Reviews"
403,TOSHIBA U50 Series 126 cm (50 inch) Ultra HD (4K) LED Smart TV with Dolby Vision & ATMOS,4.443 Ratings & 8 Reviews
404,CloudWalker 139 cm (55 inch) Ultra HD (4K) LED Smart TV,4.710 Ratings & 5 Reviews
405,Panasonic 109 cm (43 inch) Full HD LED Smart TV,4.425 Ratings & 2 Reviews
406,CloudWalker Cloud TV 165 cm (65 inch) Ultra HD (4K) LED Smart TV,4.88 Ratings & 1 Reviews
407,TOSHIBA U50 Series 139 cm (55 inch) Ultra HD (4K) LED Smart TV with Dolby Vision & ATMOS,4.2636 Ratings & 135 Reviews
408,LG 165.1 cm (65 inch) Ultra HD (4K) LED Smart TV,4.6170 Ratings & 26 Reviews
409,SAMSUNG R5570 108 cm (43 inch) Full HD LED Smart TV,"4.418,933 Ratings & 2,432 Reviews"
410,LG 123 cm (49 inch) Ultra HD (4K) LED Smart TV,32 Ratings & 1 Reviews
411,SAMSUNG 80 cm (32 inch) HD Ready LED Smart TV 2020 Edition,4.34 Ratings & 3 Reviews
412,LG 164 cm (65 inch) OLED Ultra HD (4K) Smart TV,4.263 Ratings & 15 Reviews
413,Haier 80 cm (32 inch) HD Ready LED TV,"4.31,575 Ratings & 284 Reviews"
414,Blaupunkt 100 cm (40 inch) Full HD LED TV,"4.11,930 Ratings & 588 Reviews"
415,SAMSUNG 108 cm (43 inch) Full HD LED Smart TV,4.1357 Ratings & 96 Reviews
416,SAMSUNG 165 cm (65 inch) QLED Ultra HD (4K) Smart TV,4.1253 Ratings & 86 Reviews
417,Panasonic 123 cm (49 inch) Full HD LED TV,"4.31,575 Ratings & 284 Reviews"
418,SONY 163.9 cm (65 inch) Ultra HD (4K) LED Smart Android TV,4.69 Ratings & 1 Reviews
419,SAMSUNG 163 cm (65 inch) Ultra HD (4K) LED Smart TV,4.459 Ratings & 14 Reviews
420,SONY 163.9 cm (65 inch) Ultra HD (4K) LED Smart Android TV,"4.431,685 Ratings & 2,963 Reviews"
421,SAMSUNG 108 cm (43 inch) Full HD LED TV,4.84 Ratings & 1 Reviews
422,LG 126 cm (50 inch) Ultra HD (4K) LED Smart TV,4.640 Ratings & 6 Reviews
423,SAMSUNG 80 cm (32 inch) HD Ready LED Smart TV 2020 Edition with Voice Search,4.2190 Ratings & 49 Reviews
424,SAMSUNG Series 7 138 cm (55 inch) Ultra HD (4K) LED Smart TV,"4.42,440 Ratings & 265 Reviews"
425,Sansui 139 cm (55 inch) Ultra HD (4K) Curved LED Smart TV,4.443 Ratings & 8 Reviews
426,Micromax 139 cm (55 inch) Full HD LED TV,4.710 Ratings & 5 Reviews
427,TOSHIBA U50 Series 126 cm (50 inch) Ultra HD (4K) LED Smart TV with Dolby Vision & ATMOS,4.425 Ratings & 2 Reviews
428,CloudWalker 139 cm (55 inch) Ultra HD (4K) LED Smart TV,4.88 Ratings & 1 Reviews
429,Panasonic 109 cm (43 inch) Full HD LED Smart TV,4.2636 Ratings & 135 Reviews
430,CloudWalker Cloud TV 165 cm (65 inch) Ultra HD (4K) LED Smart TV,4.6170 Ratings & 26 Reviews
431,TOSHIBA U50 Series 139 cm (55 inch) Ultra HD (4K) LED Smart TV with Dolby Vision & ATMOS,"4.418,933 Ratings & 2,432 Reviews"
432,LG 165.1 cm (65 inch) Ultra HD (4K) LED Smart TV,32 Ratings & 1 Reviews
433,SAMSUNG R5570 108 cm (43 inch) Full HD LED Smart TV,4.34 Ratings & 3 Reviews
434,LG 123 cm (49 inch) Ultra HD (4K) LED Smart TV,4.263 Ratings & 15 Reviews
435,SAMSUNG 80 cm (32 inch) HD Ready LED Smart TV 2020 Edition,"4.31,575 Ratings & 284 Reviews"
436,LG 164 cm (65 inch) OLED Ultra HD (4K) Smart TV,"4.11,930 Ratings & 588 Reviews"
437,Haier 80 cm (32 inch) HD Ready LED TV,4.1357 Ratings & 96 Reviews
438,Blaupunkt 100 cm (40 inch) Full HD LED TV,4.1253 Ratings & 86 Reviews
439,SAMSUNG 108 cm (43 inch) Full HD LED Smart TV,"4.31,575 Ratings & 284 Reviews"
